sample_id,family,subgroup,dataset_key,clip_id,label,frame_path
000001,EFS,cdf,DF40_TEST_EFS_cdf,VQGAN+cdf+Fake_from_Celeb-real+id10_0001,fake,datasets/DF40/VQGAN/cdf/Fake_from_Celeb-real/id10_0001/013158.png
000002,EFS,cdf,DF40_TEST_EFS_cdf,StyleGANXL+cdf+Fake_from_Youtube-real+00007,fake,datasets/DF40/StyleGANXL/cdf/Fake_from_Youtube-real/00007/seed18342.png
000003,EFS,cdf,DF40_TEST_EFS_cdf,ddim+cdf+Fake_from_Celeb-real+id44_0001,fake,datasets/DF40/ddim/cdf/Fake_from_Celeb-real/id44_0001/Celeb-real_id4_0001_384.png
000004,EFS,cdf,DF40_TEST_EFS_cdf,sd2.1+cdf+Celeb-real+id55_0000,fake,datasets/DF40/sd2.1/cdf/Celeb-real/id55_0000/YouTube-real_00081_363.png
000005,EFS,cdf,DF40_TEST_EFS_cdf,SiT+cdf+Fake_from_Celeb-real+id1_0000,fake,datasets/DF40/SiT/cdf/Fake_from_Celeb-real/id1_0000/13508.png
000006,EFS,cdf,DF40_TEST_EFS_cdf,VQGAN+cdf+Fake_from_Youtube-real+00168,fake,datasets/DF40/VQGAN/cdf/Fake_from_Youtube-real/00168/003039.png
000007,EFS,cdf,DF40_TEST_EFS_cdf,StyleGAN3+cdf+Fake_from_Youtube-real+00282,fake,datasets/DF40/StyleGAN3/cdf/Fake_from_Youtube-real/00282/seed20058.png
000008,EFS,cdf,DF40_TEST_EFS_cdf,StyleGANXL+cdf+Fake_from_Celeb-real+id51_0000,fake,datasets/DF40/StyleGANXL/cdf/Fake_from_Celeb-real/id51_0000/seed6048.png
000009,EFS,cdf,DF40_TEST_EFS_cdf,DiT+cdf+Fake_from_Celeb-real+id5_0001,fake,datasets/DF40/DiT/cdf/Fake_from_Celeb-real/id5_0001/13761.png
000010,EFS,cdf,DF40_TEST_EFS_cdf,SiT+cdf+Fake_from_Celeb-real+id35_0005,fake,datasets/DF40/SiT/cdf/Fake_from_Celeb-real/id35_0005/4812.png
000011,EFS,cdf,DF40_TEST_EFS_cdf,sd2.1+cdf+Celeb-real+id36_0005,fake,datasets/DF40/sd2.1/cdf/Celeb-real/id36_0005/Celeb-real_id61_0003_338.png
000012,EFS,cdf,DF40_TEST_EFS_cdf,SiT+cdf+Fake_from_Celeb-real+id16_0010,fake,datasets/DF40/SiT/cdf/Fake_from_Celeb-real/id16_0010/17555.png
000013,EFS,cdf,DF40_TEST_EFS_cdf,StyleGAN3+cdf+Fake_from_Celeb-real+id28_0006,fake,datasets/DF40/StyleGAN3/cdf/Fake_from_Celeb-real/id28_0006/seed25885.png
000014,EFS,cdf,DF40_TEST_EFS_cdf,DiT+cdf+Fake_from_Celeb-real+id23_0002,fake,datasets/DF40/DiT/cdf/Fake_from_Celeb-real/id23_0002/4973.png
000015,EFS,cdf,DF40_TEST_EFS_cdf,VQGAN+cdf+Fake_from_Celeb-real+id40_0000,fake,datasets/DF40/VQGAN/cdf/Fake_from_Celeb-real/id40_0000/013712.png
000016,EFS,cdf,DF40_TEST_EFS_cdf,RDDM+cdf+Fake_from_Celeb-real+id24_0006,fake,datasets/DF40/RDDM/cdf/Fake_from_Celeb-real/id24_0006/sample-22364.png
000017,EFS,cdf,DF40_TEST_EFS_cdf,StyleGANXL+cdf+Fake_from_Celeb-real+id35_0009,fake,datasets/DF40/StyleGANXL/cdf/Fake_from_Celeb-real/id35_0009/seed7479.png
000018,EFS,cdf,DF40_TEST_EFS_cdf,ddim+cdf+Fake_from_Celeb-real+id50_0004,fake,datasets/DF40/ddim/cdf/Fake_from_Celeb-real/id50_0004/Celeb-real_id41_0000_049.png
000019,EFS,cdf,DF40_TEST_EFS_cdf,DiT+cdf+Fake_from_Youtube-real+00049,fake,datasets/DF40/DiT/cdf/Fake_from_Youtube-real/00049/4534.png
000020,EFS,cdf,DF40_TEST_EFS_cdf,VQGAN+cdf+Fake_from_Celeb-real+id58_0005,fake,datasets/DF40/VQGAN/cdf/Fake_from_Celeb-real/id58_0005/003828.png
000021,EFS,cdf,DF40_TEST_EFS_cdf,SiT+cdf+Fake_from_Celeb-real+id25_0000,fake,datasets/DF40/SiT/cdf/Fake_from_Celeb-real/id25_0000/12123.png
000022,EFS,cdf,DF40_TEST_EFS_cdf,pixart+cdf+Fake_from_Celeb-real+id34_0001,fake,datasets/DF40/pixart/cdf/Fake_from_Celeb-real/id34_0001/Celeb-real_id54_0009_268.png
000023,EFS,cdf,DF40_TEST_EFS_cdf,ddim+cdf+Fake_from_Celeb-real+id39_0002,fake,datasets/DF40/ddim/cdf/Fake_from_Celeb-real/id39_0002/Celeb-real_id39_0009_291.png
000024,EFS,cdf,DF40_TEST_EFS_cdf,sd2.1+cdf+YouTube-real+00198,fake,datasets/DF40/sd2.1/cdf/YouTube-real/00198/Celeb-real_id61_0006_469.png
000025,EFS,cdf,DF40_TEST_EFS_cdf,sd2.1+cdf+Celeb-real+id60_0004,fake,datasets/DF40/sd2.1/cdf/Celeb-real/id60_0004/Celeb-real_id50_0000_109.png
000026,EFS,cdf,DF40_TEST_EFS_cdf,StyleGANXL+cdf+Fake_from_Youtube-real+00079,fake,datasets/DF40/StyleGANXL/cdf/Fake_from_Youtube-real/00079/seed24808.png
000027,EFS,cdf,DF40_TEST_EFS_cdf,SiT+cdf+Fake_from_Celeb-real+id20_0006,fake,datasets/DF40/SiT/cdf/Fake_from_Celeb-real/id20_0006/10105.png
000028,EFS,cdf,DF40_TEST_EFS_cdf,DiT+cdf+Fake_from_Celeb-real+id44_0001,fake,datasets/DF40/DiT/cdf/Fake_from_Celeb-real/id44_0001/19164.png
000029,EFS,cdf,DF40_TEST_EFS_cdf,RDDM+cdf+Fake_from_Celeb-real+id46_0002,fake,datasets/DF40/RDDM/cdf/Fake_from_Celeb-real/id46_0002/sample-12512.png
000030,EFS,cdf,DF40_TEST_EFS_cdf,ddim+cdf+Fake_from_Celeb-real+id13_0008,fake,datasets/DF40/ddim/cdf/Fake_from_Celeb-real/id13_0008/YouTube-real_00014_267.png
000031,EFS,cdf,DF40_TEST_EFS_cdf,StyleGANXL+cdf+Fake_from_Celeb-real+id23_0002,fake,datasets/DF40/StyleGANXL/cdf/Fake_from_Celeb-real/id23_0002/seed16549.png
000032,EFS,cdf,DF40_TEST_EFS_cdf,VQGAN+cdf+Fake_from_Youtube-real+00286,fake,datasets/DF40/VQGAN/cdf/Fake_from_Youtube-real/00286/007963.png
000033,EFS,cdf,DF40_TEST_EFS_cdf,VQGAN+cdf+Fake_from_Celeb-real+id16_0008,fake,datasets/DF40/VQGAN/cdf/Fake_from_Celeb-real/id16_0008/026498.png
000034,EFS,cdf,DF40_TEST_EFS_cdf,StyleGAN2+cdf+Fake_from_Celeb-real+id40_0006,fake,datasets/DF40/StyleGAN2/cdf/Fake_from_Celeb-real/id40_0006/seed7497.png
000035,EFS,cdf,DF40_TEST_EFS_cdf,StyleGAN2+cdf+Fake_from_Celeb-real+id32_0003,fake,datasets/DF40/StyleGAN2/cdf/Fake_from_Celeb-real/id32_0003/seed7352.png
000036,EFS,cdf,DF40_TEST_EFS_cdf,SiT+cdf+Fake_from_Celeb-real+id6_0002,fake,datasets/DF40/SiT/cdf/Fake_from_Celeb-real/id6_0002/26844.png
000037,EFS,cdf,DF40_TEST_EFS_cdf,StyleGAN2+cdf+Fake_from_Celeb-real+id41_0006,fake,datasets/DF40/StyleGAN2/cdf/Fake_from_Celeb-real/id41_0006/seed18522.png
000038,EFS,cdf,DF40_TEST_EFS_cdf,ddim+cdf+Fake_from_Celeb-real+id35_0003,fake,datasets/DF40/ddim/cdf/Fake_from_Celeb-real/id35_0003/Celeb-real_id46_0002_140.png
000039,EFS,cdf,DF40_TEST_EFS_cdf,StyleGAN2+cdf+Fake_from_Celeb-real+id60_0006,fake,datasets/DF40/StyleGAN2/cdf/Fake_from_Celeb-real/id60_0006/seed27478.png
000040,EFS,cdf,DF40_TEST_EFS_cdf,StyleGAN3+cdf+Fake_from_Celeb-real+id26_0002,fake,datasets/DF40/StyleGAN3/cdf/Fake_from_Celeb-real/id26_0002/seed27750.png
000041,EFS,cdf,DF40_TEST_EFS_cdf,VQGAN+cdf+Fake_from_Youtube-real+00225,fake,datasets/DF40/VQGAN/cdf/Fake_from_Youtube-real/00225/009343.png
000042,EFS,cdf,DF40_TEST_EFS_cdf,StyleGAN3+cdf+Fake_from_Celeb-real+id40_0005,fake,datasets/DF40/StyleGAN3/cdf/Fake_from_Celeb-real/id40_0005/seed16791.png
000043,EFS,cdf,DF40_TEST_EFS_cdf,DiT+cdf+Fake_from_Youtube-real+00038,fake,datasets/DF40/DiT/cdf/Fake_from_Youtube-real/00038/21835.png
000044,EFS,cdf,DF40_TEST_EFS_cdf,pixart+cdf+Fake_from_Celeb-real+id60_0002,fake,datasets/DF40/pixart/cdf/Fake_from_Celeb-real/id60_0002/YouTube-real_00168_091.png
000045,EFS,cdf,DF40_TEST_EFS_cdf,StyleGANXL+cdf+Fake_from_Celeb-real+id61_0007,fake,datasets/DF40/StyleGANXL/cdf/Fake_from_Celeb-real/id61_0007/seed20748.png
000046,EFS,cdf,DF40_TEST_EFS_cdf,ddim+cdf+Fake_from_Celeb-real+id59_0006,fake,datasets/DF40/ddim/cdf/Fake_from_Celeb-real/id59_0006/Celeb-real_id29_0009_061.png
000047,EFS,cdf,DF40_TEST_EFS_cdf,pixart+cdf+Fake_from_Youtube-real+00158,fake,datasets/DF40/pixart/cdf/Fake_from_Youtube-real/00158/YouTube-real_00148_147.png
000048,EFS,cdf,DF40_TEST_EFS_cdf,sd2.1+cdf+Celeb-real+id61_0002,fake,datasets/DF40/sd2.1/cdf/Celeb-real/id61_0002/YouTube-real_00265_030.png
000049,EFS,cdf,DF40_TEST_EFS_cdf,StyleGAN2+cdf+Fake_from_Celeb-real+id50_0000,fake,datasets/DF40/StyleGAN2/cdf/Fake_from_Celeb-real/id50_0000/seed11193.png
000050,EFS,cdf,DF40_TEST_EFS_cdf,ddim+cdf+Fake_from_Youtube-real+00104,fake,datasets/DF40/ddim/cdf/Fake_from_Youtube-real/00104/Celeb-real_id2_0005_167.png
000051,EFS,cdf,DF40_TEST_EFS_cdf,RDDM+cdf+Fake_from_Celeb-real+id2_0004,fake,datasets/DF40/RDDM/cdf/Fake_from_Celeb-real/id2_0004/sample-22944.png
000052,EFS,cdf,DF40_TEST_EFS_cdf,ddim+cdf+Fake_from_Celeb-real+id4_0004,fake,datasets/DF40/ddim/cdf/Fake_from_Celeb-real/id4_0004/YouTube-real_00057_330.png
000053,EFS,cdf,DF40_TEST_EFS_cdf,ddim+cdf+Fake_from_Youtube-real+00284,fake,datasets/DF40/ddim/cdf/Fake_from_Youtube-real/00284/Celeb-real_id58_0000_445.png
000054,EFS,cdf,DF40_TEST_EFS_cdf,RDDM+cdf+Fake_from_Celeb-real+id31_0004,fake,datasets/DF40/RDDM/cdf/Fake_from_Celeb-real/id31_0004/sample-7059.png
000055,EFS,cdf,DF40_TEST_EFS_cdf,pixart+cdf+Fake_from_Celeb-real+id23_0003,fake,datasets/DF40/pixart/cdf/Fake_from_Celeb-real/id23_0003/Celeb-real_id48_0001_109.png
000056,EFS,cdf,DF40_TEST_EFS_cdf,VQGAN+cdf+Fake_from_Youtube-real+00209,fake,datasets/DF40/VQGAN/cdf/Fake_from_Youtube-real/00209/013346.png
000057,EFS,cdf,DF40_TEST_EFS_cdf,DiT+cdf+Fake_from_Celeb-real+id11_0001,fake,datasets/DF40/DiT/cdf/Fake_from_Celeb-real/id11_0001/12529.png
000058,EFS,cdf,DF40_TEST_EFS_cdf,StyleGAN2+cdf+Fake_from_Celeb-real+id54_0009,fake,datasets/DF40/StyleGAN2/cdf/Fake_from_Celeb-real/id54_0009/seed10680.png
000059,EFS,cdf,DF40_TEST_EFS_cdf,pixart+cdf+Fake_from_Celeb-real+id53_0006,fake,datasets/DF40/pixart/cdf/Fake_from_Celeb-real/id53_0006/YouTube-real_00003_284.png
000060,EFS,cdf,DF40_TEST_EFS_cdf,SiT+cdf+Fake_from_Celeb-real+id49_0009,fake,datasets/DF40/SiT/cdf/Fake_from_Celeb-real/id49_0009/767.png
000061,EFS,cdf,DF40_TEST_EFS_cdf,StyleGANXL+cdf+Fake_from_Celeb-real+id43_0004,fake,datasets/DF40/StyleGANXL/cdf/Fake_from_Celeb-real/id43_0004/seed13287.png
000062,EFS,cdf,DF40_TEST_EFS_cdf,RDDM+cdf+Fake_from_Celeb-real+id12_0005,fake,datasets/DF40/RDDM/cdf/Fake_from_Celeb-real/id12_0005/sample-11561.png
000063,EFS,cdf,DF40_TEST_EFS_cdf,pixart+cdf+Fake_from_Celeb-real+id20_0009,fake,datasets/DF40/pixart/cdf/Fake_from_Celeb-real/id20_0009/YouTube-real_00188_429.png
000064,EFS,cdf,DF40_TEST_EFS_cdf,SiT+cdf+Fake_from_Youtube-real+00042,fake,datasets/DF40/SiT/cdf/Fake_from_Youtube-real/00042/12046.png
000065,EFS,cdf,DF40_TEST_EFS_cdf,StyleGAN2+cdf+Fake_from_Celeb-real+id52_0009,fake,datasets/DF40/StyleGAN2/cdf/Fake_from_Celeb-real/id52_0009/seed19525.png
000066,EFS,cdf,DF40_TEST_EFS_cdf,pixart+cdf+Fake_from_Celeb-real+id22_0009,fake,datasets/DF40/pixart/cdf/Fake_from_Celeb-real/id22_0009/YouTube-real_00210_472.png
000067,EFS,cdf,DF40_TEST_EFS_cdf,sd2.1+cdf+Celeb-real+id32_0001,fake,datasets/DF40/sd2.1/cdf/Celeb-real/id32_0001/Celeb-real_id27_0003_236.png
000068,EFS,cdf,DF40_TEST_EFS_cdf,pixart+cdf+Fake_from_Celeb-real+id0_0009,fake,datasets/DF40/pixart/cdf/Fake_from_Celeb-real/id0_0009/Celeb-real_id57_0002_251.png
000069,EFS,cdf,DF40_TEST_EFS_cdf,sd2.1+cdf+Celeb-real+id11_0005,fake,datasets/DF40/sd2.1/cdf/Celeb-real/id11_0005/YouTube-real_00281_339.png
000070,EFS,cdf,DF40_TEST_EFS_cdf,DiT+cdf+Fake_from_Celeb-real+id59_0007,fake,datasets/DF40/DiT/cdf/Fake_from_Celeb-real/id59_0007/6039.png
000071,EFS,cdf,DF40_TEST_EFS_cdf,StyleGAN3+cdf+Fake_from_Celeb-real+id61_0002,fake,datasets/DF40/StyleGAN3/cdf/Fake_from_Celeb-real/id61_0002/seed7642.png
000072,EFS,cdf,DF40_TEST_EFS_cdf,StyleGAN3+cdf+Fake_from_Youtube-real+00196,fake,datasets/DF40/StyleGAN3/cdf/Fake_from_Youtube-real/00196/seed5225.png
000073,EFS,cdf,DF40_TEST_EFS_cdf,StyleGANXL+cdf+Fake_from_Youtube-real+00220,fake,datasets/DF40/StyleGANXL/cdf/Fake_from_Youtube-real/00220/seed7468.png
000074,EFS,cdf,DF40_TEST_EFS_cdf,ddim+cdf+Fake_from_Youtube-real+00232,fake,datasets/DF40/ddim/cdf/Fake_from_Youtube-real/00232/Celeb-real_id1_0003_101.png
000075,EFS,cdf,DF40_TEST_EFS_cdf,pixart+cdf+Fake_from_Celeb-real+id24_0004,fake,datasets/DF40/pixart/cdf/Fake_from_Celeb-real/id24_0004/YouTube-real_00177_520.png
000076,EFS,cdf,DF40_TEST_EFS_cdf,StyleGAN2+cdf+Fake_from_Youtube-real+00136,fake,datasets/DF40/StyleGAN2/cdf/Fake_from_Youtube-real/00136/seed20662.png
000077,EFS,cdf,DF40_TEST_EFS_cdf,sd2.1+cdf+Celeb-real+id13_0011,fake,datasets/DF40/sd2.1/cdf/Celeb-real/id13_0011/Celeb-real_id61_0007_268.png
000078,EFS,cdf,DF40_TEST_EFS_cdf,ddim+cdf+Fake_from_Celeb-real+id32_0004,fake,datasets/DF40/ddim/cdf/Fake_from_Celeb-real/id32_0004/Celeb-real_id28_0009_138.png
000079,EFS,cdf,DF40_TEST_EFS_cdf,StyleGAN3+cdf+Fake_from_Youtube-real+00188,fake,datasets/DF40/StyleGAN3/cdf/Fake_from_Youtube-real/00188/seed5919.png
000080,EFS,cdf,DF40_TEST_EFS_cdf,DiT+cdf+Fake_from_Youtube-real+00207,fake,datasets/DF40/DiT/cdf/Fake_from_Youtube-real/00207/2774.png
000081,EFS,cdf,DF40_TEST_EFS_cdf,StyleGANXL+cdf+Fake_from_Youtube-real+00112,fake,datasets/DF40/StyleGANXL/cdf/Fake_from_Youtube-real/00112/seed18218.png
000082,EFS,cdf,DF40_TEST_EFS_cdf,StyleGANXL+cdf+Fake_from_Youtube-real+00042,fake,datasets/DF40/StyleGANXL/cdf/Fake_from_Youtube-real/00042/seed2529.png
000083,EFS,cdf,DF40_TEST_EFS_cdf,sd2.1+cdf+YouTube-real+00196,fake,datasets/DF40/sd2.1/cdf/YouTube-real/00196/Celeb-real_id21_0000_233.png
000084,EFS,cdf,DF40_TEST_EFS_cdf,DiT+cdf+Fake_from_Celeb-real+id28_0002,fake,datasets/DF40/DiT/cdf/Fake_from_Celeb-real/id28_0002/18496.png
000085,EFS,cdf,DF40_TEST_EFS_cdf,pixart+cdf+Fake_from_Celeb-real+id11_0005,fake,datasets/DF40/pixart/cdf/Fake_from_Celeb-real/id11_0005/Celeb-real_id52_0008_372.png
000086,EFS,cdf,DF40_TEST_EFS_cdf,ddim+cdf+Fake_from_Celeb-real+id11_0009,fake,datasets/DF40/ddim/cdf/Fake_from_Celeb-real/id11_0009/Celeb-real_id59_0000_036.png
000087,EFS,cdf,DF40_TEST_EFS_cdf,sd2.1+cdf+YouTube-real+00184,fake,datasets/DF40/sd2.1/cdf/YouTube-real/00184/Celeb-real_id45_0008_165.png
000088,EFS,cdf,DF40_TEST_EFS_cdf,SiT+cdf+Fake_from_Celeb-real+id51_0003,fake,datasets/DF40/SiT/cdf/Fake_from_Celeb-real/id51_0003/22194.png
000089,EFS,cdf,DF40_TEST_EFS_cdf,StyleGAN2+cdf+Fake_from_Celeb-real+id35_0003,fake,datasets/DF40/StyleGAN2/cdf/Fake_from_Celeb-real/id35_0003/seed1663.png
000090,EFS,cdf,DF40_TEST_EFS_cdf,DiT+cdf+Fake_from_Youtube-real+00193,fake,datasets/DF40/DiT/cdf/Fake_from_Youtube-real/00193/12958.png
000091,EFS,cdf,DF40_TEST_EFS_cdf,sd2.1+cdf+Celeb-real+id12_0005,fake,datasets/DF40/sd2.1/cdf/Celeb-real/id12_0005/YouTube-real_00068_107.png
000092,EFS,cdf,DF40_TEST_EFS_cdf,SiT+cdf+Fake_from_Celeb-real+id26_0000,fake,datasets/DF40/SiT/cdf/Fake_from_Celeb-real/id26_0000/11896.png
000093,EFS,cdf,DF40_TEST_EFS_cdf,ddim+cdf+Fake_from_Youtube-real+00211,fake,datasets/DF40/ddim/cdf/Fake_from_Youtube-real/00211/Celeb-real_id31_0003_045.png
000094,EFS,cdf,DF40_TEST_EFS_cdf,ddim+cdf+Fake_from_Youtube-real+00161,fake,datasets/DF40/ddim/cdf/Fake_from_Youtube-real/00161/Celeb-real_id38_0009_075.png
000095,EFS,cdf,DF40_TEST_EFS_cdf,StyleGANXL+cdf+Fake_from_Celeb-real+id34_0002,fake,datasets/DF40/StyleGANXL/cdf/Fake_from_Celeb-real/id34_0002/seed2071.png
000096,EFS,cdf,DF40_TEST_EFS_cdf,sd2.1+cdf+YouTube-real+00211,fake,datasets/DF40/sd2.1/cdf/YouTube-real/00211/Celeb-real_id27_0009_040.png
000097,EFS,cdf,DF40_TEST_EFS_cdf,StyleGAN2+cdf+Fake_from_Celeb-real+id12_0003,fake,datasets/DF40/StyleGAN2/cdf/Fake_from_Celeb-real/id12_0003/seed13806.png
000098,EFS,cdf,DF40_TEST_EFS_cdf,SiT+cdf+Fake_from_Celeb-real+id40_0004,fake,datasets/DF40/SiT/cdf/Fake_from_Celeb-real/id40_0004/17496.png
000099,EFS,cdf,DF40_TEST_EFS_cdf,ddim+cdf+Fake_from_Celeb-real+id51_0001,fake,datasets/DF40/ddim/cdf/Fake_from_Celeb-real/id51_0001/YouTube-real_00279_058.png
000100,EFS,cdf,DF40_TEST_EFS_cdf,ddim+cdf+Fake_from_Youtube-real+00094,fake,datasets/DF40/ddim/cdf/Fake_from_Youtube-real/00094/YouTube-real_00035_324.png
000101,EFS,cdf,DF40_TEST_EFS_cdf,sd2.1+cdf+Celeb-real+id16_0007,fake,datasets/DF40/sd2.1/cdf/Celeb-real/id16_0007/Celeb-real_id36_0003_014.png
000102,EFS,cdf,DF40_TEST_EFS_cdf,DiT+cdf+Fake_from_Celeb-real+id50_0007,fake,datasets/DF40/DiT/cdf/Fake_from_Celeb-real/id50_0007/15187.png
000103,EFS,cdf,DF40_TEST_EFS_cdf,StyleGAN2+cdf+Fake_from_Celeb-real+id37_0004,fake,datasets/DF40/StyleGAN2/cdf/Fake_from_Celeb-real/id37_0004/seed4667.png
000104,EFS,cdf,DF40_TEST_EFS_cdf,StyleGANXL+cdf+Fake_from_Celeb-real+id20_0003,fake,datasets/DF40/StyleGANXL/cdf/Fake_from_Celeb-real/id20_0003/seed19673.png
000105,EFS,cdf,DF40_TEST_EFS_cdf,DiT+cdf+Fake_from_Celeb-real+id43_0002,fake,datasets/DF40/DiT/cdf/Fake_from_Celeb-real/id43_0002/27483.png
000106,EFS,cdf,DF40_TEST_EFS_cdf,StyleGANXL+cdf+Fake_from_Youtube-real+00204,fake,datasets/DF40/StyleGANXL/cdf/Fake_from_Youtube-real/00204/seed3655.png
000107,EFS,cdf,DF40_TEST_EFS_cdf,pixart+cdf+Fake_from_Youtube-real+00174,fake,datasets/DF40/pixart/cdf/Fake_from_Youtube-real/00174/Celeb-real_id21_0007_163.png
000108,EFS,cdf,DF40_TEST_EFS_cdf,StyleGANXL+cdf+Fake_from_Celeb-real+id0_0006,fake,datasets/DF40/StyleGANXL/cdf/Fake_from_Celeb-real/id0_0006/seed7759.png
000109,EFS,cdf,DF40_TEST_EFS_cdf,RDDM+cdf+Fake_from_Celeb-real+id60_0007,fake,datasets/DF40/RDDM/cdf/Fake_from_Celeb-real/id60_0007/sample-9258.png
000110,EFS,cdf,DF40_TEST_EFS_cdf,VQGAN+cdf+Fake_from_Celeb-real+id39_0006,fake,datasets/DF40/VQGAN/cdf/Fake_from_Celeb-real/id39_0006/027094.png
000111,EFS,cdf,DF40_TEST_EFS_cdf,StyleGAN2+cdf+Fake_from_Celeb-real+id34_0008,fake,datasets/DF40/StyleGAN2/cdf/Fake_from_Celeb-real/id34_0008/seed18912.png
000112,EFS,cdf,DF40_TEST_EFS_cdf,sd2.1+cdf+YouTube-real+00008,fake,datasets/DF40/sd2.1/cdf/YouTube-real/00008/Celeb-real_id10_0004_449.png
000113,EFS,cdf,DF40_TEST_EFS_cdf,sd2.1+cdf+Celeb-real+id44_0003,fake,datasets/DF40/sd2.1/cdf/Celeb-real/id44_0003/Celeb-real_id60_0004_102.png
000114,EFS,cdf,DF40_TEST_EFS_cdf,VQGAN+cdf+Fake_from_Youtube-real+00289,fake,datasets/DF40/VQGAN/cdf/Fake_from_Youtube-real/00289/013089.png
000115,EFS,cdf,DF40_TEST_EFS_cdf,StyleGAN2+cdf+Fake_from_Youtube-real+00201,fake,datasets/DF40/StyleGAN2/cdf/Fake_from_Youtube-real/00201/seed20722.png
000116,EFS,cdf,DF40_TEST_EFS_cdf,VQGAN+cdf+Fake_from_Youtube-real+00127,fake,datasets/DF40/VQGAN/cdf/Fake_from_Youtube-real/00127/019278.png
000117,EFS,cdf,DF40_TEST_EFS_cdf,SiT+cdf+Fake_from_Youtube-real+00179,fake,datasets/DF40/SiT/cdf/Fake_from_Youtube-real/00179/19193.png
000118,EFS,cdf,DF40_TEST_EFS_cdf,StyleGAN3+cdf+Fake_from_Celeb-real+id16_0000,fake,datasets/DF40/StyleGAN3/cdf/Fake_from_Celeb-real/id16_0000/seed16228.png
000119,EFS,cdf,DF40_TEST_EFS_cdf,StyleGAN3+cdf+Fake_from_Youtube-real+00029,fake,datasets/DF40/StyleGAN3/cdf/Fake_from_Youtube-real/00029/seed27542.png
000120,EFS,cdf,DF40_TEST_EFS_cdf,pixart+cdf+Fake_from_Youtube-real+00067,fake,datasets/DF40/pixart/cdf/Fake_from_Youtube-real/00067/Celeb-real_id40_0001_185.png
000121,EFS,cdf,DF40_TEST_EFS_cdf,RDDM+cdf+Fake_from_Celeb-real+id38_0009,fake,datasets/DF40/RDDM/cdf/Fake_from_Celeb-real/id38_0009/sample-11820.png
000122,EFS,cdf,DF40_TEST_EFS_cdf,StyleGAN3+cdf+Fake_from_Celeb-real+id20_0002,fake,datasets/DF40/StyleGAN3/cdf/Fake_from_Celeb-real/id20_0002/seed7852.png
000123,EFS,cdf,DF40_TEST_EFS_cdf,RDDM+cdf+Fake_from_Celeb-real+id59_0006,fake,datasets/DF40/RDDM/cdf/Fake_from_Celeb-real/id59_0006/sample-22306.png
000124,EFS,cdf,DF40_TEST_EFS_cdf,StyleGAN2+cdf+Fake_from_Celeb-real+id6_0001,fake,datasets/DF40/StyleGAN2/cdf/Fake_from_Celeb-real/id6_0001/seed10262.png
000125,EFS,cdf,DF40_TEST_EFS_cdf,StyleGAN2+cdf+Fake_from_Celeb-real+id34_0007,fake,datasets/DF40/StyleGAN2/cdf/Fake_from_Celeb-real/id34_0007/seed5267.png
000126,EFS,cdf,DF40_TEST_EFS_cdf,ddim+cdf+Fake_from_Celeb-real+id9_0001,fake,datasets/DF40/ddim/cdf/Fake_from_Celeb-real/id9_0001/Celeb-real_id48_0003_258.png
000127,EFS,cdf,DF40_TEST_EFS_cdf,sd2.1+cdf+Celeb-real+id24_0004,fake,datasets/DF40/sd2.1/cdf/Celeb-real/id24_0004/Celeb-real_id21_0006_150.png
000128,EFS,cdf,DF40_TEST_EFS_cdf,StyleGAN3+cdf+Fake_from_Youtube-real+00222,fake,datasets/DF40/StyleGAN3/cdf/Fake_from_Youtube-real/00222/seed26230.png
000129,EFS,cdf,DF40_TEST_EFS_cdf,RDDM+cdf+Fake_from_Celeb-real+id43_0005,fake,datasets/DF40/RDDM/cdf/Fake_from_Celeb-real/id43_0005/sample-15157.png
000130,EFS,cdf,DF40_TEST_EFS_cdf,ddim+cdf+Fake_from_Celeb-real+id40_0003,fake,datasets/DF40/ddim/cdf/Fake_from_Celeb-real/id40_0003/YouTube-real_00141_358.png
000131,EFS,cdf,DF40_TEST_EFS_cdf,ddim+cdf+Fake_from_Celeb-real+id37_0004,fake,datasets/DF40/ddim/cdf/Fake_from_Celeb-real/id37_0004/YouTube-real_00040_208.png
000132,EFS,cdf,DF40_TEST_EFS_cdf,RDDM+cdf+Fake_from_Celeb-real+id51_0009,fake,datasets/DF40/RDDM/cdf/Fake_from_Celeb-real/id51_0009/sample-19413.png
000133,EFS,cdf,DF40_TEST_EFS_cdf,StyleGANXL+cdf+Fake_from_Celeb-real+id48_0003,fake,datasets/DF40/StyleGANXL/cdf/Fake_from_Celeb-real/id48_0003/seed16486.png
000134,EFS,cdf,DF40_TEST_EFS_cdf,DiT+cdf+Fake_from_Youtube-real+00244,fake,datasets/DF40/DiT/cdf/Fake_from_Youtube-real/00244/21299.png
000135,EFS,cdf,DF40_TEST_EFS_cdf,sd2.1+cdf+Celeb-real+id6_0008,fake,datasets/DF40/sd2.1/cdf/Celeb-real/id6_0008/Celeb-real_id53_0003_182.png
000136,EFS,cdf,DF40_TEST_EFS_cdf,StyleGANXL+cdf+Fake_from_Celeb-real+id9_0005,fake,datasets/DF40/StyleGANXL/cdf/Fake_from_Celeb-real/id9_0005/seed25172.png
000137,EFS,cdf,DF40_TEST_EFS_cdf,RDDM+cdf+Fake_from_Celeb-real+id48_0009,fake,datasets/DF40/RDDM/cdf/Fake_from_Celeb-real/id48_0009/sample-20318.png
000138,EFS,cdf,DF40_TEST_EFS_cdf,VQGAN+cdf+Fake_from_Celeb-real+id9_0002,fake,datasets/DF40/VQGAN/cdf/Fake_from_Celeb-real/id9_0002/003150.png
000139,EFS,cdf,DF40_TEST_EFS_cdf,StyleGAN3+cdf+Fake_from_Celeb-real+id26_0001,fake,datasets/DF40/StyleGAN3/cdf/Fake_from_Celeb-real/id26_0001/seed16252.png
000140,EFS,cdf,DF40_TEST_EFS_cdf,sd2.1+cdf+Celeb-real+id10_0000,fake,datasets/DF40/sd2.1/cdf/Celeb-real/id10_0000/YouTube-real_00007_106.png
000141,EFS,cdf,DF40_TEST_EFS_cdf,StyleGANXL+cdf+Fake_from_Celeb-real+id20_0005,fake,datasets/DF40/StyleGANXL/cdf/Fake_from_Celeb-real/id20_0005/seed15912.png
000142,EFS,cdf,DF40_TEST_EFS_cdf,pixart+cdf+Fake_from_Celeb-real+id55_0003,fake,datasets/DF40/pixart/cdf/Fake_from_Celeb-real/id55_0003/YouTube-real_00014_178.png
000143,EFS,cdf,DF40_TEST_EFS_cdf,VQGAN+cdf+Fake_from_Celeb-real+id49_0009,fake,datasets/DF40/VQGAN/cdf/Fake_from_Celeb-real/id49_0009/023561.png
000144,EFS,cdf,DF40_TEST_EFS_cdf,StyleGAN2+cdf+Fake_from_Celeb-real+id59_0008,fake,datasets/DF40/StyleGAN2/cdf/Fake_from_Celeb-real/id59_0008/seed7784.png
000145,EFS,cdf,DF40_TEST_EFS_cdf,SiT+cdf+Fake_from_Celeb-real+id40_0000,fake,datasets/DF40/SiT/cdf/Fake_from_Celeb-real/id40_0000/22715.png
000146,EFS,cdf,DF40_TEST_EFS_cdf,VQGAN+cdf+Fake_from_Celeb-real+id55_0007,fake,datasets/DF40/VQGAN/cdf/Fake_from_Celeb-real/id55_0007/012834.png
000147,EFS,cdf,DF40_TEST_EFS_cdf,StyleGANXL+cdf+Fake_from_Celeb-real+id21_0006,fake,datasets/DF40/StyleGANXL/cdf/Fake_from_Celeb-real/id21_0006/seed2762.png
000148,EFS,cdf,DF40_TEST_EFS_cdf,VQGAN+cdf+Fake_from_Celeb-real+id32_0000,fake,datasets/DF40/VQGAN/cdf/Fake_from_Celeb-real/id32_0000/018721.png
000149,EFS,cdf,DF40_TEST_EFS_cdf,StyleGAN2+cdf+Fake_from_Celeb-real+id35_0008,fake,datasets/DF40/StyleGAN2/cdf/Fake_from_Celeb-real/id35_0008/seed9395.png
000150,EFS,cdf,DF40_TEST_EFS_cdf,ddim+cdf+Fake_from_Celeb-real+id36_0000,fake,datasets/DF40/ddim/cdf/Fake_from_Celeb-real/id36_0000/Celeb-real_id30_0004_000.png
000151,EFS,cdf,DF40_TEST_EFS_cdf,StyleGANXL+cdf+Fake_from_Celeb-real+id23_0005,fake,datasets/DF40/StyleGANXL/cdf/Fake_from_Celeb-real/id23_0005/seed10118.png
000152,EFS,cdf,DF40_TEST_EFS_cdf,RDDM+cdf+Fake_from_Celeb-real+id40_0001,fake,datasets/DF40/RDDM/cdf/Fake_from_Celeb-real/id40_0001/sample-14817.png
000153,EFS,cdf,DF40_TEST_EFS_cdf,VQGAN+cdf+Fake_from_Youtube-real+00010,fake,datasets/DF40/VQGAN/cdf/Fake_from_Youtube-real/00010/000848.png
000154,EFS,cdf,DF40_TEST_EFS_cdf,ddim+cdf+Fake_from_Celeb-real+id46_0005,fake,datasets/DF40/ddim/cdf/Fake_from_Celeb-real/id46_0005/YouTube-real_00011_453.png
000155,EFS,cdf,DF40_TEST_EFS_cdf,VQGAN+cdf+Fake_from_Celeb-real+id24_0008,fake,datasets/DF40/VQGAN/cdf/Fake_from_Celeb-real/id24_0008/019243.png
000156,EFS,cdf,DF40_TEST_EFS_cdf,VQGAN+cdf+Fake_from_Celeb-real+id4_0005,fake,datasets/DF40/VQGAN/cdf/Fake_from_Celeb-real/id4_0005/015831.png
000157,EFS,cdf,DF40_TEST_EFS_cdf,DiT+cdf+Fake_from_Celeb-real+id56_0004,fake,datasets/DF40/DiT/cdf/Fake_from_Celeb-real/id56_0004/11488.png
000158,EFS,cdf,DF40_TEST_EFS_cdf,VQGAN+cdf+Fake_from_Celeb-real+id33_0003,fake,datasets/DF40/VQGAN/cdf/Fake_from_Celeb-real/id33_0003/024400.png
000159,EFS,cdf,DF40_TEST_EFS_cdf,DiT+cdf+Fake_from_Celeb-real+id17_0002,fake,datasets/DF40/DiT/cdf/Fake_from_Celeb-real/id17_0002/18179.png
000160,EFS,cdf,DF40_TEST_EFS_cdf,VQGAN+cdf+Fake_from_Youtube-real+00055,fake,datasets/DF40/VQGAN/cdf/Fake_from_Youtube-real/00055/005152.png
000161,EFS,cdf,DF40_TEST_EFS_cdf,pixart+cdf+Fake_from_Celeb-real+id35_0009,fake,datasets/DF40/pixart/cdf/Fake_from_Celeb-real/id35_0009/YouTube-real_00265_450.png
000162,EFS,cdf,DF40_TEST_EFS_cdf,StyleGAN3+cdf+Fake_from_Celeb-real+id5_0005,fake,datasets/DF40/StyleGAN3/cdf/Fake_from_Celeb-real/id5_0005/seed15494.png
000163,EFS,cdf,DF40_TEST_EFS_cdf,sd2.1+cdf+Celeb-real+id60_0008,fake,datasets/DF40/sd2.1/cdf/Celeb-real/id60_0008/YouTube-real_00186_082.png
000164,EFS,cdf,DF40_TEST_EFS_cdf,ddim+cdf+Fake_from_Youtube-real+00272,fake,datasets/DF40/ddim/cdf/Fake_from_Youtube-real/00272/YouTube-real_00294_144.png
000165,EFS,cdf,DF40_TEST_EFS_cdf,StyleGAN3+cdf+Fake_from_Youtube-real+00233,fake,datasets/DF40/StyleGAN3/cdf/Fake_from_Youtube-real/00233/seed8415.png
000166,EFS,cdf,DF40_TEST_EFS_cdf,StyleGAN3+cdf+Fake_from_Youtube-real+00074,fake,datasets/DF40/StyleGAN3/cdf/Fake_from_Youtube-real/00074/seed6563.png
000167,EFS,cdf,DF40_TEST_EFS_cdf,DiT+cdf+Fake_from_Celeb-real+id23_0009,fake,datasets/DF40/DiT/cdf/Fake_from_Celeb-real/id23_0009/24368.png
000168,EFS,cdf,DF40_TEST_EFS_cdf,sd2.1+cdf+YouTube-real+00199,fake,datasets/DF40/sd2.1/cdf/YouTube-real/00199/Celeb-real_id4_0003_114.png
000169,EFS,cdf,DF40_TEST_EFS_cdf,StyleGAN2+cdf+Fake_from_Youtube-real+00139,fake,datasets/DF40/StyleGAN2/cdf/Fake_from_Youtube-real/00139/seed18284.png
000170,EFS,cdf,DF40_TEST_EFS_cdf,StyleGANXL+cdf+Fake_from_Celeb-real+id24_0007,fake,datasets/DF40/StyleGANXL/cdf/Fake_from_Celeb-real/id24_0007/seed22427.png
000171,EFS,cdf,DF40_TEST_EFS_cdf,StyleGAN2+cdf+Fake_from_Celeb-real+id38_0006,fake,datasets/DF40/StyleGAN2/cdf/Fake_from_Celeb-real/id38_0006/seed10800.png
000172,EFS,cdf,DF40_TEST_EFS_cdf,sd2.1+cdf+Celeb-real+id55_0008,fake,datasets/DF40/sd2.1/cdf/Celeb-real/id55_0008/Celeb-real_id51_0000_140.png
000173,EFS,cdf,DF40_TEST_EFS_cdf,ddim+cdf+Fake_from_Celeb-real+id7_0006,fake,datasets/DF40/ddim/cdf/Fake_from_Celeb-real/id7_0006/YouTube-real_00154_072.png
000174,EFS,cdf,DF40_TEST_EFS_cdf,pixart+cdf+Fake_from_Celeb-real+id41_0005,fake,datasets/DF40/pixart/cdf/Fake_from_Celeb-real/id41_0005/YouTube-real_00280_137.png
000175,EFS,cdf,DF40_TEST_EFS_cdf,StyleGAN2+cdf+Fake_from_Celeb-real+id27_0006,fake,datasets/DF40/StyleGAN2/cdf/Fake_from_Celeb-real/id27_0006/seed21374.png
000176,EFS,cdf,DF40_TEST_EFS_cdf,StyleGAN2+cdf+Fake_from_Celeb-real+id58_0007,fake,datasets/DF40/StyleGAN2/cdf/Fake_from_Celeb-real/id58_0007/seed23952.png
000177,EFS,cdf,DF40_TEST_EFS_cdf,StyleGAN2+cdf+Fake_from_Youtube-real+00269,fake,datasets/DF40/StyleGAN2/cdf/Fake_from_Youtube-real/00269/seed20527.png
000178,EFS,cdf,DF40_TEST_EFS_cdf,StyleGAN3+cdf+Fake_from_Celeb-real+id57_0003,fake,datasets/DF40/StyleGAN3/cdf/Fake_from_Celeb-real/id57_0003/seed27464.png
000179,EFS,cdf,DF40_TEST_EFS_cdf,sd2.1+cdf+Celeb-real+id19_0000,fake,datasets/DF40/sd2.1/cdf/Celeb-real/id19_0000/Celeb-real_id4_0008_146.png
000180,EFS,cdf,DF40_TEST_EFS_cdf,DiT+cdf+Fake_from_Youtube-real+00147,fake,datasets/DF40/DiT/cdf/Fake_from_Youtube-real/00147/8727.png
000181,EFS,cdf,DF40_TEST_EFS_cdf,ddim+cdf+Fake_from_Celeb-real+id11_0002,fake,datasets/DF40/ddim/cdf/Fake_from_Celeb-real/id11_0002/YouTube-real_00273_113.png
000182,EFS,cdf,DF40_TEST_EFS_cdf,StyleGANXL+cdf+Fake_from_Celeb-real+id13_0010,fake,datasets/DF40/StyleGANXL/cdf/Fake_from_Celeb-real/id13_0010/seed3936.png
000183,EFS,cdf,DF40_TEST_EFS_cdf,RDDM+cdf+Fake_from_Celeb-real+id22_0000,fake,datasets/DF40/RDDM/cdf/Fake_from_Celeb-real/id22_0000/sample-13351.png
000184,EFS,cdf,DF40_TEST_EFS_cdf,RDDM+cdf+Fake_from_Celeb-real+id6_0008,fake,datasets/DF40/RDDM/cdf/Fake_from_Celeb-real/id6_0008/sample-21435.png
000185,EFS,cdf,DF40_TEST_EFS_cdf,SiT+cdf+Fake_from_Celeb-real+id32_0009,fake,datasets/DF40/SiT/cdf/Fake_from_Celeb-real/id32_0009/24485.png
000186,EFS,cdf,DF40_TEST_EFS_cdf,StyleGAN2+cdf+Fake_from_Celeb-real+id52_0005,fake,datasets/DF40/StyleGAN2/cdf/Fake_from_Celeb-real/id52_0005/seed14700.png
000187,EFS,cdf,DF40_TEST_EFS_cdf,StyleGAN2+cdf+Fake_from_Celeb-real+id61_0008,fake,datasets/DF40/StyleGAN2/cdf/Fake_from_Celeb-real/id61_0008/seed15396.png
000188,EFS,cdf,DF40_TEST_EFS_cdf,ddim+cdf+Fake_from_Youtube-real+00200,fake,datasets/DF40/ddim/cdf/Fake_from_Youtube-real/00200/Celeb-real_id26_0002_134.png
000189,EFS,cdf,DF40_TEST_EFS_cdf,DiT+cdf+Fake_from_Celeb-real+id9_0009,fake,datasets/DF40/DiT/cdf/Fake_from_Celeb-real/id9_0009/15104.png
000190,EFS,cdf,DF40_TEST_EFS_cdf,StyleGANXL+cdf+Fake_from_Youtube-real+00206,fake,datasets/DF40/StyleGANXL/cdf/Fake_from_Youtube-real/00206/seed20635.png
000191,EFS,cdf,DF40_TEST_EFS_cdf,RDDM+cdf+Fake_from_Celeb-real+id37_0004,fake,datasets/DF40/RDDM/cdf/Fake_from_Celeb-real/id37_0004/sample-23956.png
000192,EFS,cdf,DF40_TEST_EFS_cdf,ddim+cdf+Fake_from_Celeb-real+id25_0008,fake,datasets/DF40/ddim/cdf/Fake_from_Celeb-real/id25_0008/YouTube-real_00215_437.png
000193,EFS,cdf,DF40_TEST_EFS_cdf,VQGAN+cdf+Fake_from_Youtube-real+00203,fake,datasets/DF40/VQGAN/cdf/Fake_from_Youtube-real/00203/000433.png
000194,EFS,cdf,DF40_TEST_EFS_cdf,pixart+cdf+Fake_from_Celeb-real+id17_0000,fake,datasets/DF40/pixart/cdf/Fake_from_Celeb-real/id17_0000/YouTube-real_00134_154.png
000195,EFS,cdf,DF40_TEST_EFS_cdf,sd2.1+cdf+YouTube-real+00186,fake,datasets/DF40/sd2.1/cdf/YouTube-real/00186/Celeb-real_id61_0005_449.png
000196,EFS,cdf,DF40_TEST_EFS_cdf,pixart+cdf+Fake_from_Youtube-real+00290,fake,datasets/DF40/pixart/cdf/Fake_from_Youtube-real/00290/Celeb-real_id6_0008_269.png
000197,EFS,cdf,DF40_TEST_EFS_cdf,StyleGAN3+cdf+Fake_from_Youtube-real+00069,fake,datasets/DF40/StyleGAN3/cdf/Fake_from_Youtube-real/00069/seed19501.png
000198,EFS,cdf,DF40_TEST_EFS_cdf,StyleGANXL+cdf+Fake_from_Celeb-real+id57_0009,fake,datasets/DF40/StyleGANXL/cdf/Fake_from_Celeb-real/id57_0009/seed9525.png
000199,EFS,cdf,DF40_TEST_EFS_cdf,sd2.1+cdf+Celeb-real+id50_0009,fake,datasets/DF40/sd2.1/cdf/Celeb-real/id50_0009/YouTube-real_00091_014.png
000200,EFS,cdf,DF40_TEST_EFS_cdf,StyleGAN3+cdf+Fake_from_Celeb-real+id3_0002,fake,datasets/DF40/StyleGAN3/cdf/Fake_from_Celeb-real/id3_0002/seed27284.png
000201,EFS,cdf,DF40_TEST_EFS_cdf,StyleGAN2+cdf+Fake_from_Youtube-real+00128,fake,datasets/DF40/StyleGAN2/cdf/Fake_from_Youtube-real/00128/seed21648.png
000202,EFS,cdf,DF40_TEST_EFS_cdf,DiT+cdf+Fake_from_Celeb-real+id21_0002,fake,datasets/DF40/DiT/cdf/Fake_from_Celeb-real/id21_0002/16924.png
000203,EFS,cdf,DF40_TEST_EFS_cdf,VQGAN+cdf+Fake_from_Youtube-real+00126,fake,datasets/DF40/VQGAN/cdf/Fake_from_Youtube-real/00126/013415.png
000204,EFS,cdf,DF40_TEST_EFS_cdf,sd2.1+cdf+Celeb-real+id38_0000,fake,datasets/DF40/sd2.1/cdf/Celeb-real/id38_0000/Celeb-real_id10_0003_045.png
000205,EFS,cdf,DF40_TEST_EFS_cdf,StyleGAN2+cdf+Fake_from_Celeb-real+id24_0009,fake,datasets/DF40/StyleGAN2/cdf/Fake_from_Celeb-real/id24_0009/seed23160.png
000206,EFS,cdf,DF40_TEST_EFS_cdf,SiT+cdf+Fake_from_Celeb-real+id13_0014,fake,datasets/DF40/SiT/cdf/Fake_from_Celeb-real/id13_0014/25374.png
000207,EFS,cdf,DF40_TEST_EFS_cdf,pixart+cdf+Fake_from_Celeb-real+id7_0008,fake,datasets/DF40/pixart/cdf/Fake_from_Celeb-real/id7_0008/Celeb-real_id41_0007_021.png
000208,EFS,cdf,DF40_TEST_EFS_cdf,RDDM+cdf+Fake_from_Celeb-real+id50_0005,fake,datasets/DF40/RDDM/cdf/Fake_from_Celeb-real/id50_0005/sample-15553.png
000209,EFS,cdf,DF40_TEST_EFS_cdf,ddim+cdf+Fake_from_Youtube-real+00204,fake,datasets/DF40/ddim/cdf/Fake_from_Youtube-real/00204/Celeb-real_id17_0007_105.png
000210,EFS,cdf,DF40_TEST_EFS_cdf,VQGAN+cdf+Fake_from_Celeb-real+id47_0009,fake,datasets/DF40/VQGAN/cdf/Fake_from_Celeb-real/id47_0009/026483.png
000211,EFS,cdf,DF40_TEST_EFS_cdf,SiT+cdf+Fake_from_Youtube-real+00286,fake,datasets/DF40/SiT/cdf/Fake_from_Youtube-real/00286/27123.png
000212,EFS,cdf,DF40_TEST_EFS_cdf,DiT+cdf+Fake_from_Celeb-real+id43_0000,fake,datasets/DF40/DiT/cdf/Fake_from_Celeb-real/id43_0000/14842.png
000213,EFS,cdf,DF40_TEST_EFS_cdf,StyleGAN2+cdf+Fake_from_Celeb-real+id17_0003,fake,datasets/DF40/StyleGAN2/cdf/Fake_from_Celeb-real/id17_0003/seed4444.png
000214,EFS,cdf,DF40_TEST_EFS_cdf,pixart+cdf+Fake_from_Youtube-real+00107,fake,datasets/DF40/pixart/cdf/Fake_from_Youtube-real/00107/Celeb-real_id19_0005_155.png
000215,EFS,cdf,DF40_TEST_EFS_cdf,StyleGAN3+cdf+Fake_from_Celeb-real+id8_0002,fake,datasets/DF40/StyleGAN3/cdf/Fake_from_Celeb-real/id8_0002/seed8744.png
000216,EFS,cdf,DF40_TEST_EFS_cdf,RDDM+cdf+Fake_from_Celeb-real+id4_0008,fake,datasets/DF40/RDDM/cdf/Fake_from_Celeb-real/id4_0008/sample-17994.png
000217,EFS,cdf,DF40_TEST_EFS_cdf,DiT+cdf+Fake_from_Celeb-real+id25_0002,fake,datasets/DF40/DiT/cdf/Fake_from_Celeb-real/id25_0002/24419.png
000218,EFS,cdf,DF40_TEST_EFS_cdf,pixart+cdf+Fake_from_Youtube-real+00209,fake,datasets/DF40/pixart/cdf/Fake_from_Youtube-real/00209/Celeb-real_id31_0004_389.png
000219,EFS,cdf,DF40_TEST_EFS_cdf,DiT+cdf+Fake_from_Celeb-real+id35_0008,fake,datasets/DF40/DiT/cdf/Fake_from_Celeb-real/id35_0008/7100.png
000220,EFS,cdf,DF40_TEST_EFS_cdf,StyleGANXL+cdf+Fake_from_Youtube-real+00037,fake,datasets/DF40/StyleGANXL/cdf/Fake_from_Youtube-real/00037/seed5220.png
000221,EFS,cdf,DF40_TEST_EFS_cdf,RDDM+cdf+Fake_from_Celeb-real+id30_0004,fake,datasets/DF40/RDDM/cdf/Fake_from_Celeb-real/id30_0004/sample-9620.png
000222,EFS,cdf,DF40_TEST_EFS_cdf,StyleGANXL+cdf+Fake_from_Youtube-real+00257,fake,datasets/DF40/StyleGANXL/cdf/Fake_from_Youtube-real/00257/seed20983.png
000223,EFS,cdf,DF40_TEST_EFS_cdf,ddim+cdf+Fake_from_Celeb-real+id7_0005,fake,datasets/DF40/ddim/cdf/Fake_from_Celeb-real/id7_0005/Celeb-real_id3_0003_347.png
000224,EFS,cdf,DF40_TEST_EFS_cdf,StyleGAN3+cdf+Fake_from_Celeb-real+id31_0001,fake,datasets/DF40/StyleGAN3/cdf/Fake_from_Celeb-real/id31_0001/seed11651.png
000225,EFS,cdf,DF40_TEST_EFS_cdf,ddim+cdf+Fake_from_Celeb-real+id46_0001,fake,datasets/DF40/ddim/cdf/Fake_from_Celeb-real/id46_0001/YouTube-real_00007_473.png
000226,EFS,cdf,DF40_TEST_EFS_cdf,sd2.1+cdf+Celeb-real+id47_0006,fake,datasets/DF40/sd2.1/cdf/Celeb-real/id47_0006/Celeb-real_id58_0000_086.png
000227,EFS,cdf,DF40_TEST_EFS_cdf,StyleGANXL+cdf+Fake_from_Celeb-real+id24_0007,fake,datasets/DF40/StyleGANXL/cdf/Fake_from_Celeb-real/id24_0007/seed20365.png
000228,EFS,cdf,DF40_TEST_EFS_cdf,SiT+cdf+Fake_from_Youtube-real+00142,fake,datasets/DF40/SiT/cdf/Fake_from_Youtube-real/00142/4892.png
000229,EFS,cdf,DF40_TEST_EFS_cdf,SiT+cdf+Fake_from_Celeb-real+id39_0005,fake,datasets/DF40/SiT/cdf/Fake_from_Celeb-real/id39_0005/23403.png
000230,EFS,cdf,DF40_TEST_EFS_cdf,sd2.1+cdf+Celeb-real+id58_0002,fake,datasets/DF40/sd2.1/cdf/Celeb-real/id58_0002/Celeb-real_id0_0006_309.png
000231,EFS,cdf,DF40_TEST_EFS_cdf,StyleGANXL+cdf+Fake_from_Celeb-real+id26_0001,fake,datasets/DF40/StyleGANXL/cdf/Fake_from_Celeb-real/id26_0001/seed22066.png
000232,EFS,cdf,DF40_TEST_EFS_cdf,pixart+cdf+Fake_from_Celeb-real+id22_0007,fake,datasets/DF40/pixart/cdf/Fake_from_Celeb-real/id22_0007/YouTube-real_00218_246.png
000233,EFS,cdf,DF40_TEST_EFS_cdf,DiT+cdf+Fake_from_Celeb-real+id21_0008,fake,datasets/DF40/DiT/cdf/Fake_from_Celeb-real/id21_0008/6691.png
000234,EFS,ff,DF40_TEST_EFS_ff,VQGAN+ff+625,fake,datasets/DF40/VQGAN/ff/625/012469.png
000235,EFS,ff,DF40_TEST_EFS_ff,sd2.1+ff+339,fake,datasets/DF40/sd2.1/ff/339/907_236.png
000236,EFS,ff,DF40_TEST_EFS_ff,sd2.1+ff+218,fake,datasets/DF40/sd2.1/ff/218/608_466.png
000237,EFS,ff,DF40_TEST_EFS_ff,SiT+ff+422,fake,datasets/DF40/SiT/ff/422/10415.png
000238,EFS,ff,DF40_TEST_EFS_ff,RDDM+ff+422,fake,datasets/DF40/RDDM/ff/422/sample-11171.png
000239,EFS,ff,DF40_TEST_EFS_ff,sd2.1+ff+966,fake,datasets/DF40/sd2.1/ff/966/132_039.png
000240,EFS,ff,DF40_TEST_EFS_ff,pixart+ff+233,fake,datasets/DF40/pixart/ff/233/985_319.png
000241,EFS,ff,DF40_TEST_EFS_ff,sd2.1+ff+117,fake,datasets/DF40/sd2.1/ff/117/539_050.png
000242,EFS,ff,DF40_TEST_EFS_ff,sd2.1+ff+527,fake,datasets/DF40/sd2.1/ff/527/074_199.png
000243,EFS,ff,DF40_TEST_EFS_ff,sd2.1+ff+415,fake,datasets/DF40/sd2.1/ff/415/035_231.png
000244,EFS,ff,DF40_TEST_EFS_ff,RDDM+ff+682,fake,datasets/DF40/RDDM/ff/682/sample-10550.png
000245,EFS,ff,DF40_TEST_EFS_ff,DiT+ff+379,fake,datasets/DF40/DiT/ff/379/13502.png
000246,EFS,ff,DF40_TEST_EFS_ff,StyleGAN2+ff+608,fake,datasets/DF40/StyleGAN2/ff/608/seed18506.png
000247,EFS,ff,DF40_TEST_EFS_ff,StyleGAN3+ff+924,fake,datasets/DF40/StyleGAN3/ff/924/seed0901.png
000248,EFS,ff,DF40_TEST_EFS_ff,sd2.1+ff+052,fake,datasets/DF40/sd2.1/ff/052/724_386.png
000249,EFS,ff,DF40_TEST_EFS_ff,sd2.1+ff+223,fake,datasets/DF40/sd2.1/ff/223/163_303.png
000250,EFS,ff,DF40_TEST_EFS_ff,DiT+ff+630,fake,datasets/DF40/DiT/ff/630/20743.png
000251,EFS,ff,DF40_TEST_EFS_ff,VQGAN+ff+015,fake,datasets/DF40/VQGAN/ff/015/003791.png
000252,EFS,ff,DF40_TEST_EFS_ff,StyleGAN2+ff+454,fake,datasets/DF40/StyleGAN2/ff/454/seed15282.png
000253,EFS,ff,DF40_TEST_EFS_ff,StyleGAN3+ff+288,fake,datasets/DF40/StyleGAN3/ff/288/seed14567.png
000254,EFS,ff,DF40_TEST_EFS_ff,pixart+ff+759,fake,datasets/DF40/pixart/ff/759/111_292.png
000255,EFS,ff,DF40_TEST_EFS_ff,sd2.1+ff+323,fake,datasets/DF40/sd2.1/ff/323/784_394.png
000256,EFS,ff,DF40_TEST_EFS_ff,StyleGAN3+ff+044,fake,datasets/DF40/StyleGAN3/ff/044/seed5058.png
000257,EFS,ff,DF40_TEST_EFS_ff,sd2.1+ff+420,fake,datasets/DF40/sd2.1/ff/420/076_317.png
000258,EFS,ff,DF40_TEST_EFS_ff,DiT+ff+669,fake,datasets/DF40/DiT/ff/669/432.png
000259,EFS,ff,DF40_TEST_EFS_ff,sd2.1+ff+001,fake,datasets/DF40/sd2.1/ff/001/527_143.png
000260,EFS,ff,DF40_TEST_EFS_ff,VQGAN+ff+630,fake,datasets/DF40/VQGAN/ff/630/016752.png
000261,EFS,ff,DF40_TEST_EFS_ff,StyleGAN2+ff+227,fake,datasets/DF40/StyleGAN2/ff/227/seed19708.png
000262,EFS,ff,DF40_TEST_EFS_ff,StyleGAN2+ff+851,fake,datasets/DF40/StyleGAN2/ff/851/seed4894.png
000263,EFS,ff,DF40_TEST_EFS_ff,StyleGAN2+ff+214,fake,datasets/DF40/StyleGAN2/ff/214/seed11974.png
000264,EFS,ff,DF40_TEST_EFS_ff,pixart+ff+128,fake,datasets/DF40/pixart/ff/128/588_543.png
000265,EFS,ff,DF40_TEST_EFS_ff,sd2.1+ff+528,fake,datasets/DF40/sd2.1/ff/528/047_256.png
000266,EFS,ff,DF40_TEST_EFS_ff,StyleGAN3+ff+970,fake,datasets/DF40/StyleGAN3/ff/970/seed4949.png
000267,EFS,ff,DF40_TEST_EFS_ff,RDDM+ff+851,fake,datasets/DF40/RDDM/ff/851/sample-1598.png
000268,EFS,ff,DF40_TEST_EFS_ff,StyleGAN3+ff+485,fake,datasets/DF40/StyleGAN3/ff/485/seed14125.png
000269,EFS,ff,DF40_TEST_EFS_ff,pixart+ff+278,fake,datasets/DF40/pixart/ff/278/778_327.png
000270,EFS,ff,DF40_TEST_EFS_ff,sd2.1+ff+439,fake,datasets/DF40/sd2.1/ff/439/399_611.png
000271,EFS,ff,DF40_TEST_EFS_ff,SiT+ff+630,fake,datasets/DF40/SiT/ff/630/10830.png
000272,EFS,ff,DF40_TEST_EFS_ff,StyleGAN2+ff+675,fake,datasets/DF40/StyleGAN2/ff/675/seed4879.png
000273,EFS,ff,DF40_TEST_EFS_ff,sd2.1+ff+447,fake,datasets/DF40/sd2.1/ff/447/531_297.png
000274,EFS,ff,DF40_TEST_EFS_ff,sd2.1+ff+232,fake,datasets/DF40/sd2.1/ff/232/076_158.png
000275,EFS,ff,DF40_TEST_EFS_ff,SiT+ff+154,fake,datasets/DF40/SiT/ff/154/11597.png
000276,EFS,ff,DF40_TEST_EFS_ff,StyleGAN3+ff+029,fake,datasets/DF40/StyleGAN3/ff/029/seed4326.png
000277,EFS,ff,DF40_TEST_EFS_ff,VQGAN+ff+142,fake,datasets/DF40/VQGAN/ff/142/007527.png
000278,EFS,ff,DF40_TEST_EFS_ff,StyleGANXL+ff+280,fake,datasets/DF40/StyleGANXL/ff/280/seed16132.png
000279,EFS,ff,DF40_TEST_EFS_ff,ddim+ff+741,fake,datasets/DF40/ddim/ff/741/862_393.png
000280,EFS,ff,DF40_TEST_EFS_ff,sd2.1+ff+013,fake,datasets/DF40/sd2.1/ff/013/109_162.png
000281,EFS,ff,DF40_TEST_EFS_ff,ddim+ff+420,fake,datasets/DF40/ddim/ff/420/400_045.png
000282,EFS,ff,DF40_TEST_EFS_ff,sd2.1+ff+248,fake,datasets/DF40/sd2.1/ff/248/809_247.png
000283,EFS,ff,DF40_TEST_EFS_ff,SiT+ff+552,fake,datasets/DF40/SiT/ff/552/9751.png
000284,EFS,ff,DF40_TEST_EFS_ff,StyleGANXL+ff+812,fake,datasets/DF40/StyleGANXL/ff/812/seed11729.png
000285,EFS,ff,DF40_TEST_EFS_ff,SiT+ff+352,fake,datasets/DF40/SiT/ff/352/4921.png
000286,EFS,ff,DF40_TEST_EFS_ff,pixart+ff+701,fake,datasets/DF40/pixart/ff/701/618_294.png
000287,EFS,ff,DF40_TEST_EFS_ff,pixart+ff+517,fake,datasets/DF40/pixart/ff/517/655_436.png
000288,EFS,ff,DF40_TEST_EFS_ff,StyleGANXL+ff+630,fake,datasets/DF40/StyleGANXL/ff/630/seed11850.png
000289,EFS,ff,DF40_TEST_EFS_ff,sd2.1+ff+456,fake,datasets/DF40/sd2.1/ff/456/521_283.png
000290,EFS,ff,DF40_TEST_EFS_ff,StyleGANXL+ff+138,fake,datasets/DF40/StyleGANXL/ff/138/seed5862.png
000291,EFS,ff,DF40_TEST_EFS_ff,sd2.1+ff+915,fake,datasets/DF40/sd2.1/ff/915/408_000.png
000292,EFS,ff,DF40_TEST_EFS_ff,VQGAN+ff+280,fake,datasets/DF40/VQGAN/ff/280/004852.png
000293,EFS,ff,DF40_TEST_EFS_ff,sd2.1+ff+779,fake,datasets/DF40/sd2.1/ff/779/031_279.png
000294,EFS,ff,DF40_TEST_EFS_ff,pixart+ff+650,fake,datasets/DF40/pixart/ff/650/592_086.png
000295,EFS,ff,DF40_TEST_EFS_ff,sd2.1+ff+330,fake,datasets/DF40/sd2.1/ff/330/875_027.png
000296,EFS,ff,DF40_TEST_EFS_ff,StyleGANXL+ff+161,fake,datasets/DF40/StyleGANXL/ff/161/seed9068.png
000297,EFS,ff,DF40_TEST_EFS_ff,sd2.1+ff+823,fake,datasets/DF40/sd2.1/ff/823/019_1205.png
000298,EFS,ff,DF40_TEST_EFS_ff,DiT+ff+467,fake,datasets/DF40/DiT/ff/467/19.png
000299,EFS,ff,DF40_TEST_EFS_ff,sd2.1+ff+978,fake,datasets/DF40/sd2.1/ff/978/442_079.png
000300,EFS,ff,DF40_TEST_EFS_ff,ddim+ff+429,fake,datasets/DF40/ddim/ff/429/137_565.png
000301,EFS,ff,DF40_TEST_EFS_ff,StyleGANXL+ff+896,fake,datasets/DF40/StyleGANXL/ff/896/seed17537.png
000302,EFS,ff,DF40_TEST_EFS_ff,DiT+ff+227,fake,datasets/DF40/DiT/ff/227/14294.png
000303,EFS,ff,DF40_TEST_EFS_ff,VQGAN+ff+190,fake,datasets/DF40/VQGAN/ff/190/019603.png
000304,EFS,ff,DF40_TEST_EFS_ff,StyleGAN2+ff+000,fake,datasets/DF40/StyleGAN2/ff/000/seed11546.png
000305,EFS,ff,DF40_TEST_EFS_ff,DiT+ff+955,fake,datasets/DF40/DiT/ff/955/17601.png
000306,EFS,ff,DF40_TEST_EFS_ff,StyleGAN3+ff+347,fake,datasets/DF40/StyleGAN3/ff/347/seed20146.png
000307,EFS,ff,DF40_TEST_EFS_ff,SiT+ff+425,fake,datasets/DF40/SiT/ff/425/12820.png
000308,EFS,ff,DF40_TEST_EFS_ff,sd2.1+ff+271,fake,datasets/DF40/sd2.1/ff/271/629_797.png
000309,EFS,ff,DF40_TEST_EFS_ff,SiT+ff+821,fake,datasets/DF40/SiT/ff/821/6845.png
000310,EFS,ff,DF40_TEST_EFS_ff,StyleGAN3+ff+249,fake,datasets/DF40/StyleGAN3/ff/249/seed14669.png
000311,EFS,ff,DF40_TEST_EFS_ff,sd2.1+ff+222,fake,datasets/DF40/sd2.1/ff/222/574_000.png
000312,EFS,ff,DF40_TEST_EFS_ff,SiT+ff+423,fake,datasets/DF40/SiT/ff/423/1233.png
000313,EFS,ff,DF40_TEST_EFS_ff,VQGAN+ff+479,fake,datasets/DF40/VQGAN/ff/479/018882.png
000314,EFS,ff,DF40_TEST_EFS_ff,RDDM+ff+608,fake,datasets/DF40/RDDM/ff/608/sample-5810.png
000315,EFS,ff,DF40_TEST_EFS_ff,sd2.1+ff+982,fake,datasets/DF40/sd2.1/ff/982/846_056.png
000316,EFS,ff,DF40_TEST_EFS_ff,sd2.1+ff+684,fake,datasets/DF40/sd2.1/ff/684/755_097.png
000317,EFS,ff,DF40_TEST_EFS_ff,sd2.1+ff+961,fake,datasets/DF40/sd2.1/ff/961/401_190.png
000318,EFS,ff,DF40_TEST_EFS_ff,sd2.1+ff+784,fake,datasets/DF40/sd2.1/ff/784/152_000.png
000319,EFS,ff,DF40_TEST_EFS_ff,VQGAN+ff+445,fake,datasets/DF40/VQGAN/ff/445/019993.png
000320,EFS,ff,DF40_TEST_EFS_ff,StyleGAN3+ff+650,fake,datasets/DF40/StyleGAN3/ff/650/seed15838.png
000321,EFS,ff,DF40_TEST_EFS_ff,pixart+ff+422,fake,datasets/DF40/pixart/ff/422/733_083.png
000322,EFS,ff,DF40_TEST_EFS_ff,pixart+ff+462,fake,datasets/DF40/pixart/ff/462/391_211.png
000323,EFS,ff,DF40_TEST_EFS_ff,sd2.1+ff+933,fake,datasets/DF40/sd2.1/ff/933/595_491.png
000324,EFS,ff,DF40_TEST_EFS_ff,sd2.1+ff+424,fake,datasets/DF40/sd2.1/ff/424/554_453.png
000325,EFS,ff,DF40_TEST_EFS_ff,sd2.1+ff+499,fake,datasets/DF40/sd2.1/ff/499/657_527.png
000326,EFS,ff,DF40_TEST_EFS_ff,sd2.1+ff+309,fake,datasets/DF40/sd2.1/ff/309/100_108.png
000327,EFS,ff,DF40_TEST_EFS_ff,sd2.1+ff+210,fake,datasets/DF40/sd2.1/ff/210/489_072.png
000328,EFS,ff,DF40_TEST_EFS_ff,sd2.1+ff+960,fake,datasets/DF40/sd2.1/ff/960/884_209.png
000329,EFS,ff,DF40_TEST_EFS_ff,StyleGAN3+ff+186,fake,datasets/DF40/StyleGAN3/ff/186/seed18763.png
000330,EFS,ff,DF40_TEST_EFS_ff,StyleGAN3+ff+352,fake,datasets/DF40/StyleGAN3/ff/352/seed2492.png
000331,EFS,ff,DF40_TEST_EFS_ff,sd2.1+ff+815,fake,datasets/DF40/sd2.1/ff/815/914_069.png
000332,EFS,ff,DF40_TEST_EFS_ff,sd2.1+ff+284,fake,datasets/DF40/sd2.1/ff/284/465_148.png
000333,EFS,ff,DF40_TEST_EFS_ff,ddim+ff+949,fake,datasets/DF40/ddim/ff/949/300_154.png
000334,EFS,ff,DF40_TEST_EFS_ff,VQGAN+ff+012,fake,datasets/DF40/VQGAN/ff/012/000852.png
000335,EFS,ff,DF40_TEST_EFS_ff,RDDM+ff+661,fake,datasets/DF40/RDDM/ff/661/sample-5683.png
000336,EFS,ff,DF40_TEST_EFS_ff,sd2.1+ff+418,fake,datasets/DF40/sd2.1/ff/418/659_419.png
000337,EFS,ff,DF40_TEST_EFS_ff,VQGAN+ff+384,fake,datasets/DF40/VQGAN/ff/384/002933.png
000338,EFS,ff,DF40_TEST_EFS_ff,RDDM+ff+384,fake,datasets/DF40/RDDM/ff/384/sample-1182.png
000339,EFS,ff,DF40_TEST_EFS_ff,VQGAN+ff+669,fake,datasets/DF40/VQGAN/ff/669/004437.png
000340,EFS,ff,DF40_TEST_EFS_ff,StyleGAN3+ff+725,fake,datasets/DF40/StyleGAN3/ff/725/seed3871.png
000341,EFS,ff,DF40_TEST_EFS_ff,pixart+ff+725,fake,datasets/DF40/pixart/ff/725/007_390.png
000342,EFS,ff,DF40_TEST_EFS_ff,SiT+ff+420,fake,datasets/DF40/SiT/ff/420/15260.png
000343,EFS,ff,DF40_TEST_EFS_ff,ddim+ff+399,fake,datasets/DF40/ddim/ff/399/645_124.png
000344,EFS,ff,DF40_TEST_EFS_ff,ddim+ff+015,fake,datasets/DF40/ddim/ff/015/684_144.png
000345,EFS,ff,DF40_TEST_EFS_ff,sd2.1+ff+400,fake,datasets/DF40/sd2.1/ff/400/892_070.png
000346,EFS,ff,DF40_TEST_EFS_ff,SiT+ff+367,fake,datasets/DF40/SiT/ff/367/17506.png
000347,EFS,ff,DF40_TEST_EFS_ff,StyleGAN2+ff+026,fake,datasets/DF40/StyleGAN2/ff/026/seed13673.png
000348,EFS,ff,DF40_TEST_EFS_ff,sd2.1+ff+448,fake,datasets/DF40/sd2.1/ff/448/624_078.png
000349,EFS,ff,DF40_TEST_EFS_ff,DiT+ff+462,fake,datasets/DF40/DiT/ff/462/367.png
000350,EFS,ff,DF40_TEST_EFS_ff,StyleGAN3+ff+552,fake,datasets/DF40/StyleGAN3/ff/552/seed13023.png
000351,EFS,ff,DF40_TEST_EFS_ff,StyleGAN3+ff+868,fake,datasets/DF40/StyleGAN3/ff/868/seed17176.png
000352,EFS,ff,DF40_TEST_EFS_ff,DiT+ff+731,fake,datasets/DF40/DiT/ff/731/14380.png
000353,EFS,ff,DF40_TEST_EFS_ff,ddim+ff+739,fake,datasets/DF40/ddim/ff/739/643_245.png
000354,EFS,ff,DF40_TEST_EFS_ff,sd2.1+ff+233,fake,datasets/DF40/sd2.1/ff/233/272_041.png
000355,EFS,ff,DF40_TEST_EFS_ff,sd2.1+ff+083,fake,datasets/DF40/sd2.1/ff/083/361_307.png
000356,EFS,ff,DF40_TEST_EFS_ff,sd2.1+ff+426,fake,datasets/DF40/sd2.1/ff/426/289_576.png
000357,EFS,ff,DF40_TEST_EFS_ff,DiT+ff+683,fake,datasets/DF40/DiT/ff/683/20558.png
000358,EFS,ff,DF40_TEST_EFS_ff,RDDM+ff+358,fake,datasets/DF40/RDDM/ff/358/sample-15220.png
000359,EFS,ff,DF40_TEST_EFS_ff,sd2.1+ff+814,fake,datasets/DF40/sd2.1/ff/814/999_140.png
000360,EFS,ff,DF40_TEST_EFS_ff,sd2.1+ff+126,fake,datasets/DF40/sd2.1/ff/126/623_033.png
000361,EFS,ff,DF40_TEST_EFS_ff,VQGAN+ff+707,fake,datasets/DF40/VQGAN/ff/707/009407.png
000362,EFS,ff,DF40_TEST_EFS_ff,VQGAN+ff+670,fake,datasets/DF40/VQGAN/ff/670/012211.png
000363,EFS,ff,DF40_TEST_EFS_ff,sd2.1+ff+531,fake,datasets/DF40/sd2.1/ff/531/013_064.png
000364,EFS,ff,DF40_TEST_EFS_ff,StyleGANXL+ff+670,fake,datasets/DF40/StyleGANXL/ff/670/seed7947.png
000365,EFS,ff,DF40_TEST_EFS_ff,StyleGAN3+ff+731,fake,datasets/DF40/StyleGAN3/ff/731/seed2931.png
000366,EFS,ff,DF40_TEST_EFS_ff,sd2.1+ff+305,fake,datasets/DF40/sd2.1/ff/305/180_329.png
000367,EFS,ff,DF40_TEST_EFS_ff,sd2.1+ff+477,fake,datasets/DF40/sd2.1/ff/477/846_317.png
000368,EFS,ff,DF40_TEST_EFS_ff,SiT+ff+467,fake,datasets/DF40/SiT/ff/467/8611.png
000369,EFS,ff,DF40_TEST_EFS_ff,pixart+ff+485,fake,datasets/DF40/pixart/ff/485/107_429.png
000370,EFS,ff,DF40_TEST_EFS_ff,sd2.1+ff+759,fake,datasets/DF40/sd2.1/ff/759/106_034.png
000371,EFS,ff,DF40_TEST_EFS_ff,RDDM+ff+418,fake,datasets/DF40/RDDM/ff/418/sample-5607.png
000372,EFS,ff,DF40_TEST_EFS_ff,sd2.1+ff+688,fake,datasets/DF40/sd2.1/ff/688/561_066.png
000373,EFS,ff,DF40_TEST_EFS_ff,StyleGAN2+ff+358,fake,datasets/DF40/StyleGAN2/ff/358/seed5731.png
000374,EFS,ff,DF40_TEST_EFS_ff,DiT+ff+623,fake,datasets/DF40/DiT/ff/623/2952.png
000375,EFS,ff,DF40_TEST_EFS_ff,sd2.1+ff+347,fake,datasets/DF40/sd2.1/ff/347/566_465.png
000376,EFS,ff,DF40_TEST_EFS_ff,pixart+ff+078,fake,datasets/DF40/pixart/ff/078/413_012.png
000377,EFS,ff,DF40_TEST_EFS_ff,sd2.1+ff+758,fake,datasets/DF40/sd2.1/ff/758/815_290.png
000378,EFS,ff,DF40_TEST_EFS_ff,sd2.1+ff+455,fake,datasets/DF40/sd2.1/ff/455/413_109.png
000379,EFS,ff,DF40_TEST_EFS_ff,RDDM+ff+725,fake,datasets/DF40/RDDM/ff/725/sample-8961.png
000380,EFS,ff,DF40_TEST_EFS_ff,sd2.1+ff+295,fake,datasets/DF40/sd2.1/ff/295/186_118.png
000381,EFS,ff,DF40_TEST_EFS_ff,DiT+ff+220,fake,datasets/DF40/DiT/ff/220/1573.png
000382,EFS,ff,DF40_TEST_EFS_ff,sd2.1+ff+128,fake,datasets/DF40/sd2.1/ff/128/634_228.png
000383,EFS,ff,DF40_TEST_EFS_ff,pixart+ff+035,fake,datasets/DF40/pixart/ff/035/076_296.png
000384,EFS,ff,DF40_TEST_EFS_ff,RDDM+ff+731,fake,datasets/DF40/RDDM/ff/731/sample-3822.png
000385,EFS,ff,DF40_TEST_EFS_ff,ddim+ff+314,fake,datasets/DF40/ddim/ff/314/991_000.png
000386,EFS,ff,DF40_TEST_EFS_ff,sd2.1+ff+497,fake,datasets/DF40/sd2.1/ff/497/794_736.png
000387,EFS,ff,DF40_TEST_EFS_ff,SiT+ff+227,fake,datasets/DF40/SiT/ff/227/13306.png
000388,EFS,ff,DF40_TEST_EFS_ff,pixart+ff+418,fake,datasets/DF40/pixart/ff/418/659_419.png
000389,EFS,ff,DF40_TEST_EFS_ff,sd2.1+ff+498,fake,datasets/DF40/sd2.1/ff/498/737_261.png
000390,EFS,ff,DF40_TEST_EFS_ff,StyleGAN3+ff+705,fake,datasets/DF40/StyleGAN3/ff/705/seed9534.png
000391,EFS,ff,DF40_TEST_EFS_ff,sd2.1+ff+935,fake,datasets/DF40/sd2.1/ff/935/508_310.png
000392,EFS,ff,DF40_TEST_EFS_ff,sd2.1+ff+340,fake,datasets/DF40/sd2.1/ff/340/278_115.png
000393,EFS,ff,DF40_TEST_EFS_ff,pixart+ff+552,fake,datasets/DF40/pixart/ff/552/877_569.png
000394,EFS,ff,DF40_TEST_EFS_ff,sd2.1+ff+912,fake,datasets/DF40/sd2.1/ff/912/084_084.png
000395,EFS,ff,DF40_TEST_EFS_ff,sd2.1+ff+294,fake,datasets/DF40/sd2.1/ff/294/768_021.png
000396,EFS,ff,DF40_TEST_EFS_ff,sd2.1+ff+289,fake,datasets/DF40/sd2.1/ff/289/536_135.png
000397,EFS,ff,DF40_TEST_EFS_ff,sd2.1+ff+214,fake,datasets/DF40/sd2.1/ff/214/777_125.png
000398,EFS,ff,DF40_TEST_EFS_ff,sd2.1+ff+895,fake,datasets/DF40/sd2.1/ff/895/478_482.png
000399,EFS,ff,DF40_TEST_EFS_ff,sd2.1+ff+667,fake,datasets/DF40/sd2.1/ff/667/908_300.png
000400,EFS,ff,DF40_TEST_EFS_ff,sd2.1+ff+209,fake,datasets/DF40/sd2.1/ff/209/874_120.png
000401,EFS,ff,DF40_TEST_EFS_ff,ddim+ff+851,fake,datasets/DF40/ddim/ff/851/429_176.png
000402,EFS,ff,DF40_TEST_EFS_ff,sd2.1+ff+539,fake,datasets/DF40/sd2.1/ff/539/962_355.png
000403,EFS,ff,DF40_TEST_EFS_ff,pixart+ff+714,fake,datasets/DF40/pixart/ff/714/011_122.png
000404,EFS,ff,DF40_TEST_EFS_ff,DiT+ff+026,fake,datasets/DF40/DiT/ff/026/10799.png
000405,EFS,ff,DF40_TEST_EFS_ff,pixart+ff+529,fake,datasets/DF40/pixart/ff/529/625_277.png
000406,EFS,ff,DF40_TEST_EFS_ff,RDDM+ff+995,fake,datasets/DF40/RDDM/ff/995/sample-12528.png
000407,EFS,ff,DF40_TEST_EFS_ff,StyleGAN3+ff+158,fake,datasets/DF40/StyleGAN3/ff/158/seed8255.png
000408,EFS,ff,DF40_TEST_EFS_ff,SiT+ff+550,fake,datasets/DF40/SiT/ff/550/3492.png
000409,EFS,ff,DF40_TEST_EFS_ff,sd2.1+ff+907,fake,datasets/DF40/sd2.1/ff/907/746_015.png
000410,EFS,ff,DF40_TEST_EFS_ff,sd2.1+ff+135,fake,datasets/DF40/sd2.1/ff/135/660_262.png
000411,EFS,ff,DF40_TEST_EFS_ff,StyleGAN2+ff+015,fake,datasets/DF40/StyleGAN2/ff/015/seed9121.png
000412,EFS,ff,DF40_TEST_EFS_ff,sd2.1+ff+970,fake,datasets/DF40/sd2.1/ff/970/792_184.png
000413,EFS,ff,DF40_TEST_EFS_ff,pixart+ff+367,fake,datasets/DF40/pixart/ff/367/553_128.png
000414,EFS,ff,DF40_TEST_EFS_ff,SiT+ff+000,fake,datasets/DF40/SiT/ff/000/1505.png
000415,EFS,ff,DF40_TEST_EFS_ff,StyleGANXL+ff+347,fake,datasets/DF40/StyleGANXL/ff/347/seed4556.png
000416,EFS,ff,DF40_TEST_EFS_ff,sd2.1+ff+957,fake,datasets/DF40/sd2.1/ff/957/531_041.png
000417,EFS,ff,DF40_TEST_EFS_ff,RDDM+ff+135,fake,datasets/DF40/RDDM/ff/135/sample-9500.png
000418,EFS,ff,DF40_TEST_EFS_ff,DiT+ff+660,fake,datasets/DF40/DiT/ff/660/19749.png
000419,EFS,ff,DF40_TEST_EFS_ff,sd2.1+ff+876,fake,datasets/DF40/sd2.1/ff/876/008_287.png
000420,EFS,ff,DF40_TEST_EFS_ff,VQGAN+ff+138,fake,datasets/DF40/VQGAN/ff/138/009603.png
000421,EFS,ff,DF40_TEST_EFS_ff,RDDM+ff+233,fake,datasets/DF40/RDDM/ff/233/sample-1416.png
000422,EFS,ff,DF40_TEST_EFS_ff,pixart+ff+634,fake,datasets/DF40/pixart/ff/634/415_380.png
000423,EFS,ff,DF40_TEST_EFS_ff,sd2.1+ff+384,fake,datasets/DF40/sd2.1/ff/384/936_229.png
000424,EFS,ff,DF40_TEST_EFS_ff,SiT+ff+454,fake,datasets/DF40/SiT/ff/454/20895.png
000425,EFS,ff,DF40_TEST_EFS_ff,StyleGANXL+ff+026,fake,datasets/DF40/StyleGANXL/ff/026/seed7237.png
000426,EFS,ff,DF40_TEST_EFS_ff,SiT+ff+953,fake,datasets/DF40/SiT/ff/953/19247.png
000427,EFS,ff,DF40_TEST_EFS_ff,pixart+ff+695,fake,datasets/DF40/pixart/ff/695/120_364.png
000428,EFS,ff,DF40_TEST_EFS_ff,sd2.1+ff+820,fake,datasets/DF40/sd2.1/ff/820/426_183.png
000429,EFS,ff,DF40_TEST_EFS_ff,RDDM+ff+634,fake,datasets/DF40/RDDM/ff/634/sample-15114.png
000430,EFS,ff,DF40_TEST_EFS_ff,sd2.1+ff+996,fake,datasets/DF40/sd2.1/ff/996/437_190.png
000431,EFS,ff,DF40_TEST_EFS_ff,sd2.1+ff+003,fake,datasets/DF40/sd2.1/ff/003/438_139.png
000432,EFS,ff,DF40_TEST_EFS_ff,StyleGANXL+ff+047,fake,datasets/DF40/StyleGANXL/ff/047/seed17554.png
000433,EFS,ff,DF40_TEST_EFS_ff,sd2.1+ff+760,fake,datasets/DF40/sd2.1/ff/760/360_210.png
000434,EFS,ff,DF40_TEST_EFS_ff,ddim+ff+423,fake,datasets/DF40/ddim/ff/423/489_473.png
000435,EFS,ff,DF40_TEST_EFS_ff,sd2.1+ff+165,fake,datasets/DF40/sd2.1/ff/165/229_189.png
000436,EFS,ff,DF40_TEST_EFS_ff,RDDM+ff+932,fake,datasets/DF40/RDDM/ff/932/sample-19448.png
000437,EFS,ff,DF40_TEST_EFS_ff,RDDM+ff+452,fake,datasets/DF40/RDDM/ff/452/sample-3057.png
000438,EFS,ff,DF40_TEST_EFS_ff,StyleGAN2+ff+135,fake,datasets/DF40/StyleGAN2/ff/135/seed17860.png
000439,EFS,ff,DF40_TEST_EFS_ff,sd2.1+ff+516,fake,datasets/DF40/sd2.1/ff/516/012_011.png
000440,EFS,ff,DF40_TEST_EFS_ff,sd2.1+ff+963,fake,datasets/DF40/sd2.1/ff/963/156_250.png
000441,EFS,ff,DF40_TEST_EFS_ff,StyleGAN3+ff+445,fake,datasets/DF40/StyleGAN3/ff/445/seed0027.png
000442,EFS,ff,DF40_TEST_EFS_ff,SiT+ff+485,fake,datasets/DF40/SiT/ff/485/17981.png
000443,EFS,ff,DF40_TEST_EFS_ff,StyleGAN2+ff+467,fake,datasets/DF40/StyleGAN2/ff/467/seed8204.png
000444,EFS,ff,DF40_TEST_EFS_ff,sd2.1+ff+117,fake,datasets/DF40/sd2.1/ff/117/673_533.png
000445,EFS,ff,DF40_TEST_EFS_ff,DiT+ff+550,fake,datasets/DF40/DiT/ff/550/3678.png
000446,EFS,ff,DF40_TEST_EFS_ff,sd2.1+ff+464,fake,datasets/DF40/sd2.1/ff/464/550_114.png
000447,EFS,ff,DF40_TEST_EFS_ff,ddim+ff+731,fake,datasets/DF40/ddim/ff/731/045_157.png
000448,EFS,ff,DF40_TEST_EFS_ff,DiT+ff+675,fake,datasets/DF40/DiT/ff/675/19320.png
000449,EFS,ff,DF40_TEST_EFS_ff,sd2.1+ff+933,fake,datasets/DF40/sd2.1/ff/933/669_110.png
000450,EFS,ff,DF40_TEST_EFS_ff,StyleGANXL+ff+462,fake,datasets/DF40/StyleGANXL/ff/462/seed15499.png
000451,EFS,ff,DF40_TEST_EFS_ff,VQGAN+ff+630,fake,datasets/DF40/VQGAN/ff/630/017520.png
000452,EFS,ff,DF40_TEST_EFS_ff,sd2.1+ff+187,fake,datasets/DF40/sd2.1/ff/187/705_060.png
000453,EFS,ff,DF40_TEST_EFS_ff,DiT+ff+452,fake,datasets/DF40/DiT/ff/452/11271.png
000454,EFS,ff,DF40_TEST_EFS_ff,RDDM+ff+675,fake,datasets/DF40/RDDM/ff/675/sample-1413.png
000455,EFS,ff,DF40_TEST_EFS_ff,sd2.1+ff+821,fake,datasets/DF40/sd2.1/ff/821/689_424.png
000456,EFS,ff,DF40_TEST_EFS_ff,sd2.1+ff+340,fake,datasets/DF40/sd2.1/ff/340/769_451.png
000457,EFS,ff,DF40_TEST_EFS_ff,pixart+ff+851,fake,datasets/DF40/pixart/ff/851/038_039.png
000458,EFS,ff,DF40_TEST_EFS_ff,sd2.1+ff+204,fake,datasets/DF40/sd2.1/ff/204/617_190.png
000459,EFS,ff,DF40_TEST_EFS_ff,pixart+ff+924,fake,datasets/DF40/pixart/ff/924/673_228.png
000460,EFS,ff,DF40_TEST_EFS_ff,sd2.1+ff+099,fake,datasets/DF40/sd2.1/ff/099/949_640.png
000461,EFS,ff,DF40_TEST_EFS_ff,pixart+ff+454,fake,datasets/DF40/pixart/ff/454/041_078.png
000462,EFS,ff,DF40_TEST_EFS_ff,StyleGANXL+ff+661,fake,datasets/DF40/StyleGANXL/ff/661/seed7916.png
000463,EFS,ff,DF40_TEST_EFS_ff,pixart+ff+142,fake,datasets/DF40/pixart/ff/142/954_266.png
000464,EFS,ff,DF40_TEST_EFS_ff,pixart+ff+003,fake,datasets/DF40/pixart/ff/003/643_316.png
000465,EFS,ff,DF40_TEST_EFS_ff,sd2.1+ff+337,fake,datasets/DF40/sd2.1/ff/337/678_308.png
000466,EFS,ff,DF40_TEST_EFS_ff,sd2.1+ff+597,fake,datasets/DF40/sd2.1/ff/597/994_254.png
000467,EFS,other,DF40_TEST_EFS_other,whichisreal+fake,fake,datasets/DF40/whichisreal/fake/554.png
000468,EFS,other,DF40_TEST_EFS_other,MidJourney+fake,fake,datasets/DF40/MidJourney/fake/13592447708_Clean_East_Asian_male_face_face_only_shown_face_clo_723bf8e8-8e2c-4684-a9d4-1c250785ccec.png
000469,EFS,other,DF40_TEST_EFS_other,whichisreal+fake,fake,datasets/DF40/whichisreal/fake/878.png
000470,EFS,other,DF40_TEST_EFS_other,whichisreal+fake,fake,datasets/DF40/whichisreal/fake/64.png
000471,EFS,other,DF40_TEST_EFS_other,MidJourney+fake,fake,datasets/DF40/MidJourney/fake/13592447708_Clean_caucasian_female_face_face_only_shown_face_cl_b05907a4-757d-4c56-b33c-85c8cd1c004d.png
000472,EFS,other,DF40_TEST_EFS_other,whichisreal+fake,fake,datasets/DF40/whichisreal/fake/338.png
000473,EFS,other,DF40_TEST_EFS_other,whichisreal+fake,fake,datasets/DF40/whichisreal/fake/7.png
000474,EFS,other,DF40_TEST_EFS_other,MidJourney+fake,fake,datasets/DF40/MidJourney/fake/13592447708_Single_person_East_Asian_male_looking_at_the_camera_3a9d6224-303a-493a-a8ec-5fe7d544cc59.png
000475,EFS,other,DF40_TEST_EFS_other,MidJourney+fake,fake,datasets/DF40/MidJourney/fake/13592447708_Single_person_East_Asian_male_looking_at_the_camera_34387ac2-4c27-49cf-8534-783c5e03f418.png
000476,EFS,other,DF40_TEST_EFS_other,whichisreal+fake,fake,datasets/DF40/whichisreal/fake/626.png
000477,EFS,other,DF40_TEST_EFS_other,MidJourney+fake,fake,datasets/DF40/MidJourney/fake/13592447708_Single_person_black_male_looking_at_the_camera_faci_61d41a5c-090a-4844-9ff6-3eebeb018838.png
000478,EFS,other,DF40_TEST_EFS_other,MidJourney+fake,fake,datasets/DF40/MidJourney/fake/13592447708_black_female_face_face_only_face_close-up_face_clos_5d7eb81d-5ceb-4b06-8cf8-81e41d0f74b1.png
000479,EFS,other,DF40_TEST_EFS_other,whichisreal+fake,fake,datasets/DF40/whichisreal/fake/954.png
000480,EFS,other,DF40_TEST_EFS_other,whichisreal+fake,fake,datasets/DF40/whichisreal/fake/537.png
000481,EFS,other,DF40_TEST_EFS_other,MidJourney+fake,fake,datasets/DF40/MidJourney/fake/13592447708_Face_of_clean_caucasian_male_face_only_shown_close-_962d2b24-8bb3-4e17-a82e-0093e3f68f36.png
000482,EFS,other,DF40_TEST_EFS_other,whichisreal+fake,fake,datasets/DF40/whichisreal/fake/514.png
000483,EFS,other,DF40_TEST_EFS_other,MidJourney+fake,fake,datasets/DF40/MidJourney/fake/13592447708_Single_person_black_male_looking_at_the_camera_faci_e9e35641-008c-4138-9a17-2a39edcd9493.png
000484,EFS,other,DF40_TEST_EFS_other,MidJourney+fake,fake,datasets/DF40/MidJourney/fake/13592447708_Single_person_white_female_looking_at_the_camera_fa_58d72097-436d-466e-812b-5e88a81cb398.png
000485,EFS,other,DF40_TEST_EFS_other,whichisreal+fake,fake,datasets/DF40/whichisreal/fake/875.png
000486,EFS,other,DF40_TEST_EFS_other,MidJourney+fake,fake,datasets/DF40/MidJourney/fake/13592447708_Clean_East_Asian_female_face_face_only_shown_face_c_9a291ec4-afb9-4bb5-ae51-b6c6a0eb0231.png
000487,EFS,other,DF40_TEST_EFS_other,whichisreal+fake,fake,datasets/DF40/whichisreal/fake/864.png
000488,EFS,other,DF40_TEST_EFS_other,whichisreal+fake,fake,datasets/DF40/whichisreal/fake/23.png
000489,EFS,other,DF40_TEST_EFS_other,whichisreal+fake,fake,datasets/DF40/whichisreal/fake/888.png
000490,EFS,other,DF40_TEST_EFS_other,whichisreal+fake,fake,datasets/DF40/whichisreal/fake/963.png
000491,EFS,other,DF40_TEST_EFS_other,whichisreal+fake,fake,datasets/DF40/whichisreal/fake/835.png
000492,EFS,other,DF40_TEST_EFS_other,whichisreal+fake,fake,datasets/DF40/whichisreal/fake/840.png
000493,EFS,other,DF40_TEST_EFS_other,whichisreal+fake,fake,datasets/DF40/whichisreal/fake/787.png
000494,EFS,other,DF40_TEST_EFS_other,whichisreal+fake,fake,datasets/DF40/whichisreal/fake/991.png
000495,EFS,other,DF40_TEST_EFS_other,MidJourney+fake,fake,datasets/DF40/MidJourney/fake/13592447708_black_female_face_face_only_face_close-up_face_clos_8ecb786f-f259-4948-8e39-777b82918a51.png
000496,EFS,other,DF40_TEST_EFS_other,whichisreal+fake,fake,datasets/DF40/whichisreal/fake/388.png
000497,EFS,other,DF40_TEST_EFS_other,MidJourney+fake,fake,datasets/DF40/MidJourney/fake/13592447708_Single_person_black_male_looking_at_the_camera_faci_b95777ed-eecf-4d37-8dd0-42d1aaeac21a.png
000498,EFS,other,DF40_TEST_EFS_other,whichisreal+fake,fake,datasets/DF40/whichisreal/fake/349.png
000499,EFS,other,DF40_TEST_EFS_other,MidJourney+fake,fake,datasets/DF40/MidJourney/fake/13592447708_Single_person_white_female_looking_at_the_camera_fa_f79cf719-4f39-49da-920f-e6d16c811533.png
000500,EFS,other,DF40_TEST_EFS_other,whichisreal+fake,fake,datasets/DF40/whichisreal/fake/845.png
000501,FE,cdf,DF40_TEST_FE_cdf,e4e+cdf+YouTube-real+inversions,fake,datasets/DF40/e4e/cdf/YouTube-real/inversions/07445.jpg
000502,FE,cdf,DF40_TEST_FE_cdf,e4e+cdf+Celeb-real+inversions,fake,datasets/DF40/e4e/cdf/Celeb-real/inversions/09704.jpg
000503,FE,cdf,DF40_TEST_FE_cdf,e4e+cdf+Celeb-real+inversions,fake,datasets/DF40/e4e/cdf/Celeb-real/inversions/01951.jpg
000504,FE,cdf,DF40_TEST_FE_cdf,e4e+cdf+YouTube-real+inversions,fake,datasets/DF40/e4e/cdf/YouTube-real/inversions/01827.jpg
000505,FE,cdf,DF40_TEST_FE_cdf,e4e+cdf+Celeb-real+inversions,fake,datasets/DF40/e4e/cdf/Celeb-real/inversions/13175.jpg
000506,FE,cdf,DF40_TEST_FE_cdf,e4e+cdf+Celeb-real+inversions,fake,datasets/DF40/e4e/cdf/Celeb-real/inversions/08031.jpg
000507,FE,cdf,DF40_TEST_FE_cdf,e4e+cdf+YouTube-real+inversions,fake,datasets/DF40/e4e/cdf/YouTube-real/inversions/09147.jpg
000508,FE,cdf,DF40_TEST_FE_cdf,e4e+cdf+Celeb-real+inversions,fake,datasets/DF40/e4e/cdf/Celeb-real/inversions/17878.jpg
000509,FE,cdf,DF40_TEST_FE_cdf,e4e+cdf+Celeb-real+inversions,fake,datasets/DF40/e4e/cdf/Celeb-real/inversions/05986.jpg
000510,FE,cdf,DF40_TEST_FE_cdf,e4e+cdf+Celeb-real+inversions,fake,datasets/DF40/e4e/cdf/Celeb-real/inversions/07174.jpg
000511,FE,cdf,DF40_TEST_FE_cdf,e4e+cdf+Celeb-real+inversions,fake,datasets/DF40/e4e/cdf/Celeb-real/inversions/15119.jpg
000512,FE,cdf,DF40_TEST_FE_cdf,e4e+cdf+Celeb-real+inversions,fake,datasets/DF40/e4e/cdf/Celeb-real/inversions/14498.jpg
000513,FE,cdf,DF40_TEST_FE_cdf,e4e+cdf+Celeb-real+inversions,fake,datasets/DF40/e4e/cdf/Celeb-real/inversions/02758.jpg
000514,FE,cdf,DF40_TEST_FE_cdf,e4e+cdf+Celeb-real+inversions,fake,datasets/DF40/e4e/cdf/Celeb-real/inversions/15071.jpg
000515,FE,cdf,DF40_TEST_FE_cdf,e4e+cdf+Celeb-real+inversions,fake,datasets/DF40/e4e/cdf/Celeb-real/inversions/16590.jpg
000516,FE,cdf,DF40_TEST_FE_cdf,e4e+cdf+Celeb-real+inversions,fake,datasets/DF40/e4e/cdf/Celeb-real/inversions/03145.jpg
000517,FE,cdf,DF40_TEST_FE_cdf,e4e+cdf+YouTube-real+inversions,fake,datasets/DF40/e4e/cdf/YouTube-real/inversions/08279.jpg
000518,FE,cdf,DF40_TEST_FE_cdf,e4e+cdf+YouTube-real+inversions,fake,datasets/DF40/e4e/cdf/YouTube-real/inversions/01605.jpg
000519,FE,cdf,DF40_TEST_FE_cdf,e4e+cdf+YouTube-real+inversions,fake,datasets/DF40/e4e/cdf/YouTube-real/inversions/01545.jpg
000520,FE,cdf,DF40_TEST_FE_cdf,e4e+cdf+YouTube-real+inversions,fake,datasets/DF40/e4e/cdf/YouTube-real/inversions/04611.jpg
000521,FE,cdf,DF40_TEST_FE_cdf,e4e+cdf+YouTube-real+inversions,fake,datasets/DF40/e4e/cdf/YouTube-real/inversions/07924.jpg
000522,FE,cdf,DF40_TEST_FE_cdf,e4e+cdf+YouTube-real+inversions,fake,datasets/DF40/e4e/cdf/YouTube-real/inversions/00804.jpg
000523,FE,cdf,DF40_TEST_FE_cdf,e4e+cdf+Celeb-real+inversions,fake,datasets/DF40/e4e/cdf/Celeb-real/inversions/15730.jpg
000524,FE,cdf,DF40_TEST_FE_cdf,e4e+cdf+Celeb-real+inversions,fake,datasets/DF40/e4e/cdf/Celeb-real/inversions/10835.jpg
000525,FE,cdf,DF40_TEST_FE_cdf,e4e+cdf+YouTube-real+inversions,fake,datasets/DF40/e4e/cdf/YouTube-real/inversions/01038.jpg
000526,FE,cdf,DF40_TEST_FE_cdf,e4e+cdf+YouTube-real+inversions,fake,datasets/DF40/e4e/cdf/YouTube-real/inversions/06762.jpg
000527,FE,cdf,DF40_TEST_FE_cdf,e4e+cdf+Celeb-real+inversions,fake,datasets/DF40/e4e/cdf/Celeb-real/inversions/03118.jpg
000528,FE,cdf,DF40_TEST_FE_cdf,e4e+cdf+Celeb-real+inversions,fake,datasets/DF40/e4e/cdf/Celeb-real/inversions/15630.jpg
000529,FE,cdf,DF40_TEST_FE_cdf,e4e+cdf+Celeb-real+inversions,fake,datasets/DF40/e4e/cdf/Celeb-real/inversions/08164.jpg
000530,FE,cdf,DF40_TEST_FE_cdf,e4e+cdf+Celeb-real+inversions,fake,datasets/DF40/e4e/cdf/Celeb-real/inversions/01271.jpg
000531,FE,cdf,DF40_TEST_FE_cdf,e4e+cdf+YouTube-real+inversions,fake,datasets/DF40/e4e/cdf/YouTube-real/inversions/03266.jpg
000532,FE,cdf,DF40_TEST_FE_cdf,e4e+cdf+YouTube-real+inversions,fake,datasets/DF40/e4e/cdf/YouTube-real/inversions/06575.jpg
000533,FE,cdf,DF40_TEST_FE_cdf,e4e+cdf+YouTube-real+inversions,fake,datasets/DF40/e4e/cdf/YouTube-real/inversions/02430.jpg
000534,FE,cdf,DF40_TEST_FE_cdf,e4e+cdf+YouTube-real+inversions,fake,datasets/DF40/e4e/cdf/YouTube-real/inversions/08004.jpg
000535,FE,cdf,DF40_TEST_FE_cdf,e4e+cdf+YouTube-real+inversions,fake,datasets/DF40/e4e/cdf/YouTube-real/inversions/07329.jpg
000536,FE,cdf,DF40_TEST_FE_cdf,e4e+cdf+YouTube-real+inversions,fake,datasets/DF40/e4e/cdf/YouTube-real/inversions/08538.jpg
000537,FE,cdf,DF40_TEST_FE_cdf,e4e+cdf+YouTube-real+inversions,fake,datasets/DF40/e4e/cdf/YouTube-real/inversions/08828.jpg
000538,FE,cdf,DF40_TEST_FE_cdf,e4e+cdf+Celeb-real+inversions,fake,datasets/DF40/e4e/cdf/Celeb-real/inversions/09832.jpg
000539,FE,cdf,DF40_TEST_FE_cdf,e4e+cdf+Celeb-real+inversions,fake,datasets/DF40/e4e/cdf/Celeb-real/inversions/10070.jpg
000540,FE,cdf,DF40_TEST_FE_cdf,e4e+cdf+Celeb-real+inversions,fake,datasets/DF40/e4e/cdf/Celeb-real/inversions/15577.jpg
000541,FE,cdf,DF40_TEST_FE_cdf,e4e+cdf+YouTube-real+inversions,fake,datasets/DF40/e4e/cdf/YouTube-real/inversions/00048.jpg
000542,FE,cdf,DF40_TEST_FE_cdf,e4e+cdf+Celeb-real+inversions,fake,datasets/DF40/e4e/cdf/Celeb-real/inversions/08561.jpg
000543,FE,cdf,DF40_TEST_FE_cdf,e4e+cdf+YouTube-real+inversions,fake,datasets/DF40/e4e/cdf/YouTube-real/inversions/08402.jpg
000544,FE,cdf,DF40_TEST_FE_cdf,e4e+cdf+YouTube-real+inversions,fake,datasets/DF40/e4e/cdf/YouTube-real/inversions/08405.jpg
000545,FE,cdf,DF40_TEST_FE_cdf,e4e+cdf+Celeb-real+inversions,fake,datasets/DF40/e4e/cdf/Celeb-real/inversions/12813.jpg
000546,FE,cdf,DF40_TEST_FE_cdf,e4e+cdf+YouTube-real+inversions,fake,datasets/DF40/e4e/cdf/YouTube-real/inversions/06205.jpg
000547,FE,cdf,DF40_TEST_FE_cdf,e4e+cdf+YouTube-real+inversions,fake,datasets/DF40/e4e/cdf/YouTube-real/inversions/00995.jpg
000548,FE,cdf,DF40_TEST_FE_cdf,e4e+cdf+Celeb-real+inversions,fake,datasets/DF40/e4e/cdf/Celeb-real/inversions/10503.jpg
000549,FE,cdf,DF40_TEST_FE_cdf,e4e+cdf+Celeb-real+inversions,fake,datasets/DF40/e4e/cdf/Celeb-real/inversions/13020.jpg
000550,FE,cdf,DF40_TEST_FE_cdf,e4e+cdf+Celeb-real+inversions,fake,datasets/DF40/e4e/cdf/Celeb-real/inversions/01196.jpg
000551,FE,cdf,DF40_TEST_FE_cdf,e4e+cdf+YouTube-real+inversions,fake,datasets/DF40/e4e/cdf/YouTube-real/inversions/08754.jpg
000552,FE,cdf,DF40_TEST_FE_cdf,e4e+cdf+YouTube-real+inversions,fake,datasets/DF40/e4e/cdf/YouTube-real/inversions/08960.jpg
000553,FE,cdf,DF40_TEST_FE_cdf,e4e+cdf+YouTube-real+inversions,fake,datasets/DF40/e4e/cdf/YouTube-real/inversions/08347.jpg
000554,FE,cdf,DF40_TEST_FE_cdf,e4e+cdf+YouTube-real+inversions,fake,datasets/DF40/e4e/cdf/YouTube-real/inversions/06346.jpg
000555,FE,cdf,DF40_TEST_FE_cdf,e4e+cdf+YouTube-real+inversions,fake,datasets/DF40/e4e/cdf/YouTube-real/inversions/02375.jpg
000556,FE,ff,DF40_TEST_FE_ff,e4e+ff+527,fake,datasets/DF40//e4e/ff/527/16868.jpg
000557,FE,ff,DF40_TEST_FE_ff,e4e+ff+521,fake,datasets/DF40//e4e/ff/521/16666.jpg
000558,FE,ff,DF40_TEST_FE_ff,e4e+ff+552,fake,datasets/DF40//e4e/ff/552/17683.jpg
000559,FE,ff,DF40_TEST_FE_ff,e4e+ff+924,fake,datasets/DF40//e4e/ff/924/29585.jpg
000560,FE,ff,DF40_TEST_FE_ff,e4e+ff+479,fake,datasets/DF40//e4e/ff/479/15322.jpg
000561,FE,ff,DF40_TEST_FE_ff,e4e+ff+660,fake,datasets/DF40//e4e/ff/660/21132.jpg
000562,FE,ff,DF40_TEST_FE_ff,e4e+ff+607,fake,datasets/DF40//e4e/ff/607/19442.jpg
000563,FE,ff,DF40_TEST_FE_ff,e4e+ff+932,fake,datasets/DF40//e4e/ff/932/29839.jpg
000564,FE,ff,DF40_TEST_FE_ff,e4e+ff+633,fake,datasets/DF40//e4e/ff/633/20248.jpg
000565,FE,ff,DF40_TEST_FE_ff,e4e+ff+154,fake,datasets/DF40//e4e/ff/154/04944.jpg
000566,FE,ff,DF40_TEST_FE_ff,e4e+ff+842,fake,datasets/DF40//e4e/ff/842/26956.jpg
000567,FE,ff,DF40_TEST_FE_ff,e4e+ff+579,fake,datasets/DF40//e4e/ff/579/18540.jpg
000568,FE,ff,DF40_TEST_FE_ff,e4e+ff+917,fake,datasets/DF40//e4e/ff/917/29342.jpg
000569,FE,ff,DF40_TEST_FE_ff,e4e+ff+812,fake,datasets/DF40//e4e/ff/812/25995.jpg
000570,FE,ff,DF40_TEST_FE_ff,e4e+ff+970,fake,datasets/DF40//e4e/ff/970/31039.jpg
000571,FE,ff,DF40_TEST_FE_ff,e4e+ff+701,fake,datasets/DF40//e4e/ff/701/22435.jpg
000572,FE,ff,DF40_TEST_FE_ff,e4e+ff+675,fake,datasets/DF40//e4e/ff/675/21608.jpg
000573,FE,ff,DF40_TEST_FE_ff,e4e+ff+078,fake,datasets/DF40//e4e/ff/078/02499.jpg
000574,FE,ff,DF40_TEST_FE_ff,e4e+ff+380,fake,datasets/DF40//e4e/ff/380/12166.jpg
000575,FE,ff,DF40_TEST_FE_ff,e4e+ff+379,fake,datasets/DF40//e4e/ff/379/12140.jpg
000576,FE,ff,DF40_TEST_FE_ff,e4e+ff+452,fake,datasets/DF40//e4e/ff/452/14466.jpg
000577,FE,ff,DF40_TEST_FE_ff,e4e+ff+949,fake,datasets/DF40//e4e/ff/949/30370.jpg
000578,FE,ff,DF40_TEST_FE_ff,e4e+ff+896,fake,datasets/DF40//e4e/ff/896/28668.jpg
000579,FE,ff,DF40_TEST_FE_ff,e4e+ff+176,fake,datasets/DF40//e4e/ff/176/05648.jpg
000580,FE,ff,DF40_TEST_FE_ff,e4e+ff+073,fake,datasets/DF40//e4e/ff/073/02342.jpg
000581,FE,ff,DF40_TEST_FE_ff,e4e+ff+880,fake,datasets/DF40//e4e/ff/880/28163.jpg
000582,FE,ff,DF40_TEST_FE_ff,e4e+ff+386,fake,datasets/DF40//e4e/ff/386/12371.jpg
000583,FE,ff,DF40_TEST_FE_ff,e4e+ff+161,fake,datasets/DF40//e4e/ff/161/05161.jpg
000584,FE,ff,DF40_TEST_FE_ff,e4e+ff+024,fake,datasets/DF40//e4e/ff/024/00773.jpg
000585,FE,ff,DF40_TEST_FE_ff,e4e+ff+755,fake,datasets/DF40//e4e/ff/755/24166.jpg
000586,FE,ff,DF40_TEST_FE_ff,e4e+ff+029,fake,datasets/DF40//e4e/ff/029/00959.jpg
000587,FE,ff,DF40_TEST_FE_ff,e4e+ff+420,fake,datasets/DF40//e4e/ff/420/13462.jpg
000588,FE,ff,DF40_TEST_FE_ff,e4e+ff+425,fake,datasets/DF40//e4e/ff/425/13613.jpg
000589,FE,ff,DF40_TEST_FE_ff,e4e+ff+973,fake,datasets/DF40//e4e/ff/973/31129.jpg
000590,FE,ff,DF40_TEST_FE_ff,e4e+ff+670,fake,datasets/DF40//e4e/ff/670/21429.jpg
000591,FE,ff,DF40_TEST_FE_ff,e4e+ff+485,fake,datasets/DF40//e4e/ff/485/15538.jpg
000592,FE,ff,DF40_TEST_FE_ff,e4e+ff+695,fake,datasets/DF40//e4e/ff/695/22251.jpg
000593,FE,ff,DF40_TEST_FE_ff,e4e+ff+376,fake,datasets/DF40//e4e/ff/376/12045.jpg
000594,FE,ff,DF40_TEST_FE_ff,e4e+ff+661,fake,datasets/DF40//e4e/ff/661/21147.jpg
000595,FE,ff,DF40_TEST_FE_ff,e4e+ff+683,fake,datasets/DF40//e4e/ff/683/21850.jpg
000596,FE,ff,DF40_TEST_FE_ff,e4e+ff+422,fake,datasets/DF40//e4e/ff/422/13506.jpg
000597,FE,ff,DF40_TEST_FE_ff,e4e+ff+036,fake,datasets/DF40//e4e/ff/036/01152.jpg
000598,FE,ff,DF40_TEST_FE_ff,e4e+ff+707,fake,datasets/DF40//e4e/ff/707/22628.jpg
000599,FE,ff,DF40_TEST_FE_ff,e4e+ff+855,fake,datasets/DF40//e4e/ff/855/27363.jpg
000600,FE,ff,DF40_TEST_FE_ff,e4e+ff+801,fake,datasets/DF40//e4e/ff/801/25641.jpg
000601,FE,ff,DF40_TEST_FE_ff,e4e+ff+731,fake,datasets/DF40//e4e/ff/731/23386.jpg
000602,FE,ff,DF40_TEST_FE_ff,e4e+ff+321,fake,datasets/DF40//e4e/ff/321/10281.jpg
000603,FE,ff,DF40_TEST_FE_ff,e4e+ff+741,fake,datasets/DF40//e4e/ff/741/23720.jpg
000604,FE,ff,DF40_TEST_FE_ff,e4e+ff+227,fake,datasets/DF40//e4e/ff/227/07294.jpg
000605,FE,ff,DF40_TEST_FE_ff,e4e+ff+919,fake,datasets/DF40//e4e/ff/919/29403.jpg
000606,FE,ff,DF40_TEST_FE_ff,e4e+ff+862,fake,datasets/DF40//e4e/ff/862/27578.jpg
000607,FE,ff,DF40_TEST_FE_ff,e4e+ff+003,fake,datasets/DF40//e4e/ff/003/00116.jpg
000608,FE,ff,DF40_TEST_FE_ff,e4e+ff+634,fake,datasets/DF40//e4e/ff/634/20280.jpg
000609,FE,ff,DF40_TEST_FE_ff,e4e+ff+306,fake,datasets/DF40//e4e/ff/306/09820.jpg
000610,FE,ff,DF40_TEST_FE_ff,e4e+ff+255,fake,datasets/DF40//e4e/ff/255/08168.jpg
000611,FE,ff,DF40_TEST_FE_ff,e4e+ff+494,fake,datasets/DF40//e4e/ff/494/15832.jpg
000612,FE,ff,DF40_TEST_FE_ff,e4e+ff+682,fake,datasets/DF40//e4e/ff/682/21836.jpg
000613,FE,ff,DF40_TEST_FE_ff,e4e+ff+190,fake,datasets/DF40//e4e/ff/190/06092.jpg
000614,FE,ff,DF40_TEST_FE_ff,e4e+ff+995,fake,datasets/DF40//e4e/ff/995/31848.jpg
000615,FE,ff,DF40_TEST_FE_ff,e4e+ff+319,fake,datasets/DF40//e4e/ff/319/10224.jpg
000616,FE,ff,DF40_TEST_FE_ff,e4e+ff+732,fake,datasets/DF40//e4e/ff/732/23431.jpg
000617,FE,ff,DF40_TEST_FE_ff,e4e+ff+170,fake,datasets/DF40//e4e/ff/170/05454.jpg
000618,FE,ff,DF40_TEST_FE_ff,e4e+ff+257,fake,datasets/DF40//e4e/ff/257/08228.jpg
000619,FE,ff,DF40_TEST_FE_ff,e4e+ff+445,fake,datasets/DF40//e4e/ff/445/14241.jpg
000620,FE,ff,DF40_TEST_FE_ff,e4e+ff+371,fake,datasets/DF40//e4e/ff/371/11889.jpg
000621,FE,ff,DF40_TEST_FE_ff,e4e+ff+142,fake,datasets/DF40//e4e/ff/142/04562.jpg
000622,FE,ff,DF40_TEST_FE_ff,e4e+ff+462,fake,datasets/DF40//e4e/ff/462/14784.jpg
000623,FE,ff,DF40_TEST_FE_ff,e4e+ff+974,fake,datasets/DF40//e4e/ff/974/31177.jpg
000624,FE,ff,DF40_TEST_FE_ff,e4e+ff+669,fake,datasets/DF40//e4e/ff/669/21412.jpg
000625,FE,ff,DF40_TEST_FE_ff,e4e+ff+418,fake,datasets/DF40//e4e/ff/418/13374.jpg
000626,FE,ff,DF40_TEST_FE_ff,e4e+ff+865,fake,datasets/DF40//e4e/ff/865/27694.jpg
000627,FE,ff,DF40_TEST_FE_ff,e4e+ff+288,fake,datasets/DF40//e4e/ff/288/09223.jpg
000628,FE,ff,DF40_TEST_FE_ff,e4e+ff+851,fake,datasets/DF40//e4e/ff/851/27235.jpg
000629,FE,ff,DF40_TEST_FE_ff,e4e+ff+249,fake,datasets/DF40//e4e/ff/249/07968.jpg
000630,FE,ff,DF40_TEST_FE_ff,e4e+ff+026,fake,datasets/DF40//e4e/ff/026/00852.jpg
000631,FE,ff,DF40_TEST_FE_ff,e4e+ff+404,fake,datasets/DF40//e4e/ff/404/12956.jpg
000632,FE,ff,DF40_TEST_FE_ff,e4e+ff+138,fake,datasets/DF40//e4e/ff/138/04433.jpg
000633,FE,ff,DF40_TEST_FE_ff,e4e+ff+847,fake,datasets/DF40//e4e/ff/847/27114.jpg
000634,FE,ff,DF40_TEST_FE_ff,e4e+ff+141,fake,datasets/DF40//e4e/ff/141/04543.jpg
000635,FE,ff,DF40_TEST_FE_ff,e4e+ff+114,fake,datasets/DF40//e4e/ff/114/03677.jpg
000636,FE,ff,DF40_TEST_FE_ff,e4e+ff+423,fake,datasets/DF40//e4e/ff/423/13546.jpg
000637,FE,ff,DF40_TEST_FE_ff,e4e+ff+388,fake,datasets/DF40//e4e/ff/388/12417.jpg
000638,FE,ff,DF40_TEST_FE_ff,e4e+ff+650,fake,datasets/DF40//e4e/ff/650/20797.jpg
000639,FE,ff,DF40_TEST_FE_ff,e4e+ff+314,fake,datasets/DF40//e4e/ff/314/10059.jpg
000640,FE,ff,DF40_TEST_FE_ff,e4e+ff+759,fake,datasets/DF40//e4e/ff/759/24298.jpg
000641,FE,ff,DF40_TEST_FE_ff,e4e+ff+048,fake,datasets/DF40//e4e/ff/048/01559.jpg
000642,FE,ff,DF40_TEST_FE_ff,e4e+ff+278,fake,datasets/DF40//e4e/ff/278/08919.jpg
000643,FE,ff,DF40_TEST_FE_ff,e4e+ff+725,fake,datasets/DF40//e4e/ff/725/23210.jpg
000644,FE,ff,DF40_TEST_FE_ff,e4e+ff+280,fake,datasets/DF40//e4e/ff/280/08969.jpg
000645,FE,ff,DF40_TEST_FE_ff,e4e+ff+308,fake,datasets/DF40//e4e/ff/308/09879.jpg
000646,FE,ff,DF40_TEST_FE_ff,e4e+ff+868,fake,datasets/DF40//e4e/ff/868/27794.jpg
000647,FE,ff,DF40_TEST_FE_ff,e4e+ff+724,fake,datasets/DF40//e4e/ff/724/23177.jpg
000648,FE,ff,DF40_TEST_FE_ff,e4e+ff+358,fake,datasets/DF40//e4e/ff/358/11485.jpg
000649,FE,ff,DF40_TEST_FE_ff,e4e+ff+214,fake,datasets/DF40//e4e/ff/214/06859.jpg
000650,FE,ff,DF40_TEST_FE_ff,e4e+ff+220,fake,datasets/DF40//e4e/ff/220/07070.jpg
000651,FE,ff,DF40_TEST_FE_ff,e4e+ff+517,fake,datasets/DF40//e4e/ff/517/16550.jpg
000652,FE,ff,DF40_TEST_FE_ff,e4e+ff+015,fake,datasets/DF40//e4e/ff/015/00490.jpg
000653,FE,ff,DF40_TEST_FE_ff,e4e+ff+233,fake,datasets/DF40//e4e/ff/233/07471.jpg
000654,FE,ff,DF40_TEST_FE_ff,e4e+ff+135,fake,datasets/DF40//e4e/ff/135/04349.jpg
000655,FE,ff,DF40_TEST_FE_ff,e4e+ff+945,fake,datasets/DF40//e4e/ff/945/30246.jpg
000656,FE,ff,DF40_TEST_FE_ff,e4e+ff+608,fake,datasets/DF40//e4e/ff/608/19447.jpg
000657,FE,ff,DF40_TEST_FE_ff,e4e+ff+367,fake,datasets/DF40//e4e/ff/367/11758.jpg
000658,FE,ff,DF40_TEST_FE_ff,e4e+ff+507,fake,datasets/DF40//e4e/ff/507/16222.jpg
000659,FE,ff,DF40_TEST_FE_ff,e4e+ff+169,fake,datasets/DF40//e4e/ff/169/05423.jpg
000660,FE,ff,DF40_TEST_FE_ff,e4e+ff+186,fake,datasets/DF40//e4e/ff/186/05977.jpg
000661,FE,ff,DF40_TEST_FE_ff,e4e+ff+102,fake,datasets/DF40//e4e/ff/102/03269.jpg
000662,FE,ff,DF40_TEST_FE_ff,e4e+ff+739,fake,datasets/DF40//e4e/ff/739/23640.jpg
000663,FE,ff,DF40_TEST_FE_ff,e4e+ff+219,fake,datasets/DF40//e4e/ff/219/07010.jpg
000664,FE,ff,DF40_TEST_FE_ff,e4e+ff+000,fake,datasets/DF40//e4e/ff/000/00018.jpg
000665,FE,ff,DF40_TEST_FE_ff,e4e+ff+399,fake,datasets/DF40//e4e/ff/399/12775.jpg
000666,FE,ff,DF40_TEST_FE_ff,e4e+ff+352,fake,datasets/DF40//e4e/ff/352/11267.jpg
000667,FE,ff,DF40_TEST_FE_ff,e4e+ff+429,fake,datasets/DF40//e4e/ff/429/13739.jpg
000668,FE,ff,DF40_TEST_FE_ff,e4e+ff+488,fake,datasets/DF40//e4e/ff/488/15620.jpg
000669,FE,ff,DF40_TEST_FE_ff,e4e+ff+128,fake,datasets/DF40//e4e/ff/128/04121.jpg
000670,FE,ff,DF40_TEST_FE_ff,e4e+ff+389,fake,datasets/DF40//e4e/ff/389/12467.jpg
000671,FE,ff,DF40_TEST_FE_ff,e4e+ff+550,fake,datasets/DF40//e4e/ff/550/17618.jpg
000672,FE,ff,DF40_TEST_FE_ff,e4e+ff+529,fake,datasets/DF40//e4e/ff/529/16940.jpg
000673,FE,ff,DF40_TEST_FE_ff,e4e+ff+625,fake,datasets/DF40//e4e/ff/625/20016.jpg
000674,FE,ff,DF40_TEST_FE_ff,e4e+ff+906,fake,datasets/DF40//e4e/ff/906/29008.jpg
000675,FE,ff,DF40_TEST_FE_ff,e4e+ff+044,fake,datasets/DF40//e4e/ff/044/01425.jpg
000676,FE,ff,DF40_TEST_FE_ff,e4e+ff+623,fake,datasets/DF40//e4e/ff/623/19927.jpg
000677,FE,ff,DF40_TEST_FE_ff,e4e+ff+047,fake,datasets/DF40//e4e/ff/047/01517.jpg
000678,FE,ff,DF40_TEST_FE_ff,e4e+ff+953,fake,datasets/DF40//e4e/ff/953/30505.jpg
000679,FE,ff,DF40_TEST_FE_ff,e4e+ff+454,fake,datasets/DF40//e4e/ff/454/14531.jpg
000680,FE,ff,DF40_TEST_FE_ff,e4e+ff+480,fake,datasets/DF40//e4e/ff/480/15382.jpg
000681,FE,ff,DF40_TEST_FE_ff,e4e+ff+421,fake,datasets/DF40//e4e/ff/421/13472.jpg
000682,FE,ff,DF40_TEST_FE_ff,e4e+ff+821,fake,datasets/DF40//e4e/ff/821/26282.jpg
000683,FE,ff,DF40_TEST_FE_ff,e4e+ff+158,fake,datasets/DF40//e4e/ff/158/05059.jpg
000684,FE,ff,DF40_TEST_FE_ff,e4e+ff+955,fake,datasets/DF40//e4e/ff/955/30573.jpg
000685,FE,ff,DF40_TEST_FE_ff,e4e+ff+035,fake,datasets/DF40//e4e/ff/035/01146.jpg
000686,FE,ff,DF40_TEST_FE_ff,e4e+ff+347,fake,datasets/DF40//e4e/ff/347/11130.jpg
000687,FE,ff,DF40_TEST_FE_ff,e4e+ff+706,fake,datasets/DF40//e4e/ff/706/22595.jpg
000688,FE,ff,DF40_TEST_FE_ff,e4e+ff+012,fake,datasets/DF40//e4e/ff/012/00405.jpg
000689,FE,ff,DF40_TEST_FE_ff,e4e+ff+467,fake,datasets/DF40//e4e/ff/467/14951.jpg
000690,FE,ff,DF40_TEST_FE_ff,e4e+ff+705,fake,datasets/DF40//e4e/ff/705/22554.jpg
000691,FE,ff,DF40_TEST_FE_ff,e4e+ff+691,fake,datasets/DF40//e4e/ff/691/22119.jpg
000692,FE,ff,DF40_TEST_FE_ff,e4e+ff+714,fake,datasets/DF40//e4e/ff/714/22845.jpg
000693,FE,ff,DF40_TEST_FE_ff,e4e+ff+381,fake,datasets/DF40//e4e/ff/381/12203.jpg
000694,FE,ff,DF40_TEST_FE_ff,e4e+ff+384,fake,datasets/DF40//e4e/ff/384/12297.jpg
000695,FE,ff,DF40_TEST_FE_ff,e4e+ff+630,fake,datasets/DF40//e4e/ff/630/20163.jpg
000696,FE,ff,DF40_TEST_FE_ff,e4e+ff+073,fake,datasets/DF40//e4e/ff/073/02348.jpg
000697,FE,ff,DF40_TEST_FE_ff,e4e+ff+625,fake,datasets/DF40//e4e/ff/625/19997.jpg
000698,FE,ff,DF40_TEST_FE_ff,e4e+ff+953,fake,datasets/DF40//e4e/ff/953/30500.jpg
000699,FE,ff,DF40_TEST_FE_ff,e4e+ff+371,fake,datasets/DF40//e4e/ff/371/11890.jpg
000700,FE,ff,DF40_TEST_FE_ff,e4e+ff+048,fake,datasets/DF40//e4e/ff/048/01543.jpg
000701,FE,ff,DF40_TEST_FE_ff,e4e+ff+169,fake,datasets/DF40//e4e/ff/169/05416.jpg
000702,FE,ff,DF40_TEST_FE_ff,e4e+ff+358,fake,datasets/DF40//e4e/ff/358/11476.jpg
000703,FE,ff,DF40_TEST_FE_ff,e4e+ff+691,fake,datasets/DF40//e4e/ff/691/22131.jpg
000704,FE,ff,DF40_TEST_FE_ff,e4e+ff+321,fake,datasets/DF40//e4e/ff/321/10280.jpg
000705,FE,ff,DF40_TEST_FE_ff,e4e+ff+862,fake,datasets/DF40//e4e/ff/862/27589.jpg
000706,FE,ff,DF40_TEST_FE_ff,e4e+ff+384,fake,datasets/DF40//e4e/ff/384/12305.jpg
000707,FE,ff,DF40_TEST_FE_ff,e4e+ff+371,fake,datasets/DF40//e4e/ff/371/11870.jpg
000708,FE,ff,DF40_TEST_FE_ff,e4e+ff+725,fake,datasets/DF40//e4e/ff/725/23218.jpg
000709,FE,ff,DF40_TEST_FE_ff,e4e+ff+170,fake,datasets/DF40//e4e/ff/170/05445.jpg
000710,FE,ff,DF40_TEST_FE_ff,e4e+ff+142,fake,datasets/DF40//e4e/ff/142/04553.jpg
000711,FE,ff,DF40_TEST_FE_ff,e4e+ff+257,fake,datasets/DF40//e4e/ff/257/08253.jpg
000712,FE,ff,DF40_TEST_FE_ff,e4e+ff+257,fake,datasets/DF40//e4e/ff/257/08239.jpg
000713,FE,ff,DF40_TEST_FE_ff,e4e+ff+488,fake,datasets/DF40//e4e/ff/488/15639.jpg
000714,FE,ff,DF40_TEST_FE_ff,e4e+ff+974,fake,datasets/DF40//e4e/ff/974/31184.jpg
000715,FE,ff,DF40_TEST_FE_ff,e4e+ff+026,fake,datasets/DF40//e4e/ff/026/00836.jpg
000716,FE,ff,DF40_TEST_FE_ff,e4e+ff+035,fake,datasets/DF40//e4e/ff/035/01131.jpg
000717,FE,ff,DF40_TEST_FE_ff,e4e+ff+384,fake,datasets/DF40//e4e/ff/384/12301.jpg
000718,FE,ff,DF40_TEST_FE_ff,e4e+ff+865,fake,datasets/DF40//e4e/ff/865/27688.jpg
000719,FE,ff,DF40_TEST_FE_ff,e4e+ff+924,fake,datasets/DF40//e4e/ff/924/29573.jpg
000720,FE,ff,DF40_TEST_FE_ff,e4e+ff+425,fake,datasets/DF40//e4e/ff/425/13620.jpg
000721,FE,ff,DF40_TEST_FE_ff,e4e+ff+970,fake,datasets/DF40//e4e/ff/970/31027.jpg
000722,FE,ff,DF40_TEST_FE_ff,e4e+ff+953,fake,datasets/DF40//e4e/ff/953/30489.jpg
000723,FE,ff,DF40_TEST_FE_ff,e4e+ff+896,fake,datasets/DF40//e4e/ff/896/28674.jpg
000724,FE,ff,DF40_TEST_FE_ff,e4e+ff+462,fake,datasets/DF40//e4e/ff/462/14807.jpg
000725,FE,ff,DF40_TEST_FE_ff,e4e+ff+917,fake,datasets/DF40//e4e/ff/917/29358.jpg
000726,FE,ff,DF40_TEST_FE_ff,e4e+ff+675,fake,datasets/DF40//e4e/ff/675/21598.jpg
000727,FE,ff,DF40_TEST_FE_ff,e4e+ff+462,fake,datasets/DF40//e4e/ff/462/14801.jpg
000728,FE,ff,DF40_TEST_FE_ff,e4e+ff+485,fake,datasets/DF40//e4e/ff/485/15540.jpg
000729,FE,ff,DF40_TEST_FE_ff,e4e+ff+896,fake,datasets/DF40//e4e/ff/896/28673.jpg
000730,FE,ff,DF40_TEST_FE_ff,e4e+ff+367,fake,datasets/DF40//e4e/ff/367/11745.jpg
000731,FE,ff,DF40_TEST_FE_ff,e4e+ff+630,fake,datasets/DF40//e4e/ff/630/20178.jpg
000732,FE,ff,DF40_TEST_FE_ff,e4e+ff+517,fake,datasets/DF40//e4e/ff/517/16559.jpg
000733,FE,ff,DF40_TEST_FE_ff,e4e+ff+141,fake,datasets/DF40//e4e/ff/141/04540.jpg
000734,FE,ff,DF40_TEST_FE_ff,e4e+ff+078,fake,datasets/DF40//e4e/ff/078/02516.jpg
000735,FE,ff,DF40_TEST_FE_ff,e4e+ff+707,fake,datasets/DF40//e4e/ff/707/22620.jpg
000736,FE,ff,DF40_TEST_FE_ff,e4e+ff+995,fake,datasets/DF40//e4e/ff/995/31855.jpg
000737,FE,ff,DF40_TEST_FE_ff,e4e+ff+973,fake,datasets/DF40//e4e/ff/973/31125.jpg
000738,FE,ff,DF40_TEST_FE_ff,e4e+ff+233,fake,datasets/DF40//e4e/ff/233/07479.jpg
000739,FE,ff,DF40_TEST_FE_ff,e4e+ff+380,fake,datasets/DF40//e4e/ff/380/12188.jpg
000740,FE,ff,DF40_TEST_FE_ff,e4e+ff+691,fake,datasets/DF40//e4e/ff/691/22125.jpg
000741,FE,ff,DF40_TEST_FE_ff,e4e+ff+661,fake,datasets/DF40//e4e/ff/661/21167.jpg
000742,FE,ff,DF40_TEST_FE_ff,e4e+ff+422,fake,datasets/DF40//e4e/ff/422/13504.jpg
000743,FE,ff,DF40_TEST_FE_ff,e4e+ff+176,fake,datasets/DF40//e4e/ff/176/05637.jpg
000744,FE,ff,DF40_TEST_FE_ff,e4e+ff+917,fake,datasets/DF40//e4e/ff/917/29353.jpg
000745,FE,ff,DF40_TEST_FE_ff,e4e+ff+607,fake,datasets/DF40//e4e/ff/607/19415.jpg
000746,FE,ff,DF40_TEST_FE_ff,e4e+ff+029,fake,datasets/DF40//e4e/ff/029/00942.jpg
000747,FE,ff,DF40_TEST_FE_ff,e4e+ff+739,fake,datasets/DF40//e4e/ff/739/23650.jpg
000748,FE,ff,DF40_TEST_FE_ff,e4e+ff+220,fake,datasets/DF40//e4e/ff/220/07045.jpg
000749,FE,other,DF40_TEST_FE_other,CollabDiff+fake+239,fake,datasets/DF40/CollabDiff/fake/239/000000_x_0.png
000750,FE,other,DF40_TEST_FE_other,CollabDiff+fake+700,fake,datasets/DF40/CollabDiff/fake/700/000000_x_0.png
000751,FE,other,DF40_TEST_FE_other,CollabDiff+fake+350,fake,datasets/DF40/CollabDiff/fake/350/000000_x_0.png
000752,FE,other,DF40_TEST_FE_other,CollabDiff+fake+899,fake,datasets/DF40/CollabDiff/fake/899/000000_x_0.png
000753,FE,other,DF40_TEST_FE_other,CollabDiff+fake+499,fake,datasets/DF40/CollabDiff/fake/499/000000_x_0.png
000754,FE,other,DF40_TEST_FE_other,CollabDiff+fake+142,fake,datasets/DF40/CollabDiff/fake/142/000000_x_0.png
000755,FE,other,DF40_TEST_FE_other,CollabDiff+fake+182,fake,datasets/DF40/CollabDiff/fake/182/000000_x_0.png
000756,FE,other,DF40_TEST_FE_other,CollabDiff+fake+206,fake,datasets/DF40/CollabDiff/fake/206/000000_x_0.png
000757,FE,other,DF40_TEST_FE_other,CollabDiff+fake+870,fake,datasets/DF40/CollabDiff/fake/870/000000_x_0.png
000758,FE,other,DF40_TEST_FE_other,CollabDiff+fake+43,fake,datasets/DF40/CollabDiff/fake/43/000000_x_0.png
000759,FE,other,DF40_TEST_FE_other,CollabDiff+fake+237,fake,datasets/DF40/CollabDiff/fake/237/000000_x_0.png
000760,FE,other,DF40_TEST_FE_other,CollabDiff+fake+566,fake,datasets/DF40/CollabDiff/fake/566/000000_x_0.png
000761,FE,other,DF40_TEST_FE_other,CollabDiff+fake+304,fake,datasets/DF40/CollabDiff/fake/304/000000_x_0.png
000762,FE,other,DF40_TEST_FE_other,CollabDiff+fake+971,fake,datasets/DF40/CollabDiff/fake/971/000000_x_0.png
000763,FE,other,DF40_TEST_FE_other,CollabDiff+fake+634,fake,datasets/DF40/CollabDiff/fake/634/000000_x_0.png
000764,FE,other,DF40_TEST_FE_other,CollabDiff+fake+346,fake,datasets/DF40/CollabDiff/fake/346/000000_x_0.png
000765,FE,other,DF40_TEST_FE_other,CollabDiff+fake+766,fake,datasets/DF40/CollabDiff/fake/766/000000_x_0.png
000766,FE,other,DF40_TEST_FE_other,CollabDiff+fake+653,fake,datasets/DF40/CollabDiff/fake/653/000000_x_0.png
000767,FE,other,DF40_TEST_FE_other,CollabDiff+fake+619,fake,datasets/DF40/CollabDiff/fake/619/000000_x_0.png
000768,FE,other,DF40_TEST_FE_other,CollabDiff+fake+981,fake,datasets/DF40/CollabDiff/fake/981/000000_x_0.png
000769,FE,other,DF40_TEST_FE_other,CollabDiff+fake+584,fake,datasets/DF40/CollabDiff/fake/584/000000_x_0.png
000770,FE,other,DF40_TEST_FE_other,CollabDiff+fake+211,fake,datasets/DF40/CollabDiff/fake/211/000000_x_0.png
000771,FE,other,DF40_TEST_FE_other,CollabDiff+fake+759,fake,datasets/DF40/CollabDiff/fake/759/000000_x_0.png
000772,FE,other,DF40_TEST_FE_other,CollabDiff+fake+783,fake,datasets/DF40/CollabDiff/fake/783/000000_x_0.png
000773,FE,other,DF40_TEST_FE_other,CollabDiff+fake+875,fake,datasets/DF40/CollabDiff/fake/875/000000_x_0.png
000774,FE,other,DF40_TEST_FE_other,CollabDiff+fake+799,fake,datasets/DF40/CollabDiff/fake/799/000000_x_0.png
000775,FE,other,DF40_TEST_FE_other,CollabDiff+fake+903,fake,datasets/DF40/CollabDiff/fake/903/000000_x_0.png
000776,FE,other,DF40_TEST_FE_other,CollabDiff+fake+398,fake,datasets/DF40/CollabDiff/fake/398/000000_x_0.png
000777,FE,other,DF40_TEST_FE_other,CollabDiff+fake+781,fake,datasets/DF40/CollabDiff/fake/781/000000_x_0.png
000778,FE,other,DF40_TEST_FE_other,CollabDiff+fake+865,fake,datasets/DF40/CollabDiff/fake/865/000000_x_0.png
000779,FE,other,DF40_TEST_FE_other,CollabDiff+fake+809,fake,datasets/DF40/CollabDiff/fake/809/000000_x_0.png
000780,FE,other,DF40_TEST_FE_other,CollabDiff+fake+873,fake,datasets/DF40/CollabDiff/fake/873/000000_x_0.png
000781,FE,other,DF40_TEST_FE_other,CollabDiff+fake+758,fake,datasets/DF40/CollabDiff/fake/758/000000_x_0.png
000782,FE,other,DF40_TEST_FE_other,CollabDiff+fake+965,fake,datasets/DF40/CollabDiff/fake/965/000000_x_0.png
000783,FE,other,DF40_TEST_FE_other,CollabDiff+fake+778,fake,datasets/DF40/CollabDiff/fake/778/000000_x_0.png
000784,FE,other,DF40_TEST_FE_other,CollabDiff+fake+202,fake,datasets/DF40/CollabDiff/fake/202/000000_x_0.png
000785,FE,other,DF40_TEST_FE_other,CollabDiff+fake+558,fake,datasets/DF40/CollabDiff/fake/558/000000_x_0.png
000786,FE,other,DF40_TEST_FE_other,CollabDiff+fake+964,fake,datasets/DF40/CollabDiff/fake/964/000000_x_0.png
000787,FE,other,DF40_TEST_FE_other,CollabDiff+fake+495,fake,datasets/DF40/CollabDiff/fake/495/000000_x_0.png
000788,FE,other,DF40_TEST_FE_other,CollabDiff+fake+860,fake,datasets/DF40/CollabDiff/fake/860/000000_x_0.png
000789,FE,other,DF40_TEST_FE_other,CollabDiff+fake+125,fake,datasets/DF40/CollabDiff/fake/125/000000_x_0.png
000790,FE,other,DF40_TEST_FE_other,CollabDiff+fake+358,fake,datasets/DF40/CollabDiff/fake/358/000000_x_0.png
000791,FE,other,DF40_TEST_FE_other,CollabDiff+fake+545,fake,datasets/DF40/CollabDiff/fake/545/000000_x_0.png
000792,FE,other,DF40_TEST_FE_other,CollabDiff+fake+731,fake,datasets/DF40/CollabDiff/fake/731/000000_x_0.png
000793,FE,other,DF40_TEST_FE_other,CollabDiff+fake+184,fake,datasets/DF40/CollabDiff/fake/184/000000_x_0.png
000794,FE,other,DF40_TEST_FE_other,CollabDiff+fake+862,fake,datasets/DF40/CollabDiff/fake/862/000000_x_0.png
000795,FE,other,DF40_TEST_FE_other,CollabDiff+fake+914,fake,datasets/DF40/CollabDiff/fake/914/000000_x_0.png
000796,FE,other,DF40_TEST_FE_other,CollabDiff+fake+854,fake,datasets/DF40/CollabDiff/fake/854/000000_x_0.png
000797,FE,other,DF40_TEST_FE_other,CollabDiff+fake+209,fake,datasets/DF40/CollabDiff/fake/209/000000_x_0.png
000798,FE,other,DF40_TEST_FE_other,CollabDiff+fake+504,fake,datasets/DF40/CollabDiff/fake/504/000000_x_0.png
000799,FE,other,DF40_TEST_FE_other,CollabDiff+fake+901,fake,datasets/DF40/CollabDiff/fake/901/000000_x_0.png
000800,FE,other,DF40_TEST_FE_other,CollabDiff+fake+317,fake,datasets/DF40/CollabDiff/fake/317/000000_x_0.png
000801,FE,other,DF40_TEST_FE_other,CollabDiff+fake+539,fake,datasets/DF40/CollabDiff/fake/539/000000_x_0.png
000802,FE,other,DF40_TEST_FE_other,CollabDiff+fake+735,fake,datasets/DF40/CollabDiff/fake/735/000000_x_0.png
000803,FE,other,DF40_TEST_FE_other,CollabDiff+fake+171,fake,datasets/DF40/CollabDiff/fake/171/000000_x_0.png
000804,FE,other,DF40_TEST_FE_other,CollabDiff+fake+205,fake,datasets/DF40/CollabDiff/fake/205/000000_x_0.png
000805,FE,other,DF40_TEST_FE_other,CollabDiff+fake+642,fake,datasets/DF40/CollabDiff/fake/642/000000_x_0.png
000806,FE,other,DF40_TEST_FE_other,CollabDiff+fake+225,fake,datasets/DF40/CollabDiff/fake/225/000000_x_0.png
000807,FE,other,DF40_TEST_FE_other,CollabDiff+fake+500,fake,datasets/DF40/CollabDiff/fake/500/000000_x_0.png
000808,FE,other,DF40_TEST_FE_other,CollabDiff+fake+185,fake,datasets/DF40/CollabDiff/fake/185/000000_x_0.png
000809,FE,other,DF40_TEST_FE_other,CollabDiff+fake+369,fake,datasets/DF40/CollabDiff/fake/369/000000_x_0.png
000810,FE,other,DF40_TEST_FE_other,CollabDiff+fake+962,fake,datasets/DF40/CollabDiff/fake/962/000000_x_0.png
000811,FE,other,DF40_TEST_FE_other,CollabDiff+fake+898,fake,datasets/DF40/CollabDiff/fake/898/000000_x_0.png
000812,FE,other,DF40_TEST_FE_other,CollabDiff+fake+493,fake,datasets/DF40/CollabDiff/fake/493/000000_x_0.png
000813,FE,other,DF40_TEST_FE_other,CollabDiff+fake+520,fake,datasets/DF40/CollabDiff/fake/520/000000_x_0.png
000814,FE,other,DF40_TEST_FE_other,CollabDiff+fake+363,fake,datasets/DF40/CollabDiff/fake/363/000000_x_0.png
000815,FE,other,DF40_TEST_FE_other,CollabDiff+fake+224,fake,datasets/DF40/CollabDiff/fake/224/000000_x_0.png
000816,FE,other,DF40_TEST_FE_other,CollabDiff+fake+140,fake,datasets/DF40/CollabDiff/fake/140/000000_x_0.png
000817,FE,other,DF40_TEST_FE_other,CollabDiff+fake+41,fake,datasets/DF40/CollabDiff/fake/41/000000_x_0.png
000818,FE,other,DF40_TEST_FE_other,CollabDiff+fake+518,fake,datasets/DF40/CollabDiff/fake/518/000000_x_0.png
000819,FE,other,DF40_TEST_FE_other,CollabDiff+fake+991,fake,datasets/DF40/CollabDiff/fake/991/000000_x_0.png
000820,FE,other,DF40_TEST_FE_other,CollabDiff+fake+734,fake,datasets/DF40/CollabDiff/fake/734/000000_x_0.png
000821,FE,other,DF40_TEST_FE_other,CollabDiff+fake+502,fake,datasets/DF40/CollabDiff/fake/502/000000_x_0.png
000822,FE,other,DF40_TEST_FE_other,CollabDiff+fake+161,fake,datasets/DF40/CollabDiff/fake/161/000000_x_0.png
000823,FE,other,DF40_TEST_FE_other,CollabDiff+fake+553,fake,datasets/DF40/CollabDiff/fake/553/000000_x_0.png
000824,FE,other,DF40_TEST_FE_other,CollabDiff+fake+959,fake,datasets/DF40/CollabDiff/fake/959/000000_x_0.png
000825,FE,other,DF40_TEST_FE_other,CollabDiff+fake+780,fake,datasets/DF40/CollabDiff/fake/780/000000_x_0.png
000826,FE,other,DF40_TEST_FE_other,CollabDiff+fake+836,fake,datasets/DF40/CollabDiff/fake/836/000000_x_0.png
000827,FE,other,DF40_TEST_FE_other,CollabDiff+fake+996,fake,datasets/DF40/CollabDiff/fake/996/000000_x_0.png
000828,FE,other,DF40_TEST_FE_other,CollabDiff+fake+935,fake,datasets/DF40/CollabDiff/fake/935/000000_x_0.png
000829,FE,other,DF40_TEST_FE_other,CollabDiff+fake+235,fake,datasets/DF40/CollabDiff/fake/235/000000_x_0.png
000830,FE,other,DF40_TEST_FE_other,CollabDiff+fake+665,fake,datasets/DF40/CollabDiff/fake/665/000000_x_0.png
000831,FE,other,DF40_TEST_FE_other,CollabDiff+fake+68,fake,datasets/DF40/CollabDiff/fake/68/000000_x_0.png
000832,FE,other,DF40_TEST_FE_other,CollabDiff+fake+512,fake,datasets/DF40/CollabDiff/fake/512/000000_x_0.png
000833,FE,other,DF40_TEST_FE_other,CollabDiff+fake+303,fake,datasets/DF40/CollabDiff/fake/303/000000_x_0.png
000834,FE,other,DF40_TEST_FE_other,CollabDiff+fake+510,fake,datasets/DF40/CollabDiff/fake/510/000000_x_0.png
000835,FE,other,DF40_TEST_FE_other,CollabDiff+fake+313,fake,datasets/DF40/CollabDiff/fake/313/000000_x_0.png
000836,FE,other,DF40_TEST_FE_other,CollabDiff+fake+578,fake,datasets/DF40/CollabDiff/fake/578/000000_x_0.png
000837,FE,other,DF40_TEST_FE_other,CollabDiff+fake+947,fake,datasets/DF40/CollabDiff/fake/947/000000_x_0.png
000838,FE,other,DF40_TEST_FE_other,CollabDiff+fake+368,fake,datasets/DF40/CollabDiff/fake/368/000000_x_0.png
000839,FE,other,DF40_TEST_FE_other,CollabDiff+fake+909,fake,datasets/DF40/CollabDiff/fake/909/000000_x_0.png
000840,FE,other,DF40_TEST_FE_other,CollabDiff+fake+563,fake,datasets/DF40/CollabDiff/fake/563/000000_x_0.png
000841,FE,other,DF40_TEST_FE_other,CollabDiff+fake+18,fake,datasets/DF40/CollabDiff/fake/18/000000_x_0.png
000842,FE,other,DF40_TEST_FE_other,CollabDiff+fake+542,fake,datasets/DF40/CollabDiff/fake/542/000000_x_0.png
000843,FE,other,DF40_TEST_FE_other,CollabDiff+fake+421,fake,datasets/DF40/CollabDiff/fake/421/000000_x_0.png
000844,FE,other,DF40_TEST_FE_other,CollabDiff+fake+694,fake,datasets/DF40/CollabDiff/fake/694/000000_x_0.png
000845,FE,other,DF40_TEST_FE_other,CollabDiff+fake+890,fake,datasets/DF40/CollabDiff/fake/890/000000_x_0.png
000846,FE,other,DF40_TEST_FE_other,CollabDiff+fake+166,fake,datasets/DF40/CollabDiff/fake/166/000000_x_0.png
000847,FE,other,DF40_TEST_FE_other,CollabDiff+fake+591,fake,datasets/DF40/CollabDiff/fake/591/000000_x_0.png
000848,FE,other,DF40_TEST_FE_other,CollabDiff+fake+718,fake,datasets/DF40/CollabDiff/fake/718/000000_x_0.png
000849,FE,other,DF40_TEST_FE_other,CollabDiff+fake+230,fake,datasets/DF40/CollabDiff/fake/230/000000_x_0.png
000850,FE,other,DF40_TEST_FE_other,CollabDiff+fake+667,fake,datasets/DF40/CollabDiff/fake/667/000000_x_0.png
000851,FE,other,DF40_TEST_FE_other,CollabDiff+fake+768,fake,datasets/DF40/CollabDiff/fake/768/000000_x_0.png
000852,FE,other,DF40_TEST_FE_other,CollabDiff+fake+221,fake,datasets/DF40/CollabDiff/fake/221/000000_x_0.png
000853,FE,other,DF40_TEST_FE_other,CollabDiff+fake+743,fake,datasets/DF40/CollabDiff/fake/743/000000_x_0.png
000854,FE,other,DF40_TEST_FE_other,CollabDiff+fake+975,fake,datasets/DF40/CollabDiff/fake/975/000000_x_0.png
000855,FE,other,DF40_TEST_FE_other,CollabDiff+fake+635,fake,datasets/DF40/CollabDiff/fake/635/000000_x_0.png
000856,FE,other,DF40_TEST_FE_other,CollabDiff+fake+631,fake,datasets/DF40/CollabDiff/fake/631/000000_x_0.png
000857,FE,other,DF40_TEST_FE_other,CollabDiff+fake+529,fake,datasets/DF40/CollabDiff/fake/529/000000_x_0.png
000858,FE,other,DF40_TEST_FE_other,CollabDiff+fake+818,fake,datasets/DF40/CollabDiff/fake/818/000000_x_0.png
000859,FE,other,DF40_TEST_FE_other,CollabDiff+fake+227,fake,datasets/DF40/CollabDiff/fake/227/000000_x_0.png
000860,FE,other,DF40_TEST_FE_other,CollabDiff+fake+169,fake,datasets/DF40/CollabDiff/fake/169/000000_x_0.png
000861,FE,other,DF40_TEST_FE_other,CollabDiff+fake+258,fake,datasets/DF40/CollabDiff/fake/258/000000_x_0.png
000862,FE,other,DF40_TEST_FE_other,CollabDiff+fake+822,fake,datasets/DF40/CollabDiff/fake/822/000000_x_0.png
000863,FE,other,DF40_TEST_FE_other,CollabDiff+fake+214,fake,datasets/DF40/CollabDiff/fake/214/000000_x_0.png
000864,FE,other,DF40_TEST_FE_other,CollabDiff+fake+957,fake,datasets/DF40/CollabDiff/fake/957/000000_x_0.png
000865,FE,other,DF40_TEST_FE_other,CollabDiff+fake+104,fake,datasets/DF40/CollabDiff/fake/104/000000_x_0.png
000866,FE,other,DF40_TEST_FE_other,CollabDiff+fake+999,fake,datasets/DF40/CollabDiff/fake/999/000000_x_0.png
000867,FE,other,DF40_TEST_FE_other,CollabDiff+fake+212,fake,datasets/DF40/CollabDiff/fake/212/000000_x_0.png
000868,FE,other,DF40_TEST_FE_other,CollabDiff+fake+883,fake,datasets/DF40/CollabDiff/fake/883/000000_x_0.png
000869,FE,other,DF40_TEST_FE_other,CollabDiff+fake+367,fake,datasets/DF40/CollabDiff/fake/367/000000_x_0.png
000870,FE,other,DF40_TEST_FE_other,CollabDiff+fake+244,fake,datasets/DF40/CollabDiff/fake/244/000000_x_0.png
000871,FE,other,DF40_TEST_FE_other,CollabDiff+fake+24,fake,datasets/DF40/CollabDiff/fake/24/000000_x_0.png
000872,FE,other,DF40_TEST_FE_other,CollabDiff+fake+145,fake,datasets/DF40/CollabDiff/fake/145/000000_x_0.png
000873,FE,other,DF40_TEST_FE_other,CollabDiff+fake+175,fake,datasets/DF40/CollabDiff/fake/175/000000_x_0.png
000874,FE,other,DF40_TEST_FE_other,CollabDiff+fake+741,fake,datasets/DF40/CollabDiff/fake/741/000000_x_0.png
000875,FE,other,DF40_TEST_FE_other,CollabDiff+fake+805,fake,datasets/DF40/CollabDiff/fake/805/000000_x_0.png
000876,FE,other,DF40_TEST_FE_other,CollabDiff+fake+229,fake,datasets/DF40/CollabDiff/fake/229/000000_x_0.png
000877,FE,other,DF40_TEST_FE_other,CollabDiff+fake+168,fake,datasets/DF40/CollabDiff/fake/168/000000_x_0.png
000878,FE,other,DF40_TEST_FE_other,CollabDiff+fake+838,fake,datasets/DF40/CollabDiff/fake/838/000000_x_0.png
000879,FE,other,DF40_TEST_FE_other,CollabDiff+fake+536,fake,datasets/DF40/CollabDiff/fake/536/000000_x_0.png
000880,FE,other,DF40_TEST_FE_other,CollabDiff+fake+128,fake,datasets/DF40/CollabDiff/fake/128/000000_x_0.png
000881,FE,other,DF40_TEST_FE_other,CollabDiff+fake+467,fake,datasets/DF40/CollabDiff/fake/467/000000_x_0.png
000882,FE,other,DF40_TEST_FE_other,CollabDiff+fake+241,fake,datasets/DF40/CollabDiff/fake/241/000000_x_0.png
000883,FE,other,DF40_TEST_FE_other,CollabDiff+fake+507,fake,datasets/DF40/CollabDiff/fake/507/000000_x_0.png
000884,FE,other,DF40_TEST_FE_other,CollabDiff+fake+889,fake,datasets/DF40/CollabDiff/fake/889/000000_x_0.png
000885,FE,other,DF40_TEST_FE_other,CollabDiff+fake+528,fake,datasets/DF40/CollabDiff/fake/528/000000_x_0.png
000886,FE,other,DF40_TEST_FE_other,CollabDiff+fake+765,fake,datasets/DF40/CollabDiff/fake/765/000000_x_0.png
000887,FE,other,DF40_TEST_FE_other,CollabDiff+fake+469,fake,datasets/DF40/CollabDiff/fake/469/000000_x_0.png
000888,FE,other,DF40_TEST_FE_other,CollabDiff+fake+725,fake,datasets/DF40/CollabDiff/fake/725/000000_x_0.png
000889,FE,other,DF40_TEST_FE_other,CollabDiff+fake+658,fake,datasets/DF40/CollabDiff/fake/658/000000_x_0.png
000890,FE,other,DF40_TEST_FE_other,CollabDiff+fake+408,fake,datasets/DF40/CollabDiff/fake/408/000000_x_0.png
000891,FE,other,DF40_TEST_FE_other,CollabDiff+fake+10,fake,datasets/DF40/CollabDiff/fake/10/000000_x_0.png
000892,FE,other,DF40_TEST_FE_other,CollabDiff+fake+843,fake,datasets/DF40/CollabDiff/fake/843/000000_x_0.png
000893,FE,other,DF40_TEST_FE_other,CollabDiff+fake+698,fake,datasets/DF40/CollabDiff/fake/698/000000_x_0.png
000894,FE,other,DF40_TEST_FE_other,CollabDiff+fake+457,fake,datasets/DF40/CollabDiff/fake/457/000000_x_0.png
000895,FE,other,DF40_TEST_FE_other,CollabDiff+fake+513,fake,datasets/DF40/CollabDiff/fake/513/000000_x_0.png
000896,FE,other,DF40_TEST_FE_other,CollabDiff+fake+830,fake,datasets/DF40/CollabDiff/fake/830/000000_x_0.png
000897,FE,other,DF40_TEST_FE_other,CollabDiff+fake+978,fake,datasets/DF40/CollabDiff/fake/978/000000_x_0.png
000898,FE,other,DF40_TEST_FE_other,CollabDiff+fake+275,fake,datasets/DF40/CollabDiff/fake/275/000000_x_0.png
000899,FE,other,DF40_TEST_FE_other,CollabDiff+fake+745,fake,datasets/DF40/CollabDiff/fake/745/000000_x_0.png
000900,FE,other,DF40_TEST_FE_other,CollabDiff+fake+156,fake,datasets/DF40/CollabDiff/fake/156/000000_x_0.png
000901,FE,other,DF40_TEST_FE_other,CollabDiff+fake+565,fake,datasets/DF40/CollabDiff/fake/565/000000_x_0.png
000902,FE,other,DF40_TEST_FE_other,CollabDiff+fake+689,fake,datasets/DF40/CollabDiff/fake/689/000000_x_0.png
000903,FE,other,DF40_TEST_FE_other,CollabDiff+fake+329,fake,datasets/DF40/CollabDiff/fake/329/000000_x_0.png
000904,FE,other,DF40_TEST_FE_other,CollabDiff+fake+193,fake,datasets/DF40/CollabDiff/fake/193/000000_x_0.png
000905,FE,other,DF40_TEST_FE_other,CollabDiff+fake+709,fake,datasets/DF40/CollabDiff/fake/709/000000_x_0.png
000906,FE,other,DF40_TEST_FE_other,CollabDiff+fake+50,fake,datasets/DF40/CollabDiff/fake/50/000000_x_0.png
000907,FE,other,DF40_TEST_FE_other,CollabDiff+fake+200,fake,datasets/DF40/CollabDiff/fake/200/000000_x_0.png
000908,FE,other,DF40_TEST_FE_other,CollabDiff+fake+676,fake,datasets/DF40/CollabDiff/fake/676/000000_x_0.png
000909,FE,other,DF40_TEST_FE_other,CollabDiff+fake+340,fake,datasets/DF40/CollabDiff/fake/340/000000_x_0.png
000910,FE,other,DF40_TEST_FE_other,CollabDiff+fake+331,fake,datasets/DF40/CollabDiff/fake/331/000000_x_0.png
000911,FE,other,DF40_TEST_FE_other,CollabDiff+fake+231,fake,datasets/DF40/CollabDiff/fake/231/000000_x_0.png
000912,FE,other,DF40_TEST_FE_other,CollabDiff+fake+593,fake,datasets/DF40/CollabDiff/fake/593/000000_x_0.png
000913,FE,other,DF40_TEST_FE_other,CollabDiff+fake+858,fake,datasets/DF40/CollabDiff/fake/858/000000_x_0.png
000914,FE,other,DF40_TEST_FE_other,CollabDiff+fake+283,fake,datasets/DF40/CollabDiff/fake/283/000000_x_0.png
000915,FE,other,DF40_TEST_FE_other,CollabDiff+fake+773,fake,datasets/DF40/CollabDiff/fake/773/000000_x_0.png
000916,FE,other,DF40_TEST_FE_other,CollabDiff+fake+376,fake,datasets/DF40/CollabDiff/fake/376/000000_x_0.png
000917,FE,other,DF40_TEST_FE_other,CollabDiff+fake+823,fake,datasets/DF40/CollabDiff/fake/823/000000_x_0.png
000918,FE,other,DF40_TEST_FE_other,CollabDiff+fake+552,fake,datasets/DF40/CollabDiff/fake/552/000000_x_0.png
000919,FE,other,DF40_TEST_FE_other,CollabDiff+fake+207,fake,datasets/DF40/CollabDiff/fake/207/000000_x_0.png
000920,FE,other,DF40_TEST_FE_other,CollabDiff+fake+130,fake,datasets/DF40/CollabDiff/fake/130/000000_x_0.png
000921,FE,other,DF40_TEST_FE_other,CollabDiff+fake+300,fake,datasets/DF40/CollabDiff/fake/300/000000_x_0.png
000922,FE,other,DF40_TEST_FE_other,CollabDiff+fake+576,fake,datasets/DF40/CollabDiff/fake/576/000000_x_0.png
000923,FE,other,DF40_TEST_FE_other,CollabDiff+fake+628,fake,datasets/DF40/CollabDiff/fake/628/000000_x_0.png
000924,FE,other,DF40_TEST_FE_other,CollabDiff+fake+377,fake,datasets/DF40/CollabDiff/fake/377/000000_x_0.png
000925,FE,other,DF40_TEST_FE_other,CollabDiff+fake+612,fake,datasets/DF40/CollabDiff/fake/612/000000_x_0.png
000926,FE,other,DF40_TEST_FE_other,CollabDiff+fake+263,fake,datasets/DF40/CollabDiff/fake/263/000000_x_0.png
000927,FE,other,DF40_TEST_FE_other,CollabDiff+fake+15,fake,datasets/DF40/CollabDiff/fake/15/000000_x_0.png
000928,FE,other,DF40_TEST_FE_other,CollabDiff+fake+607,fake,datasets/DF40/CollabDiff/fake/607/000000_x_0.png
000929,FE,other,DF40_TEST_FE_other,CollabDiff+fake+414,fake,datasets/DF40/CollabDiff/fake/414/000000_x_0.png
000930,FE,other,DF40_TEST_FE_other,CollabDiff+fake+790,fake,datasets/DF40/CollabDiff/fake/790/000000_x_0.png
000931,FE,other,DF40_TEST_FE_other,CollabDiff+fake+370,fake,datasets/DF40/CollabDiff/fake/370/000000_x_0.png
000932,FE,other,DF40_TEST_FE_other,CollabDiff+fake+152,fake,datasets/DF40/CollabDiff/fake/152/000000_x_0.png
000933,FE,other,DF40_TEST_FE_other,CollabDiff+fake+256,fake,datasets/DF40/CollabDiff/fake/256/000000_x_0.png
000934,FE,other,DF40_TEST_FE_other,CollabDiff+fake+523,fake,datasets/DF40/CollabDiff/fake/523/000000_x_0.png
000935,FE,other,DF40_TEST_FE_other,CollabDiff+fake+973,fake,datasets/DF40/CollabDiff/fake/973/000000_x_0.png
000936,FE,other,DF40_TEST_FE_other,CollabDiff+fake+707,fake,datasets/DF40/CollabDiff/fake/707/000000_x_0.png
000937,FE,other,DF40_TEST_FE_other,CollabDiff+fake+928,fake,datasets/DF40/CollabDiff/fake/928/000000_x_0.png
000938,FE,other,DF40_TEST_FE_other,CollabDiff+fake+826,fake,datasets/DF40/CollabDiff/fake/826/000000_x_0.png
000939,FE,other,DF40_TEST_FE_other,CollabDiff+fake+970,fake,datasets/DF40/CollabDiff/fake/970/000000_x_0.png
000940,FE,other,DF40_TEST_FE_other,CollabDiff+fake+218,fake,datasets/DF40/CollabDiff/fake/218/000000_x_0.png
000941,FE,other,DF40_TEST_FE_other,CollabDiff+fake+721,fake,datasets/DF40/CollabDiff/fake/721/000000_x_0.png
000942,FE,other,DF40_TEST_FE_other,CollabDiff+fake+95,fake,datasets/DF40/CollabDiff/fake/95/000000_x_0.png
000943,FE,other,DF40_TEST_FE_other,CollabDiff+fake+972,fake,datasets/DF40/CollabDiff/fake/972/000000_x_0.png
000944,FE,other,DF40_TEST_FE_other,CollabDiff+fake+357,fake,datasets/DF40/CollabDiff/fake/357/000000_x_0.png
000945,FE,other,DF40_TEST_FE_other,CollabDiff+fake+497,fake,datasets/DF40/CollabDiff/fake/497/000000_x_0.png
000946,FE,other,DF40_TEST_FE_other,CollabDiff+fake+36,fake,datasets/DF40/CollabDiff/fake/36/000000_x_0.png
000947,FE,other,DF40_TEST_FE_other,CollabDiff+fake+460,fake,datasets/DF40/CollabDiff/fake/460/000000_x_0.png
000948,FE,other,DF40_TEST_FE_other,CollabDiff+fake+708,fake,datasets/DF40/CollabDiff/fake/708/000000_x_0.png
000949,FE,other,DF40_TEST_FE_other,CollabDiff+fake+940,fake,datasets/DF40/CollabDiff/fake/940/000000_x_0.png
000950,FE,other,DF40_TEST_FE_other,CollabDiff+fake+861,fake,datasets/DF40/CollabDiff/fake/861/000000_x_0.png
000951,FE,other,DF40_TEST_FE_other,CollabDiff+fake+859,fake,datasets/DF40/CollabDiff/fake/859/000000_x_0.png
000952,FE,other,DF40_TEST_FE_other,CollabDiff+fake+64,fake,datasets/DF40/CollabDiff/fake/64/000000_x_0.png
000953,FE,other,DF40_TEST_FE_other,CollabDiff+fake+378,fake,datasets/DF40/CollabDiff/fake/378/000000_x_0.png
000954,FE,other,DF40_TEST_FE_other,CollabDiff+fake+426,fake,datasets/DF40/CollabDiff/fake/426/000000_x_0.png
000955,FE,other,DF40_TEST_FE_other,CollabDiff+fake+615,fake,datasets/DF40/CollabDiff/fake/615/000000_x_0.png
000956,FE,other,DF40_TEST_FE_other,CollabDiff+fake+729,fake,datasets/DF40/CollabDiff/fake/729/000000_x_0.png
000957,FE,other,DF40_TEST_FE_other,CollabDiff+fake+285,fake,datasets/DF40/CollabDiff/fake/285/000000_x_0.png
000958,FE,other,DF40_TEST_FE_other,CollabDiff+fake+372,fake,datasets/DF40/CollabDiff/fake/372/000000_x_0.png
000959,FE,other,DF40_TEST_FE_other,CollabDiff+fake+551,fake,datasets/DF40/CollabDiff/fake/551/000000_x_0.png
000960,FE,other,DF40_TEST_FE_other,CollabDiff+fake+242,fake,datasets/DF40/CollabDiff/fake/242/000000_x_0.png
000961,FE,other,DF40_TEST_FE_other,CollabDiff+fake+998,fake,datasets/DF40/CollabDiff/fake/998/000000_x_0.png
000962,FE,other,DF40_TEST_FE_other,CollabDiff+fake+302,fake,datasets/DF40/CollabDiff/fake/302/000000_x_0.png
000963,FE,other,DF40_TEST_FE_other,CollabDiff+fake+192,fake,datasets/DF40/CollabDiff/fake/192/000000_x_0.png
000964,FE,other,DF40_TEST_FE_other,CollabDiff+fake+80,fake,datasets/DF40/CollabDiff/fake/80/000000_x_0.png
000965,FE,other,DF40_TEST_FE_other,CollabDiff+fake+673,fake,datasets/DF40/CollabDiff/fake/673/000000_x_0.png
000966,FE,other,DF40_TEST_FE_other,CollabDiff+fake+62,fake,datasets/DF40/CollabDiff/fake/62/000000_x_0.png
000967,FE,other,DF40_TEST_FE_other,CollabDiff+fake+614,fake,datasets/DF40/CollabDiff/fake/614/000000_x_0.png
000968,FE,other,DF40_TEST_FE_other,CollabDiff+fake+690,fake,datasets/DF40/CollabDiff/fake/690/000000_x_0.png
000969,FE,other,DF40_TEST_FE_other,CollabDiff+fake+832,fake,datasets/DF40/CollabDiff/fake/832/000000_x_0.png
000970,FE,other,DF40_TEST_FE_other,CollabDiff+fake+827,fake,datasets/DF40/CollabDiff/fake/827/000000_x_0.png
000971,FE,other,DF40_TEST_FE_other,CollabDiff+fake+451,fake,datasets/DF40/CollabDiff/fake/451/000000_x_0.png
000972,FE,other,DF40_TEST_FE_other,CollabDiff+fake+181,fake,datasets/DF40/CollabDiff/fake/181/000000_x_0.png
000973,FE,other,DF40_TEST_FE_other,CollabDiff+fake+52,fake,datasets/DF40/CollabDiff/fake/52/000000_x_0.png
000974,FE,other,DF40_TEST_FE_other,CollabDiff+fake+867,fake,datasets/DF40/CollabDiff/fake/867/000000_x_0.png
000975,FE,other,DF40_TEST_FE_other,CollabDiff+fake+581,fake,datasets/DF40/CollabDiff/fake/581/000000_x_0.png
000976,FE,other,DF40_TEST_FE_other,CollabDiff+fake+738,fake,datasets/DF40/CollabDiff/fake/738/000000_x_0.png
000977,FE,other,DF40_TEST_FE_other,CollabDiff+fake+792,fake,datasets/DF40/CollabDiff/fake/792/000000_x_0.png
000978,FE,other,DF40_TEST_FE_other,CollabDiff+fake+762,fake,datasets/DF40/CollabDiff/fake/762/000000_x_0.png
000979,FE,other,DF40_TEST_FE_other,CollabDiff+fake+66,fake,datasets/DF40/CollabDiff/fake/66/000000_x_0.png
000980,FE,other,DF40_TEST_FE_other,CollabDiff+fake+747,fake,datasets/DF40/CollabDiff/fake/747/000000_x_0.png
000981,FE,other,DF40_TEST_FE_other,CollabDiff+fake+349,fake,datasets/DF40/CollabDiff/fake/349/000000_x_0.png
000982,FE,other,DF40_TEST_FE_other,CollabDiff+fake+327,fake,datasets/DF40/CollabDiff/fake/327/000000_x_0.png
000983,FE,other,DF40_TEST_FE_other,CollabDiff+fake+411,fake,datasets/DF40/CollabDiff/fake/411/000000_x_0.png
000984,FE,other,DF40_TEST_FE_other,CollabDiff+fake+35,fake,datasets/DF40/CollabDiff/fake/35/000000_x_0.png
000985,FE,other,DF40_TEST_FE_other,CollabDiff+fake+582,fake,datasets/DF40/CollabDiff/fake/582/000000_x_0.png
000986,FE,other,DF40_TEST_FE_other,CollabDiff+fake+84,fake,datasets/DF40/CollabDiff/fake/84/000000_x_0.png
000987,FE,other,DF40_TEST_FE_other,CollabDiff+fake+86,fake,datasets/DF40/CollabDiff/fake/86/000000_x_0.png
000988,FE,other,DF40_TEST_FE_other,CollabDiff+fake+437,fake,datasets/DF40/CollabDiff/fake/437/000000_x_0.png
000989,FE,other,DF40_TEST_FE_other,CollabDiff+fake+797,fake,datasets/DF40/CollabDiff/fake/797/000000_x_0.png
000990,FE,other,DF40_TEST_FE_other,CollabDiff+fake+705,fake,datasets/DF40/CollabDiff/fake/705/000000_x_0.png
000991,FE,other,DF40_TEST_FE_other,CollabDiff+fake+273,fake,datasets/DF40/CollabDiff/fake/273/000000_x_0.png
000992,FE,other,DF40_TEST_FE_other,CollabDiff+fake+834,fake,datasets/DF40/CollabDiff/fake/834/000000_x_0.png
000993,FE,other,DF40_TEST_FE_other,CollabDiff+fake+895,fake,datasets/DF40/CollabDiff/fake/895/000000_x_0.png
000994,FE,other,DF40_TEST_FE_other,CollabDiff+fake+839,fake,datasets/DF40/CollabDiff/fake/839/000000_x_0.png
000995,FE,other,DF40_TEST_FE_other,CollabDiff+fake+503,fake,datasets/DF40/CollabDiff/fake/503/000000_x_0.png
000996,FE,other,DF40_TEST_FE_other,CollabDiff+fake+318,fake,datasets/DF40/CollabDiff/fake/318/000000_x_0.png
000997,FE,other,DF40_TEST_FE_other,CollabDiff+fake+55,fake,datasets/DF40/CollabDiff/fake/55/000000_x_0.png
000998,FE,other,DF40_TEST_FE_other,CollabDiff+fake+979,fake,datasets/DF40/CollabDiff/fake/979/000000_x_0.png
000999,FE,other,DF40_TEST_FE_other,CollabDiff+fake+892,fake,datasets/DF40/CollabDiff/fake/892/000000_x_0.png
001000,FE,other,DF40_TEST_FE_other,CollabDiff+fake+38,fake,datasets/DF40/CollabDiff/fake/38/000000_x_0.png
001001,FR,cdf,DF40_TEST_FR_cdf,sadtalker+cdf+frames+id51_1Yz7Snu6pnI_50006_0004,fake,datasets/DF40/sadtalker/cdf/frames/id51_1Yz7Snu6pnI_50006_0004/033.png
001002,FR,cdf,DF40_TEST_FR_cdf,mcnet+cdf+frames+id10_id12_0004,fake,datasets/DF40/mcnet/cdf/frames/id10_id12_0004/1400.png
001003,FR,cdf,DF40_TEST_FR_cdf,MRAA+cdf+frames+id1_id3_0007,fake,datasets/DF40/MRAA/cdf/frames/id1_id3_0007/316.png
001004,FR,cdf,DF40_TEST_FR_cdf,wav2lip+cdf+frames+id16_0001_Bp2FvktSTRM_50005,fake,datasets/DF40/wav2lip/cdf/frames/id16_0001_Bp2FvktSTRM_50005/163.png
001005,FR,cdf,DF40_TEST_FR_cdf,wav2lip+cdf+frames+id27_0001_23FRUuLcQ6A_50002,fake,datasets/DF40/wav2lip/cdf/frames/id27_0001_23FRUuLcQ6A_50002/062.png
001006,FR,cdf,DF40_TEST_FR_cdf,sadtalker+cdf+frames+id33_CTEhgUmSrro_50002_0004,fake,datasets/DF40/sadtalker/cdf/frames/id33_CTEhgUmSrro_50002_0004/121.png
001007,FR,cdf,DF40_TEST_FR_cdf,sadtalker+cdf+frames+id54_Cv8ttNerBEg_50001_0006,fake,datasets/DF40/sadtalker/cdf/frames/id54_Cv8ttNerBEg_50001_0006/122.png
001008,FR,cdf,DF40_TEST_FR_cdf,facevid2vid+cdf+frames+id47_id43_0007,fake,datasets/DF40/facevid2vid/cdf/frames/id47_id43_0007/330.png
001009,FR,cdf,DF40_TEST_FR_cdf,pirender+cdf+frames+id17_id31_0009,fake,datasets/DF40/pirender/cdf/frames/id17_id31_0009/346.png
001010,FR,cdf,DF40_TEST_FR_cdf,lia+cdf+frames+id17_id3_0007,fake,datasets/DF40/lia/cdf/frames/id17_id3_0007/026.png
001011,FR,cdf,DF40_TEST_FR_cdf,lia+cdf+frames+id25_id21_0005,fake,datasets/DF40/lia/cdf/frames/id25_id21_0005/198.png
001012,FR,cdf,DF40_TEST_FR_cdf,lia+cdf+frames+id0_id26_0009,fake,datasets/DF40/lia/cdf/frames/id0_id26_0009/519.png
001013,FR,cdf,DF40_TEST_FR_cdf,one_shot_free+cdf+frames+id20_id30_0004,fake,datasets/DF40/one_shot_free/cdf/frames/id20_id30_0004/283.png
001014,FR,cdf,DF40_TEST_FR_cdf,tpsm+cdf+frames+id1_id2_0007,fake,datasets/DF40/tpsm/cdf/frames/id1_id2_0007/137.png
001015,FR,cdf,DF40_TEST_FR_cdf,danet+cdf+frames+id9_id28_0000,fake,datasets/DF40/danet/cdf/frames/id9_id28_0000/1300.png
001016,FR,cdf,DF40_TEST_FR_cdf,lia+cdf+frames+id26_id17_0006,fake,datasets/DF40/lia/cdf/frames/id26_id17_0006/266.png
001017,FR,cdf,DF40_TEST_FR_cdf,one_shot_free+cdf+frames+id28_id20_0006,fake,datasets/DF40/one_shot_free/cdf/frames/id28_id20_0006/344.png
001018,FR,cdf,DF40_TEST_FR_cdf,one_shot_free+cdf+frames+id6_id2_0002,fake,datasets/DF40/one_shot_free/cdf/frames/id6_id2_0002/1006.png
001019,FR,cdf,DF40_TEST_FR_cdf,wav2lip+cdf+frames+id3_0005_BPMrcY9z0nM_50018,fake,datasets/DF40/wav2lip/cdf/frames/id3_0005_BPMrcY9z0nM_50018/011.png
001020,FR,cdf,DF40_TEST_FR_cdf,tpsm+cdf+frames+id28_id30_0000,fake,datasets/DF40/tpsm/cdf/frames/id28_id30_0000/275.png
001021,FR,cdf,DF40_TEST_FR_cdf,pirender+cdf+frames+id21_id19_0005,fake,datasets/DF40/pirender/cdf/frames/id21_id19_0005/207.png
001022,FR,cdf,DF40_TEST_FR_cdf,sadtalker+cdf+frames+id21_6vLrreR6YOE_50004_0006,fake,datasets/DF40/sadtalker/cdf/frames/id21_6vLrreR6YOE_50004_0006/077.png
001023,FR,cdf,DF40_TEST_FR_cdf,lia+cdf+frames+id19_id20_0002,fake,datasets/DF40/lia/cdf/frames/id19_id20_0002/165.png
001024,FR,cdf,DF40_TEST_FR_cdf,one_shot_free+cdf+frames+id37_id29_0005,fake,datasets/DF40/one_shot_free/cdf/frames/id37_id29_0005/000.png
001025,FR,cdf,DF40_TEST_FR_cdf,pirender+cdf+frames+id37_id29_0002,fake,datasets/DF40/pirender/cdf/frames/id37_id29_0002/088.png
001026,FR,cdf,DF40_TEST_FR_cdf,danet+cdf+frames+id30_id29_0000,fake,datasets/DF40/danet/cdf/frames/id30_id29_0000/048.png
001027,FR,cdf,DF40_TEST_FR_cdf,MRAA+cdf+frames+id9_id26_0000,fake,datasets/DF40/MRAA/cdf/frames/id9_id26_0000/201.png
001028,FR,cdf,DF40_TEST_FR_cdf,facevid2vid+cdf+frames+id1_id0_0000,fake,datasets/DF40/facevid2vid/cdf/frames/id1_id0_0000/344.png
001029,FR,cdf,DF40_TEST_FR_cdf,wav2lip+cdf+frames+id29_0000_6xsvGYIxJok_50006,fake,datasets/DF40/wav2lip/cdf/frames/id29_0000_6xsvGYIxJok_50006/108.png
001030,FR,cdf,DF40_TEST_FR_cdf,one_shot_free+cdf+frames+id37_id38_0009,fake,datasets/DF40/one_shot_free/cdf/frames/id37_id38_0009/871.png
001031,FR,cdf,DF40_TEST_FR_cdf,sadtalker+cdf+frames+id6_1YO1FmVAPrA_50013_0000,fake,datasets/DF40/sadtalker/cdf/frames/id6_1YO1FmVAPrA_50013_0000/049.png
001032,FR,cdf,DF40_TEST_FR_cdf,MRAA+cdf+frames+id20_id30_0004,fake,datasets/DF40/MRAA/cdf/frames/id20_id30_0004/219.png
001033,FR,cdf,DF40_TEST_FR_cdf,wav2lip+cdf+frames+id55_0009_6fJRmouSDL4_50008,fake,datasets/DF40/wav2lip/cdf/frames/id55_0009_6fJRmouSDL4_50008/163.png
001034,FR,cdf,DF40_TEST_FR_cdf,danet+cdf+frames+id21_id16_0002,fake,datasets/DF40/danet/cdf/frames/id21_id16_0002/1002.png
001035,FR,cdf,DF40_TEST_FR_cdf,danet+cdf+frames+id3_id30_0006,fake,datasets/DF40/danet/cdf/frames/id3_id30_0006/395.png
001036,FR,cdf,DF40_TEST_FR_cdf,wav2lip+cdf+frames+id35_0006_AAsSqx2aLsA_50004,fake,datasets/DF40/wav2lip/cdf/frames/id35_0006_AAsSqx2aLsA_50004/041.png
001037,FR,cdf,DF40_TEST_FR_cdf,tpsm+cdf+frames+id16_id2_0004,fake,datasets/DF40/tpsm/cdf/frames/id16_id2_0004/395.png
001038,FR,cdf,DF40_TEST_FR_cdf,fomm+cdf+frames+id35_id30_0006,fake,datasets/DF40/fomm/cdf/frames/id35_id30_0006/309.png
001039,FR,cdf,DF40_TEST_FR_cdf,one_shot_free+cdf+frames+id20_id4_0001,fake,datasets/DF40/one_shot_free/cdf/frames/id20_id4_0001/503.png
001040,FR,cdf,DF40_TEST_FR_cdf,facevid2vid+cdf+frames+id35_id30_0009,fake,datasets/DF40/facevid2vid/cdf/frames/id35_id30_0009/000.png
001041,FR,cdf,DF40_TEST_FR_cdf,tpsm+cdf+frames+id22_id28_0006,fake,datasets/DF40/tpsm/cdf/frames/id22_id28_0006/053.png
001042,FR,cdf,DF40_TEST_FR_cdf,MRAA+cdf+frames+id2_id3_0008,fake,datasets/DF40/MRAA/cdf/frames/id2_id3_0008/083.png
001043,FR,cdf,DF40_TEST_FR_cdf,facevid2vid+cdf+frames+id38_id33_0001,fake,datasets/DF40/facevid2vid/cdf/frames/id38_id33_0001/075.png
001044,FR,cdf,DF40_TEST_FR_cdf,MRAA+cdf+frames+id2_id16_0004,fake,datasets/DF40/MRAA/cdf/frames/id2_id16_0004/411.png
001045,FR,cdf,DF40_TEST_FR_cdf,wav2lip+cdf+frames+id22_0007_BN9a8Ldy7Xc_50005,fake,datasets/DF40/wav2lip/cdf/frames/id22_0007_BN9a8Ldy7Xc_50005/184.png
001046,FR,cdf,DF40_TEST_FR_cdf,fomm+cdf+frames+id9_id2_0008,fake,datasets/DF40/fomm/cdf/frames/id9_id2_0008/1341.png
001047,FR,cdf,DF40_TEST_FR_cdf,one_shot_free+cdf+frames+id40_id43_0005,fake,datasets/DF40/one_shot_free/cdf/frames/id40_id43_0005/155.png
001048,FR,cdf,DF40_TEST_FR_cdf,danet+cdf+frames+id0_id1_0001,fake,datasets/DF40/danet/cdf/frames/id0_id1_0001/557.png
001049,FR,cdf,DF40_TEST_FR_cdf,tpsm+cdf+frames+id10_id12_0002,fake,datasets/DF40/tpsm/cdf/frames/id10_id12_0002/321.png
001050,FR,cdf,DF40_TEST_FR_cdf,fomm+cdf+frames+id1_id20_0002,fake,datasets/DF40/fomm/cdf/frames/id1_id20_0002/348.png
001051,FR,cdf,DF40_TEST_FR_cdf,lia+cdf+frames+id29_id38_0008,fake,datasets/DF40/lia/cdf/frames/id29_id38_0008/318.png
001052,FR,cdf,DF40_TEST_FR_cdf,one_shot_free+cdf+frames+id3_id28_0004,fake,datasets/DF40/one_shot_free/cdf/frames/id3_id28_0004/1014.png
001053,FR,cdf,DF40_TEST_FR_cdf,one_shot_free+cdf+frames+id4_id1_0002,fake,datasets/DF40/one_shot_free/cdf/frames/id4_id1_0002/190.png
001054,FR,cdf,DF40_TEST_FR_cdf,MRAA+cdf+frames+id0_id17_0000,fake,datasets/DF40/MRAA/cdf/frames/id0_id17_0000/015.png
001055,FR,cdf,DF40_TEST_FR_cdf,MRAA+cdf+frames+id16_id21_0002,fake,datasets/DF40/MRAA/cdf/frames/id16_id21_0002/245.png
001056,FR,cdf,DF40_TEST_FR_cdf,danet+cdf+frames+id26_id30_0006,fake,datasets/DF40/danet/cdf/frames/id26_id30_0006/267.png
001057,FR,cdf,DF40_TEST_FR_cdf,danet+cdf+frames+id30_id35_0006,fake,datasets/DF40/danet/cdf/frames/id30_id35_0006/531.png
001058,FR,cdf,DF40_TEST_FR_cdf,sadtalker+cdf+frames+id0_4sg9TlsMRVA_50009_0001,fake,datasets/DF40/sadtalker/cdf/frames/id0_4sg9TlsMRVA_50009_0001/147.png
001059,FR,cdf,DF40_TEST_FR_cdf,pirender+cdf+frames+id4_id21_0002,fake,datasets/DF40/pirender/cdf/frames/id4_id21_0002/1142.png
001060,FR,cdf,DF40_TEST_FR_cdf,lia+cdf+frames+id56_id51_0000,fake,datasets/DF40/lia/cdf/frames/id56_id51_0000/347.png
001061,FR,cdf,DF40_TEST_FR_cdf,tpsm+cdf+frames+id10_id13_0004,fake,datasets/DF40/tpsm/cdf/frames/id10_id13_0004/166.png
001062,FR,cdf,DF40_TEST_FR_cdf,wav2lip+cdf+frames+id10_0008_bLGTrz1Zolk_50025,fake,datasets/DF40/wav2lip/cdf/frames/id10_0008_bLGTrz1Zolk_50025/064.png
001063,FR,cdf,DF40_TEST_FR_cdf,danet+cdf+frames+id37_id2_0009,fake,datasets/DF40/danet/cdf/frames/id37_id2_0009/825.png
001064,FR,cdf,DF40_TEST_FR_cdf,danet+cdf+frames+id26_id22_0005,fake,datasets/DF40/danet/cdf/frames/id26_id22_0005/390.png
001065,FR,cdf,DF40_TEST_FR_cdf,lia+cdf+frames+id17_id6_0000,fake,datasets/DF40/lia/cdf/frames/id17_id6_0000/147.png
001066,FR,cdf,DF40_TEST_FR_cdf,fomm+cdf+frames+id34_id38_0004,fake,datasets/DF40/fomm/cdf/frames/id34_id38_0004/867.png
001067,FR,cdf,DF40_TEST_FR_cdf,danet+cdf+frames+id32_id29_0000,fake,datasets/DF40/danet/cdf/frames/id32_id29_0000/549.png
001068,FR,cdf,DF40_TEST_FR_cdf,pirender+cdf+frames+id23_id1_0006,fake,datasets/DF40/pirender/cdf/frames/id23_id1_0006/670.png
001069,FR,cdf,DF40_TEST_FR_cdf,one_shot_free+cdf+frames+id49_id54_0003,fake,datasets/DF40/one_shot_free/cdf/frames/id49_id54_0003/378.png
001070,FR,cdf,DF40_TEST_FR_cdf,tpsm+cdf+frames+id34_id38_0003,fake,datasets/DF40/tpsm/cdf/frames/id34_id38_0003/686.png
001071,FR,cdf,DF40_TEST_FR_cdf,facevid2vid+cdf+frames+id57_id51_0000,fake,datasets/DF40/facevid2vid/cdf/frames/id57_id51_0000/639.png
001072,FR,cdf,DF40_TEST_FR_cdf,lia+cdf+frames+id26_id2_0005,fake,datasets/DF40/lia/cdf/frames/id26_id2_0005/291.png
001073,FR,cdf,DF40_TEST_FR_cdf,lia+cdf+frames+id51_id50_0008,fake,datasets/DF40/lia/cdf/frames/id51_id50_0008/379.png
001074,FR,cdf,DF40_TEST_FR_cdf,mcnet+cdf+frames+id2_id4_0003,fake,datasets/DF40/mcnet/cdf/frames/id2_id4_0003/371.png
001075,FR,cdf,DF40_TEST_FR_cdf,wav2lip+cdf+frames+id10_0005_1gTNgijhKzw_50003,fake,datasets/DF40/wav2lip/cdf/frames/id10_0005_1gTNgijhKzw_50003/017.png
001076,FR,cdf,DF40_TEST_FR_cdf,tpsm+cdf+frames+id0_id4_0001,fake,datasets/DF40/tpsm/cdf/frames/id0_id4_0001/204.png
001077,FR,cdf,DF40_TEST_FR_cdf,wav2lip+cdf+frames+id35_0007_501FEzbB1JI_50015,fake,datasets/DF40/wav2lip/cdf/frames/id35_0007_501FEzbB1JI_50015/150.png
001078,FR,cdf,DF40_TEST_FR_cdf,MRAA+cdf+frames+id23_id19_0001,fake,datasets/DF40/MRAA/cdf/frames/id23_id19_0001/149.png
001079,FR,cdf,DF40_TEST_FR_cdf,mcnet+cdf+frames+id24_id21_0006,fake,datasets/DF40/mcnet/cdf/frames/id24_id21_0006/590.png
001080,FR,cdf,DF40_TEST_FR_cdf,mcnet+cdf+frames+id47_id39_0004,fake,datasets/DF40/mcnet/cdf/frames/id47_id39_0004/274.png
001081,FR,cdf,DF40_TEST_FR_cdf,MRAA+cdf+frames+id3_id28_0001,fake,datasets/DF40/MRAA/cdf/frames/id3_id28_0001/110.png
001082,FR,cdf,DF40_TEST_FR_cdf,mcnet+cdf+frames+id13_id7_0009,fake,datasets/DF40/mcnet/cdf/frames/id13_id7_0009/252.png
001083,FR,cdf,DF40_TEST_FR_cdf,pirender+cdf+frames+id9_id20_0002,fake,datasets/DF40/pirender/cdf/frames/id9_id20_0002/070.png
001084,FR,cdf,DF40_TEST_FR_cdf,wav2lip+cdf+frames+id17_0006_796LfXwzIUk_50016,fake,datasets/DF40/wav2lip/cdf/frames/id17_0006_796LfXwzIUk_50016/000.png
001085,FR,cdf,DF40_TEST_FR_cdf,facevid2vid+cdf+frames+id6_id0_0007,fake,datasets/DF40/facevid2vid/cdf/frames/id6_id0_0007/558.png
001086,FR,cdf,DF40_TEST_FR_cdf,lia+cdf+frames+id3_id1_0006,fake,datasets/DF40/lia/cdf/frames/id3_id1_0006/144.png
001087,FR,cdf,DF40_TEST_FR_cdf,pirender+cdf+frames+id28_id21_0009,fake,datasets/DF40/pirender/cdf/frames/id28_id21_0009/096.png
001088,FR,cdf,DF40_TEST_FR_cdf,sadtalker+cdf+frames+id4_ARWBdfWpDyc_50003_0004,fake,datasets/DF40/sadtalker/cdf/frames/id4_ARWBdfWpDyc_50003_0004/091.png
001089,FR,cdf,DF40_TEST_FR_cdf,fomm+cdf+frames+id16_id28_0005,fake,datasets/DF40/fomm/cdf/frames/id16_id28_0005/968.png
001090,FR,cdf,DF40_TEST_FR_cdf,MRAA+cdf+frames+id1_id6_0005,fake,datasets/DF40/MRAA/cdf/frames/id1_id6_0005/367.png
001091,FR,cdf,DF40_TEST_FR_cdf,lia+cdf+frames+id28_id6_0002,fake,datasets/DF40/lia/cdf/frames/id28_id6_0002/089.png
001092,FR,cdf,DF40_TEST_FR_cdf,tpsm+cdf+frames+id27_id26_0006,fake,datasets/DF40/tpsm/cdf/frames/id27_id26_0006/246.png
001093,FR,cdf,DF40_TEST_FR_cdf,facevid2vid+cdf+frames+id17_id2_0007,fake,datasets/DF40/facevid2vid/cdf/frames/id17_id2_0007/258.png
001094,FR,cdf,DF40_TEST_FR_cdf,sadtalker+cdf+frames+id33_1oNlTrLIjU4_50002_0008,fake,datasets/DF40/sadtalker/cdf/frames/id33_1oNlTrLIjU4_50002_0008/114.png
001095,FR,cdf,DF40_TEST_FR_cdf,pirender+cdf+frames+id21_id17_0000,fake,datasets/DF40/pirender/cdf/frames/id21_id17_0000/362.png
001096,FR,cdf,DF40_TEST_FR_cdf,MRAA+cdf+frames+id58_id53_0005,fake,datasets/DF40/MRAA/cdf/frames/id58_id53_0005/267.png
001097,FR,cdf,DF40_TEST_FR_cdf,MRAA+cdf+frames+id28_id30_0000,fake,datasets/DF40/MRAA/cdf/frames/id28_id30_0000/031.png
001098,FR,cdf,DF40_TEST_FR_cdf,facevid2vid+cdf+frames+id6_id20_0007,fake,datasets/DF40/facevid2vid/cdf/frames/id6_id20_0007/396.png
001099,FR,cdf,DF40_TEST_FR_cdf,pirender+cdf+frames+id31_id20_0008,fake,datasets/DF40/pirender/cdf/frames/id31_id20_0008/134.png
001100,FR,cdf,DF40_TEST_FR_cdf,fomm+cdf+frames+id13_id10_0008,fake,datasets/DF40/fomm/cdf/frames/id13_id10_0008/533.png
001101,FR,cdf,DF40_TEST_FR_cdf,pirender+cdf+frames+id6_id23_0001,fake,datasets/DF40/pirender/cdf/frames/id6_id23_0001/716.png
001102,FR,cdf,DF40_TEST_FR_cdf,wav2lip+cdf+frames+id4_0004_1Yz7Snu6pnI_50004,fake,datasets/DF40/wav2lip/cdf/frames/id4_0004_1Yz7Snu6pnI_50004/088.png
001103,FR,cdf,DF40_TEST_FR_cdf,MRAA+cdf+frames+id17_id21_0000,fake,datasets/DF40/MRAA/cdf/frames/id17_id21_0000/049.png
001104,FR,cdf,DF40_TEST_FR_cdf,facevid2vid+cdf+frames+id20_id37_0004,fake,datasets/DF40/facevid2vid/cdf/frames/id20_id37_0004/146.png
001105,FR,cdf,DF40_TEST_FR_cdf,wav2lip+cdf+frames+id33_0004_CTEhgUmSrro_50002,fake,datasets/DF40/wav2lip/cdf/frames/id33_0004_CTEhgUmSrro_50002/106.png
001106,FR,cdf,DF40_TEST_FR_cdf,facevid2vid+cdf+frames+id46_id39_0000,fake,datasets/DF40/facevid2vid/cdf/frames/id46_id39_0000/291.png
001107,FR,cdf,DF40_TEST_FR_cdf,one_shot_free+cdf+frames+id19_id23_0001,fake,datasets/DF40/one_shot_free/cdf/frames/id19_id23_0001/942.png
001108,FR,cdf,DF40_TEST_FR_cdf,wav2lip+cdf+frames+id35_0009_88SlA2EZxtY_50006,fake,datasets/DF40/wav2lip/cdf/frames/id35_0009_88SlA2EZxtY_50006/079.png
001109,FR,cdf,DF40_TEST_FR_cdf,pirender+cdf+frames+id21_id3_0009,fake,datasets/DF40/pirender/cdf/frames/id21_id3_0009/092.png
001110,FR,cdf,DF40_TEST_FR_cdf,mcnet+cdf+frames+id9_id2_0008,fake,datasets/DF40/mcnet/cdf/frames/id9_id2_0008/760.png
001111,FR,cdf,DF40_TEST_FR_cdf,MRAA+cdf+frames+id27_id22_0007,fake,datasets/DF40/MRAA/cdf/frames/id27_id22_0007/170.png
001112,FR,cdf,DF40_TEST_FR_cdf,pirender+cdf+frames+id35_id31_0009,fake,datasets/DF40/pirender/cdf/frames/id35_id31_0009/483.png
001113,FR,cdf,DF40_TEST_FR_cdf,mcnet+cdf+frames+id49_id54_0003,fake,datasets/DF40/mcnet/cdf/frames/id49_id54_0003/529.png
001114,FR,cdf,DF40_TEST_FR_cdf,MRAA+cdf+frames+id17_id2_0000,fake,datasets/DF40/MRAA/cdf/frames/id17_id2_0000/078.png
001115,FR,cdf,DF40_TEST_FR_cdf,facevid2vid+cdf+frames+id31_id20_0008,fake,datasets/DF40/facevid2vid/cdf/frames/id31_id20_0008/208.png
001116,FR,cdf,DF40_TEST_FR_cdf,lia+cdf+frames+id10_id7_0009,fake,datasets/DF40/lia/cdf/frames/id10_id7_0009/051.png
001117,FR,cdf,DF40_TEST_FR_cdf,facevid2vid+cdf+frames+id28_id17_0001,fake,datasets/DF40/facevid2vid/cdf/frames/id28_id17_0001/032.png
001118,FR,cdf,DF40_TEST_FR_cdf,lia+cdf+frames+id30_id31_0009,fake,datasets/DF40/lia/cdf/frames/id30_id31_0009/355.png
001119,FR,cdf,DF40_TEST_FR_cdf,one_shot_free+cdf+frames+id7_id11_0007,fake,datasets/DF40/one_shot_free/cdf/frames/id7_id11_0007/401.png
001120,FR,cdf,DF40_TEST_FR_cdf,mcnet+cdf+frames+id4_id30_0000,fake,datasets/DF40/mcnet/cdf/frames/id4_id30_0000/1154.png
001121,FR,cdf,DF40_TEST_FR_cdf,lia+cdf+frames+id20_id1_0003,fake,datasets/DF40/lia/cdf/frames/id20_id1_0003/184.png
001122,FR,cdf,DF40_TEST_FR_cdf,fomm+cdf+frames+id26_id30_0006,fake,datasets/DF40/fomm/cdf/frames/id26_id30_0006/831.png
001123,FR,cdf,DF40_TEST_FR_cdf,pirender+cdf+frames+id34_id38_0004,fake,datasets/DF40/pirender/cdf/frames/id34_id38_0004/1324.png
001124,FR,cdf,DF40_TEST_FR_cdf,one_shot_free+cdf+frames+id20_id6_0007,fake,datasets/DF40/one_shot_free/cdf/frames/id20_id6_0007/942.png
001125,FR,cdf,DF40_TEST_FR_cdf,sadtalker+cdf+frames+id2_da1vvigy5tQ_50011_0008,fake,datasets/DF40/sadtalker/cdf/frames/id2_da1vvigy5tQ_50011_0008/032.png
001126,FR,cdf,DF40_TEST_FR_cdf,MRAA+cdf+frames+id10_id12_0004,fake,datasets/DF40/MRAA/cdf/frames/id10_id12_0004/083.png
001127,FR,cdf,DF40_TEST_FR_cdf,one_shot_free+cdf+frames+id5_id8_0008,fake,datasets/DF40/one_shot_free/cdf/frames/id5_id8_0008/1415.png
001128,FR,cdf,DF40_TEST_FR_cdf,sadtalker+cdf+frames+id29_CTEhgUmSrro_50002_0004,fake,datasets/DF40/sadtalker/cdf/frames/id29_CTEhgUmSrro_50002_0004/048.png
001129,FR,cdf,DF40_TEST_FR_cdf,fomm+cdf+frames+id17_id28_0001,fake,datasets/DF40/fomm/cdf/frames/id17_id28_0001/670.png
001130,FR,cdf,DF40_TEST_FR_cdf,wav2lip+cdf+frames+id33_0002_AGivotqSrd0_50005,fake,datasets/DF40/wav2lip/cdf/frames/id33_0002_AGivotqSrd0_50005/086.png
001131,FR,cdf,DF40_TEST_FR_cdf,danet+cdf+frames+id28_id21_0001,fake,datasets/DF40/danet/cdf/frames/id28_id21_0001/354.png
001132,FR,cdf,DF40_TEST_FR_cdf,wav2lip+cdf+frames+id20_0006_5aH2Ppjpcho_50001,fake,datasets/DF40/wav2lip/cdf/frames/id20_0006_5aH2Ppjpcho_50001/160.png
001133,FR,cdf,DF40_TEST_FR_cdf,pirender+cdf+frames+id56_id55_0009,fake,datasets/DF40/pirender/cdf/frames/id56_id55_0009/287.png
001134,FR,cdf,DF40_TEST_FR_cdf,fomm+cdf+frames+id16_id1_0007,fake,datasets/DF40/fomm/cdf/frames/id16_id1_0007/579.png
001135,FR,cdf,DF40_TEST_FR_cdf,lia+cdf+frames+id2_id23_0007,fake,datasets/DF40/lia/cdf/frames/id2_id23_0007/166.png
001136,FR,cdf,DF40_TEST_FR_cdf,wav2lip+cdf+frames+id1_0002_ATISgVUKetI_50020,fake,datasets/DF40/wav2lip/cdf/frames/id1_0002_ATISgVUKetI_50020/164.png
001137,FR,cdf,DF40_TEST_FR_cdf,one_shot_free+cdf+frames+id21_id27_0008,fake,datasets/DF40/one_shot_free/cdf/frames/id21_id27_0008/966.png
001138,FR,cdf,DF40_TEST_FR_cdf,wav2lip+cdf+frames+id32_0006_aIFFFGf1ZRE_50009,fake,datasets/DF40/wav2lip/cdf/frames/id32_0006_aIFFFGf1ZRE_50009/030.png
001139,FR,cdf,DF40_TEST_FR_cdf,mcnet+cdf+frames+id35_id32_0007,fake,datasets/DF40/mcnet/cdf/frames/id35_id32_0007/424.png
001140,FR,cdf,DF40_TEST_FR_cdf,wav2lip+cdf+frames+id21_0000_2JSZ66uMRwc_50003,fake,datasets/DF40/wav2lip/cdf/frames/id21_0000_2JSZ66uMRwc_50003/071.png
001141,FR,cdf,DF40_TEST_FR_cdf,wav2lip+cdf+frames+id1_0000_AzW2iKdSITM_50003,fake,datasets/DF40/wav2lip/cdf/frames/id1_0000_AzW2iKdSITM_50003/070.png
001142,FR,cdf,DF40_TEST_FR_cdf,danet+cdf+frames+id23_id1_0006,fake,datasets/DF40/danet/cdf/frames/id23_id1_0006/823.png
001143,FR,cdf,DF40_TEST_FR_cdf,wav2lip+cdf+frames+id28_0006_AlsFSLXjVdw_50003,fake,datasets/DF40/wav2lip/cdf/frames/id28_0006_AlsFSLXjVdw_50003/017.png
001144,FR,cdf,DF40_TEST_FR_cdf,tpsm+cdf+frames+id3_id6_0001,fake,datasets/DF40/tpsm/cdf/frames/id3_id6_0001/317.png
001145,FR,cdf,DF40_TEST_FR_cdf,wav2lip+cdf+frames+id6_0000_1YO1FmVAPrA_50013,fake,datasets/DF40/wav2lip/cdf/frames/id6_0000_1YO1FmVAPrA_50013/071.png
001146,FR,cdf,DF40_TEST_FR_cdf,pirender+cdf+frames+id20_id9_0008,fake,datasets/DF40/pirender/cdf/frames/id20_id9_0008/656.png
001147,FR,cdf,DF40_TEST_FR_cdf,MRAA+cdf+frames+id3_id26_0002,fake,datasets/DF40/MRAA/cdf/frames/id3_id26_0002/234.png
001148,FR,cdf,DF40_TEST_FR_cdf,danet+cdf+frames+id37_id38_0009,fake,datasets/DF40/danet/cdf/frames/id37_id38_0009/917.png
001149,FR,cdf,DF40_TEST_FR_cdf,pirender+cdf+frames+id21_id27_0002,fake,datasets/DF40/pirender/cdf/frames/id21_id27_0002/355.png
001150,FR,cdf,DF40_TEST_FR_cdf,MRAA+cdf+frames+id37_id21_0000,fake,datasets/DF40/MRAA/cdf/frames/id37_id21_0000/484.png
001151,FR,cdf,DF40_TEST_FR_cdf,fomm+cdf+frames+id1_id20_0001,fake,datasets/DF40/fomm/cdf/frames/id1_id20_0001/668.png
001152,FR,cdf,DF40_TEST_FR_cdf,facevid2vid+cdf+frames+id16_id35_0004,fake,datasets/DF40/facevid2vid/cdf/frames/id16_id35_0004/000.png
001153,FR,cdf,DF40_TEST_FR_cdf,fomm+cdf+frames+id21_id3_0009,fake,datasets/DF40/fomm/cdf/frames/id21_id3_0009/586.png
001154,FR,cdf,DF40_TEST_FR_cdf,tpsm+cdf+frames+id11_id7_0009,fake,datasets/DF40/tpsm/cdf/frames/id11_id7_0009/025.png
001155,FR,cdf,DF40_TEST_FR_cdf,fomm+cdf+frames+id20_id37_0004,fake,datasets/DF40/fomm/cdf/frames/id20_id37_0004/345.png
001156,FR,cdf,DF40_TEST_FR_cdf,facevid2vid+cdf+frames+id49_id50_0001,fake,datasets/DF40/facevid2vid/cdf/frames/id49_id50_0001/103.png
001157,FR,cdf,DF40_TEST_FR_cdf,facevid2vid+cdf+frames+id7_id13_0009,fake,datasets/DF40/facevid2vid/cdf/frames/id7_id13_0009/413.png
001158,FR,cdf,DF40_TEST_FR_cdf,sadtalker+cdf+frames+id27_2tBuvxXxlS4_50002_0001,fake,datasets/DF40/sadtalker/cdf/frames/id27_2tBuvxXxlS4_50002_0001/094.png
001159,FR,cdf,DF40_TEST_FR_cdf,pirender+cdf+frames+id16_id1_0004,fake,datasets/DF40/pirender/cdf/frames/id16_id1_0004/1034.png
001160,FR,cdf,DF40_TEST_FR_cdf,wav2lip+cdf+frames+id4_0001_8HplGZBS7FY_50005,fake,datasets/DF40/wav2lip/cdf/frames/id4_0001_8HplGZBS7FY_50005/072.png
001161,FR,cdf,DF40_TEST_FR_cdf,mcnet+cdf+frames+id28_id20_0008,fake,datasets/DF40/mcnet/cdf/frames/id28_id20_0008/198.png
001162,FR,cdf,DF40_TEST_FR_cdf,fomm+cdf+frames+id21_id27_0008,fake,datasets/DF40/fomm/cdf/frames/id21_id27_0008/903.png
001163,FR,cdf,DF40_TEST_FR_cdf,mcnet+cdf+frames+id1_id3_0001,fake,datasets/DF40/mcnet/cdf/frames/id1_id3_0001/186.png
001164,FR,cdf,DF40_TEST_FR_cdf,lia+cdf+frames+id50_id52_0007,fake,datasets/DF40/lia/cdf/frames/id50_id52_0007/422.png
001165,FR,cdf,DF40_TEST_FR_cdf,one_shot_free+cdf+frames+id47_id45_0002,fake,datasets/DF40/one_shot_free/cdf/frames/id47_id45_0002/846.png
001166,FR,cdf,DF40_TEST_FR_cdf,wav2lip+cdf+frames+id6_0006_D1QoyTmeAYw_50001,fake,datasets/DF40/wav2lip/cdf/frames/id6_0006_D1QoyTmeAYw_50001/089.png
001167,FR,cdf,DF40_TEST_FR_cdf,danet+cdf+frames+id44_id45_0000,fake,datasets/DF40/danet/cdf/frames/id44_id45_0000/177.png
001168,FR,cdf,DF40_TEST_FR_cdf,fomm+cdf+frames+id6_id17_0000,fake,datasets/DF40/fomm/cdf/frames/id6_id17_0000/854.png
001169,FR,cdf,DF40_TEST_FR_cdf,one_shot_free+cdf+frames+id38_id33_0005,fake,datasets/DF40/one_shot_free/cdf/frames/id38_id33_0005/355.png
001170,FR,cdf,DF40_TEST_FR_cdf,facevid2vid+cdf+frames+id21_id28_0006,fake,datasets/DF40/facevid2vid/cdf/frames/id21_id28_0006/359.png
001171,FR,cdf,DF40_TEST_FR_cdf,pirender+cdf+frames+id21_id28_0006,fake,datasets/DF40/pirender/cdf/frames/id21_id28_0006/069.png
001172,FR,cdf,DF40_TEST_FR_cdf,facevid2vid+cdf+frames+id11_id7_0009,fake,datasets/DF40/facevid2vid/cdf/frames/id11_id7_0009/025.png
001173,FR,cdf,DF40_TEST_FR_cdf,one_shot_free+cdf+frames+id37_id28_0007,fake,datasets/DF40/one_shot_free/cdf/frames/id37_id28_0007/045.png
001174,FR,cdf,DF40_TEST_FR_cdf,danet+cdf+frames+id1_id20_0001,fake,datasets/DF40/danet/cdf/frames/id1_id20_0001/347.png
001175,FR,cdf,DF40_TEST_FR_cdf,facevid2vid+cdf+frames+id28_id26_0000,fake,datasets/DF40/facevid2vid/cdf/frames/id28_id26_0000/031.png
001176,FR,cdf,DF40_TEST_FR_cdf,tpsm+cdf+frames+id57_id58_0008,fake,datasets/DF40/tpsm/cdf/frames/id57_id58_0008/264.png
001177,FR,cdf,DF40_TEST_FR_cdf,fomm+cdf+frames+id10_id12_0001,fake,datasets/DF40/fomm/cdf/frames/id10_id12_0001/014.png
001178,FR,cdf,DF40_TEST_FR_cdf,lia+cdf+frames+id34_id33_0002,fake,datasets/DF40/lia/cdf/frames/id34_id33_0002/082.png
001179,FR,cdf,DF40_TEST_FR_cdf,one_shot_free+cdf+frames+id37_id20_0004,fake,datasets/DF40/one_shot_free/cdf/frames/id37_id20_0004/214.png
001180,FR,cdf,DF40_TEST_FR_cdf,wav2lip+cdf+frames+id3_0001_8jkri0AeZWQ_50010,fake,datasets/DF40/wav2lip/cdf/frames/id3_0001_8jkri0AeZWQ_50010/129.png
001181,FR,cdf,DF40_TEST_FR_cdf,tpsm+cdf+frames+id23_id30_0007,fake,datasets/DF40/tpsm/cdf/frames/id23_id30_0007/236.png
001182,FR,cdf,DF40_TEST_FR_cdf,danet+cdf+frames+id1_id37_0002,fake,datasets/DF40/danet/cdf/frames/id1_id37_0002/425.png
001183,FR,cdf,DF40_TEST_FR_cdf,pirender+cdf+frames+id4_id21_0009,fake,datasets/DF40/pirender/cdf/frames/id4_id21_0009/562.png
001184,FR,cdf,DF40_TEST_FR_cdf,lia+cdf+frames+id37_id28_0007,fake,datasets/DF40/lia/cdf/frames/id37_id28_0007/366.png
001185,FR,cdf,DF40_TEST_FR_cdf,one_shot_free+cdf+frames+id37_id29_0002,fake,datasets/DF40/one_shot_free/cdf/frames/id37_id29_0002/1332.png
001186,FR,cdf,DF40_TEST_FR_cdf,sadtalker+cdf+frames+id47_7n9IOH0NvyY_50001_0004,fake,datasets/DF40/sadtalker/cdf/frames/id47_7n9IOH0NvyY_50001_0004/144.png
001187,FR,cdf,DF40_TEST_FR_cdf,wav2lip+cdf+frames+id3_0004_8aSUUhW7SHU_50017,fake,datasets/DF40/wav2lip/cdf/frames/id3_0004_8aSUUhW7SHU_50017/000.png
001188,FR,cdf,DF40_TEST_FR_cdf,danet+cdf+frames+id0_id3_0007,fake,datasets/DF40/danet/cdf/frames/id0_id3_0007/929.png
001189,FR,cdf,DF40_TEST_FR_cdf,pirender+cdf+frames+id32_id35_0007,fake,datasets/DF40/pirender/cdf/frames/id32_id35_0007/1282.png
001190,FR,cdf,DF40_TEST_FR_cdf,lia+cdf+frames+id54_id56_0000,fake,datasets/DF40/lia/cdf/frames/id54_id56_0000/342.png
001191,FR,cdf,DF40_TEST_FR_cdf,MRAA+cdf+frames+id1_id37_0002,fake,datasets/DF40/MRAA/cdf/frames/id1_id37_0002/102.png
001192,FR,cdf,DF40_TEST_FR_cdf,one_shot_free+cdf+frames+id21_id4_0009,fake,datasets/DF40/one_shot_free/cdf/frames/id21_id4_0009/061.png
001193,FR,cdf,DF40_TEST_FR_cdf,lia+cdf+frames+id27_id21_0008,fake,datasets/DF40/lia/cdf/frames/id27_id21_0008/053.png
001194,FR,cdf,DF40_TEST_FR_cdf,fomm+cdf+frames+id1_id3_0001,fake,datasets/DF40/fomm/cdf/frames/id1_id3_0001/187.png
001195,FR,cdf,DF40_TEST_FR_cdf,tpsm+cdf+frames+id35_id30_0006,fake,datasets/DF40/tpsm/cdf/frames/id35_id30_0006/102.png
001196,FR,cdf,DF40_TEST_FR_cdf,danet+cdf+frames+id1_id3_0001,fake,datasets/DF40/danet/cdf/frames/id1_id3_0001/213.png
001197,FR,cdf,DF40_TEST_FR_cdf,MRAA+cdf+frames+id37_id28_0008,fake,datasets/DF40/MRAA/cdf/frames/id37_id28_0008/171.png
001198,FR,cdf,DF40_TEST_FR_cdf,facevid2vid+cdf+frames+id38_id29_0008,fake,datasets/DF40/facevid2vid/cdf/frames/id38_id29_0008/396.png
001199,FR,cdf,DF40_TEST_FR_cdf,facevid2vid+cdf+frames+id1_id9_0000,fake,datasets/DF40/facevid2vid/cdf/frames/id1_id9_0000/331.png
001200,FR,cdf,DF40_TEST_FR_cdf,sadtalker+cdf+frames+id9_8u9Wvz1edxI_50003_0008,fake,datasets/DF40/sadtalker/cdf/frames/id9_8u9Wvz1edxI_50003_0008/054.png
001201,FR,cdf,DF40_TEST_FR_cdf,MRAA+cdf+frames+id30_id26_0006,fake,datasets/DF40/MRAA/cdf/frames/id30_id26_0006/141.png
001202,FR,cdf,DF40_TEST_FR_cdf,danet+cdf+frames+id29_id37_0005,fake,datasets/DF40/danet/cdf/frames/id29_id37_0005/543.png
001203,FR,cdf,DF40_TEST_FR_cdf,danet+cdf+frames+id57_id58_0008,fake,datasets/DF40/danet/cdf/frames/id57_id58_0008/1279.png
001204,FR,cdf,DF40_TEST_FR_cdf,mcnet+cdf+frames+id37_id3_0006,fake,datasets/DF40/mcnet/cdf/frames/id37_id3_0006/834.png
001205,FR,cdf,DF40_TEST_FR_cdf,sadtalker+cdf+frames+id2_7CmqNpCofc8_50005_0007,fake,datasets/DF40/sadtalker/cdf/frames/id2_7CmqNpCofc8_50005_0007/012.png
001206,FR,cdf,DF40_TEST_FR_cdf,tpsm+cdf+frames+id13_id10_0007,fake,datasets/DF40/tpsm/cdf/frames/id13_id10_0007/203.png
001207,FR,cdf,DF40_TEST_FR_cdf,mcnet+cdf+frames+id21_id20_0006,fake,datasets/DF40/mcnet/cdf/frames/id21_id20_0006/278.png
001208,FR,cdf,DF40_TEST_FR_cdf,danet+cdf+frames+id49_id52_0005,fake,datasets/DF40/danet/cdf/frames/id49_id52_0005/882.png
001209,FR,cdf,DF40_TEST_FR_cdf,wav2lip+cdf+frames+id6_0000_1YO1FmVAPrA_50013,fake,datasets/DF40/wav2lip/cdf/frames/id6_0000_1YO1FmVAPrA_50013/153.png
001210,FR,cdf,DF40_TEST_FR_cdf,pirender+cdf+frames+id38_id34_0003,fake,datasets/DF40/pirender/cdf/frames/id38_id34_0003/735.png
001211,FR,cdf,DF40_TEST_FR_cdf,one_shot_free+cdf+frames+id11_id7_0007,fake,datasets/DF40/one_shot_free/cdf/frames/id11_id7_0007/528.png
001212,FR,cdf,DF40_TEST_FR_cdf,pirender+cdf+frames+id20_id4_0001,fake,datasets/DF40/pirender/cdf/frames/id20_id4_0001/889.png
001213,FR,cdf,DF40_TEST_FR_cdf,mcnet+cdf+frames+id13_id10_0005,fake,datasets/DF40/mcnet/cdf/frames/id13_id10_0005/777.png
001214,FR,cdf,DF40_TEST_FR_cdf,MRAA+cdf+frames+id2_id17_0007,fake,datasets/DF40/MRAA/cdf/frames/id2_id17_0007/181.png
001215,FR,cdf,DF40_TEST_FR_cdf,danet+cdf+frames+id27_id22_0007,fake,datasets/DF40/danet/cdf/frames/id27_id22_0007/192.png
001216,FR,cdf,DF40_TEST_FR_cdf,sadtalker+cdf+frames+id24_9EglK8Mk18o_50037_0009,fake,datasets/DF40/sadtalker/cdf/frames/id24_9EglK8Mk18o_50037_0009/139.png
001217,FR,cdf,DF40_TEST_FR_cdf,wav2lip+cdf+frames+id26_0004_bGBamfWasNQ_50010,fake,datasets/DF40/wav2lip/cdf/frames/id26_0004_bGBamfWasNQ_50010/033.png
001218,FR,ff,DF40_TEST_FR_ff,one_shot_free+ff+frames+630_623,fake,datasets/DF40/one_shot_free/ff/frames/630_623/524.png
001219,FR,ff,DF40_TEST_FR_ff,one_shot_free+ff+frames+429_404,fake,datasets/DF40/one_shot_free/ff/frames/429_404/989.png
001220,FR,ff,DF40_TEST_FR_ff,tpsm+ff+frames+973_970,fake,datasets/DF40/tpsm/ff/frames/973_970/660.png
001221,FR,ff,DF40_TEST_FR_ff,tpsm+ff+frames+660_634,fake,datasets/DF40/tpsm/ff/frames/660_634/763.png
001222,FR,ff,DF40_TEST_FR_ff,pirender+ff+frames+429_404,fake,datasets/DF40/pirender/ff/frames/429_404/848.png
001223,FR,ff,DF40_TEST_FR_ff,MRAA+ff+frames+044_945,fake,datasets/DF40/MRAA/ff/frames/044_945/000.png
001224,FR,ff,DF40_TEST_FR_ff,facevid2vid+ff+frames+485_425,fake,datasets/DF40/facevid2vid/ff/frames/485_425/129.png
001225,FR,ff,DF40_TEST_FR_ff,tpsm+ff+frames+029_048,fake,datasets/DF40/tpsm/ff/frames/029_048/032.png
001226,FR,ff,DF40_TEST_FR_ff,wav2lip+ff+frames+552_6tpsSu5O0Ws_50001,fake,datasets/DF40/wav2lip/ff/frames/552_6tpsSu5O0Ws_50001/067.png
001227,FR,ff,DF40_TEST_FR_ff,pirender+ff+frames+732_691,fake,datasets/DF40/pirender/ff/frames/732_691/131.png
001228,FR,ff,DF40_TEST_FR_ff,one_shot_free+ff+frames+308_388,fake,datasets/DF40/one_shot_free/ff/frames/308_388/271.png
001229,FR,ff,DF40_TEST_FR_ff,facevid2vid+ff+frames+995_233,fake,datasets/DF40/facevid2vid/ff/frames/995_233/247.png
001230,FR,ff,DF40_TEST_FR_ff,lia+ff+frames+227_169,fake,datasets/DF40/lia/ff/frames/227_169/354.png
001231,FR,ff,DF40_TEST_FR_ff,facevid2vid+ff+frames+036_035,fake,datasets/DF40/facevid2vid/ff/frames/036_035/010.png
001232,FR,ff,DF40_TEST_FR_ff,MRAA+ff+frames+725_724,fake,datasets/DF40/MRAA/ff/frames/725_724/585.png
001233,FR,ff,DF40_TEST_FR_ff,lia+ff+frames+507_418,fake,datasets/DF40/lia/ff/frames/507_418/015.png
001234,FR,ff,DF40_TEST_FR_ff,lia+ff+frames+399_488,fake,datasets/DF40/lia/ff/frames/399_488/777.png
001235,FR,ff,DF40_TEST_FR_ff,facevid2vid+ff+frames+384_932,fake,datasets/DF40/facevid2vid/ff/frames/384_932/282.png
001236,FR,ff,DF40_TEST_FR_ff,lia+ff+frames+142_138,fake,datasets/DF40/lia/ff/frames/142_138/186.png
001237,FR,ff,DF40_TEST_FR_ff,lia+ff+frames+255_214,fake,datasets/DF40/lia/ff/frames/255_214/409.png
001238,FR,ff,DF40_TEST_FR_ff,facevid2vid+ff+frames+319_352,fake,datasets/DF40/facevid2vid/ff/frames/319_352/277.png
001239,FR,ff,DF40_TEST_FR_ff,mcnet+ff+frames+932_384,fake,datasets/DF40/mcnet/ff/frames/932_384/224.png
001240,FR,ff,DF40_TEST_FR_ff,tpsm+ff+frames+420_257,fake,datasets/DF40/tpsm/ff/frames/420_257/2614.png
001241,FR,ff,DF40_TEST_FR_ff,one_shot_free+ff+frames+683_607,fake,datasets/DF40/one_shot_free/ff/frames/683_607/657.png
001242,FR,ff,DF40_TEST_FR_ff,facevid2vid+ff+frames+288_321,fake,datasets/DF40/facevid2vid/ff/frames/288_321/210.png
001243,FR,ff,DF40_TEST_FR_ff,wav2lip+ff+frames+186_7DCofMA9eQA_50005,fake,datasets/DF40/wav2lip/ff/frames/186_7DCofMA9eQA_50005/064.png
001244,FR,ff,DF40_TEST_FR_ff,sadtalker+ff+frames+035_C0nM8l9qeGY_50006,fake,datasets/DF40/sadtalker/ff/frames/035_C0nM8l9qeGY_50006/143.png
001245,FR,ff,DF40_TEST_FR_ff,mcnet+ff+frames+044_945,fake,datasets/DF40/mcnet/ff/frames/044_945/754.png
001246,FR,ff,DF40_TEST_FR_ff,one_shot_free+ff+frames+233_995,fake,datasets/DF40/one_shot_free/ff/frames/233_995/522.png
001247,FR,ff,DF40_TEST_FR_ff,mcnet+ff+frames+880_135,fake,datasets/DF40/mcnet/ff/frames/880_135/843.png
001248,FR,ff,DF40_TEST_FR_ff,MRAA+ff+frames+319_352,fake,datasets/DF40/MRAA/ff/frames/319_352/115.png
001249,FR,ff,DF40_TEST_FR_ff,one_shot_free+ff+frames+701_579,fake,datasets/DF40/one_shot_free/ff/frames/701_579/638.png
001250,FR,ff,DF40_TEST_FR_ff,fomm+ff+frames+288_321,fake,datasets/DF40/fomm/ff/frames/288_321/126.png
001251,FR,ff,DF40_TEST_FR_ff,facevid2vid+ff+frames+138_142,fake,datasets/DF40/facevid2vid/ff/frames/138_142/092.png
001252,FR,ff,DF40_TEST_FR_ff,wav2lip+ff+frames+255_BPMrcY9z0nM_50014,fake,datasets/DF40/wav2lip/ff/frames/255_BPMrcY9z0nM_50014/047.png
001253,FR,ff,DF40_TEST_FR_ff,one_shot_free+ff+frames+214_255,fake,datasets/DF40/one_shot_free/ff/frames/214_255/893.png
001254,FR,ff,DF40_TEST_FR_ff,one_shot_free+ff+frames+012_026,fake,datasets/DF40/one_shot_free/ff/frames/012_026/028.png
001255,FR,ff,DF40_TEST_FR_ff,sadtalker+ff+frames+314_BnC6IABJXOI_50001,fake,datasets/DF40/sadtalker/ff/frames/314_BnC6IABJXOI_50001/024.png
001256,FR,ff,DF40_TEST_FR_ff,sadtalker+ff+frames+865_56WGgJNBRxQ_50006,fake,datasets/DF40/sadtalker/ff/frames/865_56WGgJNBRxQ_50006/103.png
001257,FR,ff,DF40_TEST_FR_ff,mcnet+ff+frames+367_371,fake,datasets/DF40/mcnet/ff/frames/367_371/1305.png
001258,FR,ff,DF40_TEST_FR_ff,lia+ff+frames+379_158,fake,datasets/DF40/lia/ff/frames/379_158/297.png
001259,FR,ff,DF40_TEST_FR_ff,fomm+ff+frames+404_429,fake,datasets/DF40/fomm/ff/frames/404_429/679.png
001260,FR,ff,DF40_TEST_FR_ff,MRAA+ff+frames+707_705,fake,datasets/DF40/MRAA/ff/frames/707_705/933.png
001261,FR,ff,DF40_TEST_FR_ff,sadtalker+ff+frames+102_2j00U6lUCSc_50020,fake,datasets/DF40/sadtalker/ff/frames/102_2j00U6lUCSc_50020/038.png
001262,FR,ff,DF40_TEST_FR_ff,danet+ff+frames+906_847,fake,datasets/DF40/danet/ff/frames/906_847/332.png
001263,FR,ff,DF40_TEST_FR_ff,wav2lip+ff+frames+306_855Now8h5Rs_50024,fake,datasets/DF40/wav2lip/ff/frames/306_855Now8h5Rs_50024/024.png
001264,FR,ff,DF40_TEST_FR_ff,sadtalker+ff+frames+389_8jkri0AeZWQ_50010,fake,datasets/DF40/sadtalker/ff/frames/389_8jkri0AeZWQ_50010/042.png
001265,FR,ff,DF40_TEST_FR_ff,sadtalker+ff+frames+630_8etnSTnX92g_50009,fake,datasets/DF40/sadtalker/ff/frames/630_8etnSTnX92g_50009/121.png
001266,FR,ff,DF40_TEST_FR_ff,tpsm+ff+frames+755_759,fake,datasets/DF40/tpsm/ff/frames/755_759/754.png
001267,FR,ff,DF40_TEST_FR_ff,pirender+ff+frames+705_707,fake,datasets/DF40/pirender/ff/frames/705_707/183.png
001268,FR,ff,DF40_TEST_FR_ff,wav2lip+ff+frames+214_BPMrcY9z0nM_50014,fake,datasets/DF40/wav2lip/ff/frames/214_BPMrcY9z0nM_50014/068.png
001269,FR,ff,DF40_TEST_FR_ff,facevid2vid+ff+frames+371_367,fake,datasets/DF40/facevid2vid/ff/frames/371_367/231.png
001270,FR,ff,DF40_TEST_FR_ff,danet+ff+frames+386_154,fake,datasets/DF40/danet/ff/frames/386_154/627.png
001271,FR,ff,DF40_TEST_FR_ff,tpsm+ff+frames+190_176,fake,datasets/DF40/tpsm/ff/frames/190_176/384.png
001272,FR,ff,DF40_TEST_FR_ff,sadtalker+ff+frames+739_56WGgJNBRxQ_50006,fake,datasets/DF40/sadtalker/ff/frames/739_56WGgJNBRxQ_50006/136.png
001273,FR,ff,DF40_TEST_FR_ff,one_shot_free+ff+frames+691_732,fake,datasets/DF40/one_shot_free/ff/frames/691_732/209.png
001274,FR,ff,DF40_TEST_FR_ff,one_shot_free+ff+frames+707_705,fake,datasets/DF40/one_shot_free/ff/frames/707_705/000.png
001275,FR,ff,DF40_TEST_FR_ff,MRAA+ff+frames+012_026,fake,datasets/DF40/MRAA/ff/frames/012_026/140.png
001276,FR,ff,DF40_TEST_FR_ff,mcnet+ff+frames+906_847,fake,datasets/DF40/mcnet/ff/frames/906_847/815.png
001277,FR,ff,DF40_TEST_FR_ff,lia+ff+frames+389_480,fake,datasets/DF40/lia/ff/frames/389_480/000.png
001278,FR,ff,DF40_TEST_FR_ff,sadtalker+ff+frames+494_acikxzM6GaY_50001,fake,datasets/DF40/sadtalker/ff/frames/494_acikxzM6GaY_50001/055.png
001279,FR,ff,DF40_TEST_FR_ff,pirender+ff+frames+314_347,fake,datasets/DF40/pirender/ff/frames/314_347/960.png
001280,FR,ff,DF40_TEST_FR_ff,MRAA+ff+frames+480_389,fake,datasets/DF40/MRAA/ff/frames/480_389/312.png
001281,FR,ff,DF40_TEST_FR_ff,MRAA+ff+frames+724_725,fake,datasets/DF40/MRAA/ff/frames/724_725/405.png
001282,FR,ff,DF40_TEST_FR_ff,sadtalker+ff+frames+227_BMOjVYgYaG8_50007,fake,datasets/DF40/sadtalker/ff/frames/227_BMOjVYgYaG8_50007/037.png
001283,FR,ff,DF40_TEST_FR_ff,MRAA+ff+frames+026_012,fake,datasets/DF40/MRAA/ff/frames/026_012/103.png
001284,FR,ff,DF40_TEST_FR_ff,tpsm+ff+frames+015_919,fake,datasets/DF40/tpsm/ff/frames/015_919/644.png
001285,FR,ff,DF40_TEST_FR_ff,pirender+ff+frames+423_421,fake,datasets/DF40/pirender/ff/frames/423_421/2667.png
001286,FR,ff,DF40_TEST_FR_ff,danet+ff+frames+257_420,fake,datasets/DF40/danet/ff/frames/257_420/885.png
001287,FR,ff,DF40_TEST_FR_ff,danet+ff+frames+479_706,fake,datasets/DF40/danet/ff/frames/479_706/151.png
001288,FR,ff,DF40_TEST_FR_ff,wav2lip+ff+frames+386_AAkEYcmCCCk_50001,fake,datasets/DF40/wav2lip/ff/frames/386_AAkEYcmCCCk_50001/175.png
001289,FR,ff,DF40_TEST_FR_ff,danet+ff+frames+158_379,fake,datasets/DF40/danet/ff/frames/158_379/240.png
001290,FR,ff,DF40_TEST_FR_ff,pirender+ff+frames+661_670,fake,datasets/DF40/pirender/ff/frames/661_670/992.png
001291,FR,ff,DF40_TEST_FR_ff,MRAA+ff+frames+739_865,fake,datasets/DF40/MRAA/ff/frames/739_865/176.png
001292,FR,ff,DF40_TEST_FR_ff,fomm+ff+frames+630_623,fake,datasets/DF40/fomm/ff/frames/630_623/164.png
001293,FR,ff,DF40_TEST_FR_ff,danet+ff+frames+731_741,fake,datasets/DF40/danet/ff/frames/731_741/240.png
001294,FR,ff,DF40_TEST_FR_ff,one_shot_free+ff+frames+924_917,fake,datasets/DF40/one_shot_free/ff/frames/924_917/869.png
001295,FR,ff,DF40_TEST_FR_ff,wav2lip+ff+frames+452_8woKcr7uSYQ_50004,fake,datasets/DF40/wav2lip/ff/frames/452_8woKcr7uSYQ_50004/154.png
001296,FR,ff,DF40_TEST_FR_ff,lia+ff+frames+683_607,fake,datasets/DF40/lia/ff/frames/683_607/068.png
001297,FR,ff,DF40_TEST_FR_ff,one_shot_free+ff+frames+367_371,fake,datasets/DF40/one_shot_free/ff/frames/367_371/1104.png
001298,FR,ff,DF40_TEST_FR_ff,tpsm+ff+frames+705_707,fake,datasets/DF40/tpsm/ff/frames/705_707/1026.png
001299,FR,ff,DF40_TEST_FR_ff,tpsm+ff+frames+078_955,fake,datasets/DF40/tpsm/ff/frames/078_955/1093.png
001300,FR,ff,DF40_TEST_FR_ff,pirender+ff+frames+128_896,fake,datasets/DF40/pirender/ff/frames/128_896/1251.png
001301,FR,ff,DF40_TEST_FR_ff,wav2lip+ff+frames+862_cWcVPpxezE0_50015,fake,datasets/DF40/wav2lip/ff/frames/862_cWcVPpxezE0_50015/057.png
001302,FR,ff,DF40_TEST_FR_ff,facevid2vid+ff+frames+404_429,fake,datasets/DF40/facevid2vid/ff/frames/404_429/798.png
001303,FR,ff,DF40_TEST_FR_ff,sadtalker+ff+frames+625_1YO1FmVAPrA_50013,fake,datasets/DF40/sadtalker/ff/frames/625_1YO1FmVAPrA_50013/085.png
001304,FR,ff,DF40_TEST_FR_ff,facevid2vid+ff+frames+352_319,fake,datasets/DF40/facevid2vid/ff/frames/352_319/013.png
001305,FR,ff,DF40_TEST_FR_ff,wav2lip+ff+frames+695_aUBawr1hUwo_50008,fake,datasets/DF40/wav2lip/ff/frames/695_aUBawr1hUwo_50008/084.png
001306,FR,ff,DF40_TEST_FR_ff,tpsm+ff+frames+739_865,fake,datasets/DF40/tpsm/ff/frames/739_865/188.png
001307,FR,ff,DF40_TEST_FR_ff,mcnet+ff+frames+970_973,fake,datasets/DF40/mcnet/ff/frames/970_973/184.png
001308,FR,ff,DF40_TEST_FR_ff,wav2lip+ff+frames+176_cWcVPpxezE0_50033,fake,datasets/DF40/wav2lip/ff/frames/176_cWcVPpxezE0_50033/085.png
001309,FR,ff,DF40_TEST_FR_ff,sadtalker+ff+frames+423_4yyPSZSGLOI_50004,fake,datasets/DF40/sadtalker/ff/frames/423_4yyPSZSGLOI_50004/057.png
001310,FR,ff,DF40_TEST_FR_ff,danet+ff+frames+306_278,fake,datasets/DF40/danet/ff/frames/306_278/225.png
001311,FR,ff,DF40_TEST_FR_ff,sadtalker+ff+frames+896_CfmNXPMjChs_50010,fake,datasets/DF40/sadtalker/ff/frames/896_CfmNXPMjChs_50010/089.png
001312,FR,ff,DF40_TEST_FR_ff,sadtalker+ff+frames+036_C0nM8l9qeGY_50006,fake,datasets/DF40/sadtalker/ff/frames/036_C0nM8l9qeGY_50006/052.png
001313,FR,ff,DF40_TEST_FR_ff,wav2lip+ff+frames+161_23FRUuLcQ6A_50002,fake,datasets/DF40/wav2lip/ff/frames/161_23FRUuLcQ6A_50002/171.png
001314,FR,ff,DF40_TEST_FR_ff,one_shot_free+ff+frames+015_919,fake,datasets/DF40/one_shot_free/ff/frames/015_919/406.png
001315,FR,ff,DF40_TEST_FR_ff,tpsm+ff+frames+812_821,fake,datasets/DF40/tpsm/ff/frames/812_821/703.png
001316,FR,ff,DF40_TEST_FR_ff,mcnet+ff+frames+607_683,fake,datasets/DF40/mcnet/ff/frames/607_683/386.png
001317,FR,ff,DF40_TEST_FR_ff,fomm+ff+frames+527_454,fake,datasets/DF40/fomm/ff/frames/527_454/158.png
001318,FR,ff,DF40_TEST_FR_ff,wav2lip+ff+frames+380_5QGApheKRc0_50004,fake,datasets/DF40/wav2lip/ff/frames/380_5QGApheKRc0_50004/078.png
001319,FR,ff,DF40_TEST_FR_ff,danet+ff+frames+389_480,fake,datasets/DF40/danet/ff/frames/389_480/048.png
001320,FR,ff,DF40_TEST_FR_ff,tpsm+ff+frames+214_255,fake,datasets/DF40/tpsm/ff/frames/214_255/965.png
001321,FR,ff,DF40_TEST_FR_ff,tpsm+ff+frames+358_380,fake,datasets/DF40/tpsm/ff/frames/358_380/165.png
001322,FR,ff,DF40_TEST_FR_ff,danet+ff+frames+695_422,fake,datasets/DF40/danet/ff/frames/695_422/144.png
001323,FR,ff,DF40_TEST_FR_ff,tpsm+ff+frames+494_445,fake,datasets/DF40/tpsm/ff/frames/494_445/062.png
001324,FR,ff,DF40_TEST_FR_ff,facevid2vid+ff+frames+114_102,fake,datasets/DF40/facevid2vid/ff/frames/114_102/1063.png
001325,FR,ff,DF40_TEST_FR_ff,danet+ff+frames+371_367,fake,datasets/DF40/danet/ff/frames/371_367/277.png
001326,FR,ff,DF40_TEST_FR_ff,fomm+ff+frames+029_048,fake,datasets/DF40/fomm/ff/frames/029_048/869.png
001327,FR,ff,DF40_TEST_FR_ff,mcnet+ff+frames+384_932,fake,datasets/DF40/mcnet/ff/frames/384_932/643.png
001328,FR,ff,DF40_TEST_FR_ff,wav2lip+ff+frames+633_3UFGqjWcVU8_50002,fake,datasets/DF40/wav2lip/ff/frames/633_3UFGqjWcVU8_50002/145.png
001329,FR,ff,DF40_TEST_FR_ff,tpsm+ff+frames+608_675,fake,datasets/DF40/tpsm/ff/frames/608_675/2051.png
001330,FR,ff,DF40_TEST_FR_ff,tpsm+ff+frames+467_462,fake,datasets/DF40/tpsm/ff/frames/467_462/622.png
001331,FR,ff,DF40_TEST_FR_ff,lia+ff+frames+445_494,fake,datasets/DF40/lia/ff/frames/445_494/882.png
001332,FR,ff,DF40_TEST_FR_ff,fomm+ff+frames+724_725,fake,datasets/DF40/fomm/ff/frames/724_725/325.png
001333,FR,ff,DF40_TEST_FR_ff,pirender+ff+frames+190_176,fake,datasets/DF40/pirender/ff/frames/190_176/102.png
001334,FR,ff,DF40_TEST_FR_ff,lia+ff+frames+880_135,fake,datasets/DF40/lia/ff/frames/880_135/294.png
001335,FR,ff,DF40_TEST_FR_ff,one_shot_free+ff+frames+114_102,fake,datasets/DF40/one_shot_free/ff/frames/114_102/786.png
001336,FR,ff,DF40_TEST_FR_ff,wav2lip+ff+frames+821_8HplGZBS7FY_50005,fake,datasets/DF40/wav2lip/ff/frames/821_8HplGZBS7FY_50005/138.png
001337,FR,ff,DF40_TEST_FR_ff,facevid2vid+ff+frames+249_280,fake,datasets/DF40/facevid2vid/ff/frames/249_280/510.png
001338,FR,ff,DF40_TEST_FR_ff,mcnet+ff+frames+376_381,fake,datasets/DF40/mcnet/ff/frames/376_381/518.png
001339,FR,ff,DF40_TEST_FR_ff,danet+ff+frames+633_529,fake,datasets/DF40/danet/ff/frames/633_529/1151.png
001340,FR,ff,DF40_TEST_FR_ff,sadtalker+ff+frames+280_5nrn5fC001Q_50002,fake,datasets/DF40/sadtalker/ff/frames/280_5nrn5fC001Q_50002/068.png
001341,FR,ff,DF40_TEST_FR_ff,tpsm+ff+frames+024_073,fake,datasets/DF40/tpsm/ff/frames/024_073/686.png
001342,FR,ff,DF40_TEST_FR_ff,lia+ff+frames+029_048,fake,datasets/DF40/lia/ff/frames/029_048/026.png
001343,FR,ff,DF40_TEST_FR_ff,facevid2vid+ff+frames+847_906,fake,datasets/DF40/facevid2vid/ff/frames/847_906/009.png
001344,FR,ff,DF40_TEST_FR_ff,MRAA+ff+frames+114_102,fake,datasets/DF40/MRAA/ff/frames/114_102/122.png
001345,FR,ff,DF40_TEST_FR_ff,wav2lip+ff+frames+170_7DCofMA9eQA_50005,fake,datasets/DF40/wav2lip/ff/frames/170_7DCofMA9eQA_50005/166.png
001346,FR,ff,DF40_TEST_FR_ff,mcnet+ff+frames+973_970,fake,datasets/DF40/mcnet/ff/frames/973_970/330.png
001347,FR,ff,DF40_TEST_FR_ff,lia+ff+frames+035_036,fake,datasets/DF40/lia/ff/frames/035_036/341.png
001348,FR,ff,DF40_TEST_FR_ff,fomm+ff+frames+389_480,fake,datasets/DF40/fomm/ff/frames/389_480/243.png
001349,FR,ff,DF40_TEST_FR_ff,fomm+ff+frames+868_949,fake,datasets/DF40/fomm/ff/frames/868_949/935.png
001350,FR,ff,DF40_TEST_FR_ff,facevid2vid+ff+frames+257_420,fake,datasets/DF40/facevid2vid/ff/frames/257_420/615.png
001351,FR,ff,DF40_TEST_FR_ff,mcnet+ff+frames+000_003,fake,datasets/DF40/mcnet/ff/frames/000_003/091.png
001352,FR,ff,DF40_TEST_FR_ff,MRAA+ff+frames+732_691,fake,datasets/DF40/MRAA/ff/frames/732_691/109.png
001353,FR,ff,DF40_TEST_FR_ff,lia+ff+frames+480_389,fake,datasets/DF40/lia/ff/frames/480_389/484.png
001354,FR,ff,DF40_TEST_FR_ff,tpsm+ff+frames+128_896,fake,datasets/DF40/tpsm/ff/frames/128_896/1081.png
001355,FR,ff,DF40_TEST_FR_ff,mcnet+ff+frames+701_579,fake,datasets/DF40/mcnet/ff/frames/701_579/486.png
001356,FR,ff,DF40_TEST_FR_ff,one_shot_free+ff+frames+623_630,fake,datasets/DF40/one_shot_free/ff/frames/623_630/218.png
001357,FR,ff,DF40_TEST_FR_ff,fomm+ff+frames+141_161,fake,datasets/DF40/fomm/ff/frames/141_161/393.png
001358,FR,ff,DF40_TEST_FR_ff,MRAA+ff+frames+015_919,fake,datasets/DF40/MRAA/ff/frames/015_919/084.png
001359,FR,ff,DF40_TEST_FR_ff,tpsm+ff+frames+386_154,fake,datasets/DF40/tpsm/ff/frames/386_154/592.png
001360,FR,ff,DF40_TEST_FR_ff,sadtalker+ff+frames+706_5OISkgjSjkA_50015,fake,datasets/DF40/sadtalker/ff/frames/706_5OISkgjSjkA_50015/000.png
001361,FR,ff,DF40_TEST_FR_ff,wav2lip+ff+frames+321_BPMrcY9z0nM_50018,fake,datasets/DF40/wav2lip/ff/frames/321_BPMrcY9z0nM_50018/046.png
001362,FR,ff,DF40_TEST_FR_ff,fomm+ff+frames+670_661,fake,datasets/DF40/fomm/ff/frames/670_661/260.png
001363,FR,ff,DF40_TEST_FR_ff,lia+ff+frames+161_141,fake,datasets/DF40/lia/ff/frames/161_141/059.png
001364,FR,ff,DF40_TEST_FR_ff,lia+ff+frames+847_906,fake,datasets/DF40/lia/ff/frames/847_906/019.png
001365,FR,ff,DF40_TEST_FR_ff,facevid2vid+ff+frames+517_521,fake,datasets/DF40/facevid2vid/ff/frames/517_521/300.png
001366,FR,ff,DF40_TEST_FR_ff,lia+ff+frames+706_479,fake,datasets/DF40/lia/ff/frames/706_479/000.png
001367,FR,ff,DF40_TEST_FR_ff,tpsm+ff+frames+945_044,fake,datasets/DF40/tpsm/ff/frames/945_044/1356.png
001368,FR,ff,DF40_TEST_FR_ff,lia+ff+frames+176_190,fake,datasets/DF40/lia/ff/frames/176_190/181.png
001369,FR,ff,DF40_TEST_FR_ff,mcnet+ff+frames+158_379,fake,datasets/DF40/mcnet/ff/frames/158_379/480.png
001370,FR,ff,DF40_TEST_FR_ff,lia+ff+frames+485_425,fake,datasets/DF40/lia/ff/frames/485_425/777.png
001371,FR,ff,DF40_TEST_FR_ff,danet+ff+frames+701_579,fake,datasets/DF40/danet/ff/frames/701_579/486.png
001372,FR,ff,DF40_TEST_FR_ff,facevid2vid+ff+frames+388_308,fake,datasets/DF40/facevid2vid/ff/frames/388_308/471.png
001373,FR,ff,DF40_TEST_FR_ff,wav2lip+ff+frames+731_3E46oWB4V0s_50015,fake,datasets/DF40/wav2lip/ff/frames/731_3E46oWB4V0s_50015/080.png
001374,FR,ff,DF40_TEST_FR_ff,fomm+ff+frames+024_073,fake,datasets/DF40/fomm/ff/frames/024_073/118.png
001375,FR,ff,DF40_TEST_FR_ff,facevid2vid+ff+frames+707_705,fake,datasets/DF40/facevid2vid/ff/frames/707_705/567.png
001376,FR,ff,DF40_TEST_FR_ff,mcnet+ff+frames+379_158,fake,datasets/DF40/mcnet/ff/frames/379_158/290.png
001377,FR,ff,DF40_TEST_FR_ff,danet+ff+frames+675_608,fake,datasets/DF40/danet/ff/frames/675_608/1010.png
001378,FR,ff,DF40_TEST_FR_ff,sadtalker+ff+frames+714_askcLEVCTko_50001,fake,datasets/DF40/sadtalker/ff/frames/714_askcLEVCTko_50001/040.png
001379,FR,ff,DF40_TEST_FR_ff,lia+ff+frames+607_683,fake,datasets/DF40/lia/ff/frames/607_683/102.png
001380,FR,ff,DF40_TEST_FR_ff,wav2lip+ff+frames+026_ATISgVUKetI_50009,fake,datasets/DF40/wav2lip/ff/frames/026_ATISgVUKetI_50009/070.png
001381,FR,ff,DF40_TEST_FR_ff,lia+ff+frames+682_669,fake,datasets/DF40/lia/ff/frames/682_669/000.png
001382,FR,ff,DF40_TEST_FR_ff,sadtalker+ff+frames+675_AR6RiSHN7S0_50009,fake,datasets/DF40/sadtalker/ff/frames/675_AR6RiSHN7S0_50009/029.png
001383,FR,ff,DF40_TEST_FR_ff,one_shot_free+ff+frames+494_445,fake,datasets/DF40/one_shot_free/ff/frames/494_445/1614.png
001384,FR,ff,DF40_TEST_FR_ff,sadtalker+ff+frames+114_2j00U6lUCSc_50020,fake,datasets/DF40/sadtalker/ff/frames/114_2j00U6lUCSc_50020/029.png
001385,FR,ff,DF40_TEST_FR_ff,one_shot_free+ff+frames+423_421,fake,datasets/DF40/one_shot_free/ff/frames/423_421/4212.png
001386,FR,ff,DF40_TEST_FR_ff,mcnet+ff+frames+445_494,fake,datasets/DF40/mcnet/ff/frames/445_494/2037.png
001387,FR,ff,DF40_TEST_FR_ff,facevid2vid+ff+frames+755_759,fake,datasets/DF40/facevid2vid/ff/frames/755_759/335.png
001388,FR,ff,DF40_TEST_FR_ff,fomm+ff+frames+865_739,fake,datasets/DF40/fomm/ff/frames/865_739/295.png
001389,FR,ff,DF40_TEST_FR_ff,danet+ff+frames+376_381,fake,datasets/DF40/danet/ff/frames/376_381/637.png
001390,FR,ff,DF40_TEST_FR_ff,mcnet+ff+frames+026_012,fake,datasets/DF40/mcnet/ff/frames/026_012/597.png
001391,FR,ff,DF40_TEST_FR_ff,fomm+ff+frames+755_759,fake,datasets/DF40/fomm/ff/frames/755_759/442.png
001392,FR,ff,DF40_TEST_FR_ff,sadtalker+ff+frames+454_CWCWq155hyc_50003,fake,datasets/DF40/sadtalker/ff/frames/454_CWCWq155hyc_50003/130.png
001393,FR,ff,DF40_TEST_FR_ff,one_shot_free+ff+frames+485_425,fake,datasets/DF40/one_shot_free/ff/frames/485_425/560.png
001394,FR,ff,DF40_TEST_FR_ff,sadtalker+ff+frames+288_BPMrcY9z0nM_50018,fake,datasets/DF40/sadtalker/ff/frames/288_BPMrcY9z0nM_50018/121.png
001395,FR,ff,DF40_TEST_FR_ff,one_shot_free+ff+frames+380_358,fake,datasets/DF40/one_shot_free/ff/frames/380_358/000.png
001396,FR,ff,DF40_TEST_FR_ff,one_shot_free+ff+frames+682_669,fake,datasets/DF40/one_shot_free/ff/frames/682_669/672.png
001397,FR,ff,DF40_TEST_FR_ff,facevid2vid+ff+frames+955_078,fake,datasets/DF40/facevid2vid/ff/frames/955_078/291.png
001398,FR,ff,DF40_TEST_FR_ff,mcnet+ff+frames+389_480,fake,datasets/DF40/mcnet/ff/frames/389_480/607.png
001399,FR,ff,DF40_TEST_FR_ff,mcnet+ff+frames+003_000,fake,datasets/DF40/mcnet/ff/frames/003_000/093.png
001400,FR,ff,DF40_TEST_FR_ff,danet+ff+frames+128_896,fake,datasets/DF40/danet/ff/frames/128_896/056.png
001401,FR,ff,DF40_TEST_FR_ff,one_shot_free+ff+frames+026_012,fake,datasets/DF40/one_shot_free/ff/frames/026_012/124.png
001402,FR,ff,DF40_TEST_FR_ff,one_shot_free+ff+frames+219_220,fake,datasets/DF40/one_shot_free/ff/frames/219_220/488.png
001403,FR,ff,DF40_TEST_FR_ff,lia+ff+frames+015_919,fake,datasets/DF40/lia/ff/frames/015_919/296.png
001404,FR,ff,DF40_TEST_FR_ff,wav2lip+ff+frames+138_70VZ1SOzSnc_50003,fake,datasets/DF40/wav2lip/ff/frames/138_70VZ1SOzSnc_50003/014.png
001405,FR,ff,DF40_TEST_FR_ff,danet+ff+frames+669_682,fake,datasets/DF40/danet/ff/frames/669_682/227.png
001406,FR,ff,DF40_TEST_FR_ff,wav2lip+ff+frames+607_D9S6G8J6VJg_50005,fake,datasets/DF40/wav2lip/ff/frames/607_D9S6G8J6VJg_50005/026.png
001407,FR,ff,DF40_TEST_FR_ff,mcnet+ff+frames+868_949,fake,datasets/DF40/mcnet/ff/frames/868_949/735.png
001408,FR,ff,DF40_TEST_FR_ff,mcnet+ff+frames+420_257,fake,datasets/DF40/mcnet/ff/frames/420_257/2527.png
001409,FR,ff,DF40_TEST_FR_ff,mcnet+ff+frames+278_306,fake,datasets/DF40/mcnet/ff/frames/278_306/764.png
001410,FR,ff,DF40_TEST_FR_ff,fomm+ff+frames+073_024,fake,datasets/DF40/fomm/ff/frames/073_024/1306.png
001411,FR,ff,DF40_TEST_FR_ff,one_shot_free+ff+frames+650_625,fake,datasets/DF40/one_shot_free/ff/frames/650_625/1341.png
001412,FR,ff,DF40_TEST_FR_ff,MRAA+ff+frames+135_880,fake,datasets/DF40/MRAA/ff/frames/135_880/274.png
001413,FR,ff,DF40_TEST_FR_ff,one_shot_free+ff+frames+755_759,fake,datasets/DF40/one_shot_free/ff/frames/755_759/624.png
001414,FR,ff,DF40_TEST_FR_ff,lia+ff+frames+000_003,fake,datasets/DF40/lia/ff/frames/000_003/000.png
001415,FR,ff,DF40_TEST_FR_ff,MRAA+ff+frames+186_170,fake,datasets/DF40/MRAA/ff/frames/186_170/214.png
001416,FR,ff,DF40_TEST_FR_ff,one_shot_free+ff+frames+384_932,fake,datasets/DF40/one_shot_free/ff/frames/384_932/1036.png
001417,FR,ff,DF40_TEST_FR_ff,MRAA+ff+frames+379_158,fake,datasets/DF40/MRAA/ff/frames/379_158/066.png
001418,FR,ff,DF40_TEST_FR_ff,sadtalker+ff+frames+421_4yyPSZSGLOI_50004,fake,datasets/DF40/sadtalker/ff/frames/421_4yyPSZSGLOI_50004/114.png
001419,FR,ff,DF40_TEST_FR_ff,tpsm+ff+frames+955_078,fake,datasets/DF40/tpsm/ff/frames/955_078/945.png
001420,FR,ff,DF40_TEST_FR_ff,sadtalker+ff+frames+321_BPMrcY9z0nM_50018,fake,datasets/DF40/sadtalker/ff/frames/321_BPMrcY9z0nM_50018/027.png
001421,FR,ff,DF40_TEST_FR_ff,sadtalker+ff+frames+012_ATISgVUKetI_50009,fake,datasets/DF40/sadtalker/ff/frames/012_ATISgVUKetI_50009/081.png
001422,FR,ff,DF40_TEST_FR_ff,wav2lip+ff+frames+367_46wWjKTn4Ac_50002,fake,datasets/DF40/wav2lip/ff/frames/367_46wWjKTn4Ac_50002/109.png
001423,FR,ff,DF40_TEST_FR_ff,lia+ff+frames+176_190,fake,datasets/DF40/lia/ff/frames/176_190/048.png
001424,FR,ff,DF40_TEST_FR_ff,sadtalker+ff+frames+454_CWCWq155hyc_50003,fake,datasets/DF40/sadtalker/ff/frames/454_CWCWq155hyc_50003/116.png
001425,FR,ff,DF40_TEST_FR_ff,wav2lip+ff+frames+741_3E46oWB4V0s_50015,fake,datasets/DF40/wav2lip/ff/frames/741_3E46oWB4V0s_50015/037.png
001426,FR,ff,DF40_TEST_FR_ff,lia+ff+frames+755_759,fake,datasets/DF40/lia/ff/frames/755_759/021.png
001427,FR,ff,DF40_TEST_FR_ff,danet+ff+frames+347_314,fake,datasets/DF40/danet/ff/frames/347_314/710.png
001428,FR,ff,DF40_TEST_FR_ff,danet+ff+frames+135_880,fake,datasets/DF40/danet/ff/frames/135_880/025.png
001429,FR,ff,DF40_TEST_FR_ff,one_shot_free+ff+frames+625_650,fake,datasets/DF40/one_shot_free/ff/frames/625_650/745.png
001430,FR,ff,DF40_TEST_FR_ff,one_shot_free+ff+frames+705_707,fake,datasets/DF40/one_shot_free/ff/frames/705_707/623.png
001431,FR,ff,DF40_TEST_FR_ff,one_shot_free+ff+frames+661_670,fake,datasets/DF40/one_shot_free/ff/frames/661_670/913.png
001432,FR,ff,DF40_TEST_FR_ff,lia+ff+frames+169_227,fake,datasets/DF40/lia/ff/frames/169_227/501.png
001433,FR,ff,DF40_TEST_FR_ff,pirender+ff+frames+421_423,fake,datasets/DF40/pirender/ff/frames/421_423/2250.png
001434,FR,other,DF40_TEST_FR_other,heygen+fake+frames+5,fake,datasets/DF40/heygen/fake/frames/5/350.png
001435,FR,other,DF40_TEST_FR_other,heygen+fake+frames+2,fake,datasets/DF40/heygen/fake/frames/2/249.png
001436,FR,other,DF40_TEST_FR_other,heygen+fake+frames+20,fake,datasets/DF40/heygen/fake/frames/20/356.png
001437,FR,other,DF40_TEST_FR_other,heygen+fake+frames+43,fake,datasets/DF40/heygen/fake/frames/43/307.png
001438,FR,other,DF40_TEST_FR_other,heygen+fake+frames+39,fake,datasets/DF40/heygen/fake/frames/39/494.png
001439,FR,other,DF40_TEST_FR_other,heygen+fake+frames+50,fake,datasets/DF40/heygen/fake/frames/50/288.png
001440,FR,other,DF40_TEST_FR_other,heygen+fake+frames+47,fake,datasets/DF40/heygen/fake/frames/47/051.png
001441,FR,other,DF40_TEST_FR_other,heygen+fake+frames+15,fake,datasets/DF40/heygen/fake/frames/15/222.png
001442,FR,other,DF40_TEST_FR_other,heygen+fake+frames+9,fake,datasets/DF40/heygen/fake/frames/9/284.png
001443,FR,other,DF40_TEST_FR_other,heygen+fake+frames+23,fake,datasets/DF40/heygen/fake/frames/23/485.png
001444,FR,other,DF40_TEST_FR_other,heygen+fake+frames+1,fake,datasets/DF40/heygen/fake/frames/1/425.png
001445,FR,other,DF40_TEST_FR_other,heygen+fake+frames+19,fake,datasets/DF40/heygen/fake/frames/19/261.png
001446,FR,other,DF40_TEST_FR_other,heygen+fake+frames+16,fake,datasets/DF40/heygen/fake/frames/16/419.png
001447,FR,other,DF40_TEST_FR_other,heygen+fake+frames+40,fake,datasets/DF40/heygen/fake/frames/40/569.png
001448,FR,other,DF40_TEST_FR_other,heygen+fake+frames+7,fake,datasets/DF40/heygen/fake/frames/7/158.png
001449,FR,other,DF40_TEST_FR_other,heygen+fake+frames+32,fake,datasets/DF40/heygen/fake/frames/32/207.png
001450,FR,other,DF40_TEST_FR_other,heygen+fake+frames+18,fake,datasets/DF40/heygen/fake/frames/18/268.png
001451,FR,other,DF40_TEST_FR_other,heygen+fake+frames+26,fake,datasets/DF40/heygen/fake/frames/26/449.png
001452,FR,other,DF40_TEST_FR_other,heygen+fake+frames+29,fake,datasets/DF40/heygen/fake/frames/29/368.png
001453,FR,other,DF40_TEST_FR_other,heygen+fake+frames+49,fake,datasets/DF40/heygen/fake/frames/49/410.png
001454,FR,other,DF40_TEST_FR_other,heygen+fake+frames+12,fake,datasets/DF40/heygen/fake/frames/12/329.png
001455,FR,other,DF40_TEST_FR_other,heygen+fake+frames+31,fake,datasets/DF40/heygen/fake/frames/31/451.png
001456,FR,other,DF40_TEST_FR_other,heygen+fake+frames+14,fake,datasets/DF40/heygen/fake/frames/14/092.png
001457,FR,other,DF40_TEST_FR_other,heygen+fake+frames+17,fake,datasets/DF40/heygen/fake/frames/17/000.png
001458,FR,other,DF40_TEST_FR_other,heygen+fake+frames+8,fake,datasets/DF40/heygen/fake/frames/8/054.png
001459,FR,other,DF40_TEST_FR_other,heygen+fake+frames+10,fake,datasets/DF40/heygen/fake/frames/10/385.png
001460,FR,other,DF40_TEST_FR_other,heygen+fake+frames+25,fake,datasets/DF40/heygen/fake/frames/25/272.png
001461,FR,other,DF40_TEST_FR_other,heygen+fake+frames+48,fake,datasets/DF40/heygen/fake/frames/48/311.png
001462,FR,other,DF40_TEST_FR_other,heygen+fake+frames+30,fake,datasets/DF40/heygen/fake/frames/30/262.png
001463,FR,other,DF40_TEST_FR_other,heygen+fake+frames+45,fake,datasets/DF40/heygen/fake/frames/45/286.png
001464,FR,other,DF40_TEST_FR_other,heygen+fake+frames+44,fake,datasets/DF40/heygen/fake/frames/44/217.png
001465,FR,other,DF40_TEST_FR_other,heygen+fake+frames+37,fake,datasets/DF40/heygen/fake/frames/37/286.png
001466,FR,other,DF40_TEST_FR_other,heygen+fake+frames+36,fake,datasets/DF40/heygen/fake/frames/36/301.png
001467,FR,other,DF40_TEST_FR_other,heygen+fake+frames+4,fake,datasets/DF40/heygen/fake/frames/4/322.png
001468,FR,other,DF40_TEST_FR_other,heygen+fake+frames+27,fake,datasets/DF40/heygen/fake/frames/27/421.png
001469,FR,other,DF40_TEST_FR_other,heygen+fake+frames+11,fake,datasets/DF40/heygen/fake/frames/11/018.png
001470,FR,other,DF40_TEST_FR_other,heygen+fake+frames+3,fake,datasets/DF40/heygen/fake/frames/3/638.png
001471,FR,other,DF40_TEST_FR_other,heygen+fake+frames+6,fake,datasets/DF40/heygen/fake/frames/6/060.png
001472,FR,other,DF40_TEST_FR_other,heygen+fake+frames+24,fake,datasets/DF40/heygen/fake/frames/24/463.png
001473,FR,other,DF40_TEST_FR_other,heygen+fake+frames+41,fake,datasets/DF40/heygen/fake/frames/41/190.png
001474,FR,other,DF40_TEST_FR_other,heygen+fake+frames+22,fake,datasets/DF40/heygen/fake/frames/22/161.png
001475,FR,other,DF40_TEST_FR_other,heygen+fake+frames+0,fake,datasets/DF40/heygen/fake/frames/0/282.png
001476,FR,other,DF40_TEST_FR_other,heygen+fake+frames+28,fake,datasets/DF40/heygen/fake/frames/28/512.png
001477,FR,other,DF40_TEST_FR_other,heygen+fake+frames+33,fake,datasets/DF40/heygen/fake/frames/33/235.png
001478,FR,other,DF40_TEST_FR_other,heygen+fake+frames+38,fake,datasets/DF40/heygen/fake/frames/38/056.png
001479,FR,other,DF40_TEST_FR_other,heygen+fake+frames+35,fake,datasets/DF40/heygen/fake/frames/35/252.png
001480,FR,other,DF40_TEST_FR_other,heygen+fake+frames+46,fake,datasets/DF40/heygen/fake/frames/46/380.png
001481,FR,other,DF40_TEST_FR_other,heygen+fake+frames+34,fake,datasets/DF40/heygen/fake/frames/34/056.png
001482,FR,other,DF40_TEST_FR_other,heygen+fake+frames+13,fake,datasets/DF40/heygen/fake/frames/13/474.png
001483,FR,other,DF40_TEST_FR_other,heygen+fake+frames+21,fake,datasets/DF40/heygen/fake/frames/21/401.png
001484,FR,other,DF40_TEST_FR_other,heygen+fake+frames+42,fake,datasets/DF40/heygen/fake/frames/42/409.png
001485,FR,other,DF40_TEST_FR_other,heygen+fake+frames+20,fake,datasets/DF40/heygen/fake/frames/20/000.png
001486,FR,other,DF40_TEST_FR_other,heygen+fake+frames+40,fake,datasets/DF40/heygen/fake/frames/40/440.png
001487,FR,other,DF40_TEST_FR_other,heygen+fake+frames+44,fake,datasets/DF40/heygen/fake/frames/44/454.png
001488,FR,other,DF40_TEST_FR_other,heygen+fake+frames+44,fake,datasets/DF40/heygen/fake/frames/44/533.png
001489,FR,other,DF40_TEST_FR_other,heygen+fake+frames+45,fake,datasets/DF40/heygen/fake/frames/45/081.png
001490,FR,other,DF40_TEST_FR_other,heygen+fake+frames+16,fake,datasets/DF40/heygen/fake/frames/16/401.png
001491,FR,other,DF40_TEST_FR_other,heygen+fake+frames+17,fake,datasets/DF40/heygen/fake/frames/17/033.png
001492,FR,other,DF40_TEST_FR_other,heygen+fake+frames+45,fake,datasets/DF40/heygen/fake/frames/45/184.png
001493,FR,other,DF40_TEST_FR_other,heygen+fake+frames+1,fake,datasets/DF40/heygen/fake/frames/1/318.png
001494,FR,other,DF40_TEST_FR_other,heygen+fake+frames+24,fake,datasets/DF40/heygen/fake/frames/24/446.png
001495,FR,other,DF40_TEST_FR_other,heygen+fake+frames+41,fake,datasets/DF40/heygen/fake/frames/41/419.png
001496,FR,other,DF40_TEST_FR_other,heygen+fake+frames+42,fake,datasets/DF40/heygen/fake/frames/42/040.png
001497,FR,other,DF40_TEST_FR_other,heygen+fake+frames+30,fake,datasets/DF40/heygen/fake/frames/30/245.png
001498,FR,other,DF40_TEST_FR_other,heygen+fake+frames+25,fake,datasets/DF40/heygen/fake/frames/25/527.png
001499,FR,other,DF40_TEST_FR_other,heygen+fake+frames+28,fake,datasets/DF40/heygen/fake/frames/28/264.png
001500,FR,other,DF40_TEST_FR_other,heygen+fake+frames+5,fake,datasets/DF40/heygen/fake/frames/5/245.png
001501,FS,cdf,DF40_TEST_FS_cdf,mobileswap+cdf+frames+id16_id2_0006,fake,datasets/DF40/mobileswap/cdf/frames/id16_id2_0006/071.png
001502,FS,cdf,DF40_TEST_FS_cdf,simswap+cdf+frames+id19_id21_0005,fake,datasets/DF40/simswap/cdf/frames/id19_id21_0005/134.png
001503,FS,cdf,DF40_TEST_FS_cdf,e4s+cdf+frames+id9_id20_0008,fake,datasets/DF40/e4s/cdf/frames/id9_id20_0008/237.png
001504,FS,cdf,DF40_TEST_FS_cdf,faceswap+cdf+frames+id16_id3_0009,fake,datasets/DF40/faceswap/cdf/frames/id16_id3_0009/212.png
001505,FS,cdf,DF40_TEST_FS_cdf,e4s+cdf+frames+id1_id9_0007,fake,datasets/DF40/e4s/cdf/frames/id1_id9_0007/021.png
001506,FS,cdf,DF40_TEST_FS_cdf,e4s+cdf+frames+id17_id3_0007,fake,datasets/DF40/e4s/cdf/frames/id17_id3_0007/255.png
001507,FS,cdf,DF40_TEST_FS_cdf,inswap+cdf+frames+id37_id29_0005,fake,datasets/DF40/inswap/cdf/frames/id37_id29_0005/324.png
001508,FS,cdf,DF40_TEST_FS_cdf,mobileswap+cdf+frames+id23_id35_0009,fake,datasets/DF40/mobileswap/cdf/frames/id23_id35_0009/254.png
001509,FS,cdf,DF40_TEST_FS_cdf,e4s+cdf+frames+id9_id28_0000,fake,datasets/DF40/e4s/cdf/frames/id9_id28_0000/245.png
001510,FS,cdf,DF40_TEST_FS_cdf,blendface+cdf+frames+id29_id35_0000,fake,datasets/DF40/blendface/cdf/frames/id29_id35_0000/138.png
001511,FS,cdf,DF40_TEST_FS_cdf,simswap+cdf+frames+id26_id16_0001,fake,datasets/DF40/simswap/cdf/frames/id26_id16_0001/000.png
001512,FS,cdf,DF40_TEST_FS_cdf,inswap+cdf+frames+id17_id2_0003,fake,datasets/DF40/inswap/cdf/frames/id17_id2_0003/206.png
001513,FS,cdf,DF40_TEST_FS_cdf,simswap+cdf+frames+id4_id28_0006,fake,datasets/DF40/simswap/cdf/frames/id4_id28_0006/263.png
001514,FS,cdf,DF40_TEST_FS_cdf,facedancer+cdf+frames+id32_id31_0006,fake,datasets/DF40/facedancer/cdf/frames/id32_id31_0006/048.png
001515,FS,cdf,DF40_TEST_FS_cdf,fsgan+cdf+frames+id3_id1_0009,fake,datasets/DF40/fsgan/cdf/frames/id3_id1_0009/265.png
001516,FS,cdf,DF40_TEST_FS_cdf,faceswap+cdf+frames+id16_id21_0002,fake,datasets/DF40/faceswap/cdf/frames/id16_id21_0002/128.png
001517,FS,cdf,DF40_TEST_FS_cdf,simswap+cdf+frames+id19_id21_0009,fake,datasets/DF40/simswap/cdf/frames/id19_id21_0009/120.png
001518,FS,cdf,DF40_TEST_FS_cdf,facedancer+cdf+frames+id3_id37_0004,fake,datasets/DF40/facedancer/cdf/frames/id3_id37_0004/164.png
001519,FS,cdf,DF40_TEST_FS_cdf,uniface+cdf+frames+id30_id35_0006,fake,datasets/DF40/uniface/cdf/frames/id30_id35_0006/259.png
001520,FS,cdf,DF40_TEST_FS_cdf,simswap+cdf+frames+id0_id17_0000,fake,datasets/DF40/simswap/cdf/frames/id0_id17_0000/332.png
001521,FS,cdf,DF40_TEST_FS_cdf,fsgan+cdf+frames+id0_id28_0009,fake,datasets/DF40/fsgan/cdf/frames/id0_id28_0009/287.png
001522,FS,cdf,DF40_TEST_FS_cdf,faceswap+cdf+frames+id10_id7_0001,fake,datasets/DF40/faceswap/cdf/frames/id10_id7_0001/000.png
001523,FS,cdf,DF40_TEST_FS_cdf,blendface+cdf+frames+id49_id54_0003,fake,datasets/DF40/blendface/cdf/frames/id49_id54_0003/301.png
001524,FS,cdf,DF40_TEST_FS_cdf,uniface+cdf+frames+id2_id23_0007,fake,datasets/DF40/uniface/cdf/frames/id2_id23_0007/045.png
001525,FS,cdf,DF40_TEST_FS_cdf,fsgan+cdf+frames+id56_id54_0006,fake,datasets/DF40/fsgan/cdf/frames/id56_id54_0006/141.png
001526,FS,cdf,DF40_TEST_FS_cdf,mobileswap+cdf+frames+id28_id30_0006,fake,datasets/DF40/mobileswap/cdf/frames/id28_id30_0006/249.png
001527,FS,cdf,DF40_TEST_FS_cdf,blendface+cdf+frames+id58_id52_0005,fake,datasets/DF40/blendface/cdf/frames/id58_id52_0005/074.png
001528,FS,cdf,DF40_TEST_FS_cdf,facedancer+cdf+frames+id0_id3_0007,fake,datasets/DF40/facedancer/cdf/frames/id0_id3_0007/882.png
001529,FS,cdf,DF40_TEST_FS_cdf,uniface+cdf+frames+id20_id0_0006,fake,datasets/DF40/uniface/cdf/frames/id20_id0_0006/242.png
001530,FS,cdf,DF40_TEST_FS_cdf,mobileswap+cdf+frames+id19_id21_0005,fake,datasets/DF40/mobileswap/cdf/frames/id19_id21_0005/176.png
001531,FS,cdf,DF40_TEST_FS_cdf,fsgan+cdf+frames+id26_id35_0003,fake,datasets/DF40/fsgan/cdf/frames/id26_id35_0003/189.png
001532,FS,cdf,DF40_TEST_FS_cdf,faceswap+cdf+frames+id13_id10_0005,fake,datasets/DF40/faceswap/cdf/frames/id13_id10_0005/288.png
001533,FS,cdf,DF40_TEST_FS_cdf,uniface+cdf+frames+id4_id3_0001,fake,datasets/DF40/uniface/cdf/frames/id4_id3_0001/325.png
001534,FS,cdf,DF40_TEST_FS_cdf,e4s+cdf+frames+id2_id21_0002,fake,datasets/DF40/e4s/cdf/frames/id2_id21_0002/220.png
001535,FS,cdf,DF40_TEST_FS_cdf,blendface+cdf+frames+id27_id22_0007,fake,datasets/DF40/blendface/cdf/frames/id27_id22_0007/127.png
001536,FS,cdf,DF40_TEST_FS_cdf,blendface+cdf+frames+id58_id57_0008,fake,datasets/DF40/blendface/cdf/frames/id58_id57_0008/074.png
001537,FS,cdf,DF40_TEST_FS_cdf,blendface+cdf+frames+id53_id57_0005,fake,datasets/DF40/blendface/cdf/frames/id53_id57_0005/000.png
001538,FS,cdf,DF40_TEST_FS_cdf,simswap+cdf+frames+id16_id20_0006,fake,datasets/DF40/simswap/cdf/frames/id16_id20_0006/035.png
001539,FS,cdf,DF40_TEST_FS_cdf,mobileswap+cdf+frames+id17_id2_0003,fake,datasets/DF40/mobileswap/cdf/frames/id17_id2_0003/222.png
001540,FS,cdf,DF40_TEST_FS_cdf,fsgan+cdf+frames+id10_id11_0001,fake,datasets/DF40/fsgan/cdf/frames/id10_id11_0001/070.png
001541,FS,cdf,DF40_TEST_FS_cdf,simswap+cdf+frames+id0_id21_0000,fake,datasets/DF40/simswap/cdf/frames/id0_id21_0000/150.png
001542,FS,cdf,DF40_TEST_FS_cdf,faceswap+cdf+frames+id12_id10_0001,fake,datasets/DF40/faceswap/cdf/frames/id12_id10_0001/179.png
001543,FS,cdf,DF40_TEST_FS_cdf,simswap+cdf+frames+id6_id3_0005,fake,datasets/DF40/simswap/cdf/frames/id6_id3_0005/083.png
001544,FS,cdf,DF40_TEST_FS_cdf,inswap+cdf+frames+id12_id10_0001,fake,datasets/DF40/inswap/cdf/frames/id12_id10_0001/038.png
001545,FS,cdf,DF40_TEST_FS_cdf,inswap+cdf+frames+id0_id1_0007,fake,datasets/DF40/inswap/cdf/frames/id0_id1_0007/370.png
001546,FS,cdf,DF40_TEST_FS_cdf,mobileswap+cdf+frames+id37_id29_0005,fake,datasets/DF40/mobileswap/cdf/frames/id37_id29_0005/383.png
001547,FS,cdf,DF40_TEST_FS_cdf,uniface+cdf+frames+id34_id37_0008,fake,datasets/DF40/uniface/cdf/frames/id34_id37_0008/415.png
001548,FS,cdf,DF40_TEST_FS_cdf,faceswap+cdf+frames+id30_id34_0003,fake,datasets/DF40/faceswap/cdf/frames/id30_id34_0003/105.png
001549,FS,cdf,DF40_TEST_FS_cdf,fsgan+cdf+frames+id31_id35_0007,fake,datasets/DF40/fsgan/cdf/frames/id31_id35_0007/128.png
001550,FS,cdf,DF40_TEST_FS_cdf,e4s+cdf+frames+id29_id37_0002,fake,datasets/DF40/e4s/cdf/frames/id29_id37_0002/420.png
001551,FS,cdf,DF40_TEST_FS_cdf,blendface+cdf+frames+id45_id47_0002,fake,datasets/DF40/blendface/cdf/frames/id45_id47_0002/202.png
001552,FS,cdf,DF40_TEST_FS_cdf,facedancer+cdf+frames+id5_id8_0008,fake,datasets/DF40/facedancer/cdf/frames/id5_id8_0008/509.png
001553,FS,cdf,DF40_TEST_FS_cdf,uniface+cdf+frames+id2_id0_0002,fake,datasets/DF40/uniface/cdf/frames/id2_id0_0002/092.png
001554,FS,cdf,DF40_TEST_FS_cdf,simswap+cdf+frames+id51_id50_0008,fake,datasets/DF40/simswap/cdf/frames/id51_id50_0008/306.png
001555,FS,cdf,DF40_TEST_FS_cdf,faceswap+cdf+frames+id22_id27_0007,fake,datasets/DF40/faceswap/cdf/frames/id22_id27_0007/246.png
001556,FS,cdf,DF40_TEST_FS_cdf,uniface+cdf+frames+id7_id12_0006,fake,datasets/DF40/uniface/cdf/frames/id7_id12_0006/000.png
001557,FS,cdf,DF40_TEST_FS_cdf,simswap+cdf+frames+id28_id2_0003,fake,datasets/DF40/simswap/cdf/frames/id28_id2_0003/085.png
001558,FS,cdf,DF40_TEST_FS_cdf,uniface+cdf+frames+id8_id6_0002,fake,datasets/DF40/uniface/cdf/frames/id8_id6_0002/152.png
001559,FS,cdf,DF40_TEST_FS_cdf,simswap+cdf+frames+id30_id31_0009,fake,datasets/DF40/simswap/cdf/frames/id30_id31_0009/231.png
001560,FS,cdf,DF40_TEST_FS_cdf,simswap+cdf+frames+id23_id3_0004,fake,datasets/DF40/simswap/cdf/frames/id23_id3_0004/286.png
001561,FS,cdf,DF40_TEST_FS_cdf,simswap+cdf+frames+id45_id47_0002,fake,datasets/DF40/simswap/cdf/frames/id45_id47_0002/064.png
001562,FS,cdf,DF40_TEST_FS_cdf,faceswap+cdf+frames+id29_id32_0000,fake,datasets/DF40/faceswap/cdf/frames/id29_id32_0000/315.png
001563,FS,cdf,DF40_TEST_FS_cdf,uniface+cdf+frames+id7_id11_0009,fake,datasets/DF40/uniface/cdf/frames/id7_id11_0009/339.png
001564,FS,cdf,DF40_TEST_FS_cdf,inswap+cdf+frames+id21_id6_0005,fake,datasets/DF40/inswap/cdf/frames/id21_id6_0005/153.png
001565,FS,cdf,DF40_TEST_FS_cdf,blendface+cdf+frames+id2_id6_0008,fake,datasets/DF40/blendface/cdf/frames/id2_id6_0008/448.png
001566,FS,cdf,DF40_TEST_FS_cdf,e4s+cdf+frames+id1_id3_0007,fake,datasets/DF40/e4s/cdf/frames/id1_id3_0007/305.png
001567,FS,cdf,DF40_TEST_FS_cdf,blendface+cdf+frames+id3_id9_0001,fake,datasets/DF40/blendface/cdf/frames/id3_id9_0001/330.png
001568,FS,cdf,DF40_TEST_FS_cdf,fsgan+cdf+frames+id28_id37_0008,fake,datasets/DF40/fsgan/cdf/frames/id28_id37_0008/077.png
001569,FS,cdf,DF40_TEST_FS_cdf,fsgan+cdf+frames+id3_id28_0001,fake,datasets/DF40/fsgan/cdf/frames/id3_id28_0001/117.png
001570,FS,cdf,DF40_TEST_FS_cdf,blendface+cdf+frames+id7_id10_0005,fake,datasets/DF40/blendface/cdf/frames/id7_id10_0005/030.png
001571,FS,cdf,DF40_TEST_FS_cdf,e4s+cdf+frames+id21_id37_0000,fake,datasets/DF40/e4s/cdf/frames/id21_id37_0000/022.png
001572,FS,cdf,DF40_TEST_FS_cdf,fsgan+cdf+frames+id23_id30_0002,fake,datasets/DF40/fsgan/cdf/frames/id23_id30_0002/014.png
001573,FS,cdf,DF40_TEST_FS_cdf,facedancer+cdf+frames+id34_id29_0008,fake,datasets/DF40/facedancer/cdf/frames/id34_id29_0008/418.png
001574,FS,cdf,DF40_TEST_FS_cdf,blendface+cdf+frames+id16_id2_0001,fake,datasets/DF40/blendface/cdf/frames/id16_id2_0001/315.png
001575,FS,cdf,DF40_TEST_FS_cdf,e4s+cdf+frames+id30_id4_0001,fake,datasets/DF40/e4s/cdf/frames/id30_id4_0001/014.png
001576,FS,cdf,DF40_TEST_FS_cdf,uniface+cdf+frames+id19_id23_0001,fake,datasets/DF40/uniface/cdf/frames/id19_id23_0001/280.png
001577,FS,cdf,DF40_TEST_FS_cdf,facedancer+cdf+frames+id21_id27_0002,fake,datasets/DF40/facedancer/cdf/frames/id21_id27_0002/517.png
001578,FS,cdf,DF40_TEST_FS_cdf,mobileswap+cdf+frames+id30_id38_0006,fake,datasets/DF40/mobileswap/cdf/frames/id30_id38_0006/341.png
001579,FS,cdf,DF40_TEST_FS_cdf,simswap+cdf+frames+id0_id2_0002,fake,datasets/DF40/simswap/cdf/frames/id0_id2_0002/349.png
001580,FS,cdf,DF40_TEST_FS_cdf,inswap+cdf+frames+id4_id37_0006,fake,datasets/DF40/inswap/cdf/frames/id4_id37_0006/087.png
001581,FS,cdf,DF40_TEST_FS_cdf,faceswap+cdf+frames+id26_id4_0007,fake,datasets/DF40/faceswap/cdf/frames/id26_id4_0007/119.png
001582,FS,cdf,DF40_TEST_FS_cdf,blendface+cdf+frames+id26_id3_0002,fake,datasets/DF40/blendface/cdf/frames/id26_id3_0002/113.png
001583,FS,cdf,DF40_TEST_FS_cdf,facedancer+cdf+frames+id21_id19_0009,fake,datasets/DF40/facedancer/cdf/frames/id21_id19_0009/189.png
001584,FS,cdf,DF40_TEST_FS_cdf,fsgan+cdf+frames+id40_id43_0005,fake,datasets/DF40/fsgan/cdf/frames/id40_id43_0005/267.png
001585,FS,cdf,DF40_TEST_FS_cdf,fsgan+cdf+frames+id10_id7_0008,fake,datasets/DF40/fsgan/cdf/frames/id10_id7_0008/149.png
001586,FS,cdf,DF40_TEST_FS_cdf,simswap+cdf+frames+id31_id35_0009,fake,datasets/DF40/simswap/cdf/frames/id31_id35_0009/030.png
001587,FS,cdf,DF40_TEST_FS_cdf,blendface+cdf+frames+id35_id29_0000,fake,datasets/DF40/blendface/cdf/frames/id35_id29_0000/266.png
001588,FS,cdf,DF40_TEST_FS_cdf,faceswap+cdf+frames+id4_id0_0000,fake,datasets/DF40/faceswap/cdf/frames/id4_id0_0000/167.png
001589,FS,cdf,DF40_TEST_FS_cdf,blendface+cdf+frames+id4_id37_0006,fake,datasets/DF40/blendface/cdf/frames/id4_id37_0006/283.png
001590,FS,cdf,DF40_TEST_FS_cdf,simswap+cdf+frames+id1_id0_0001,fake,datasets/DF40/simswap/cdf/frames/id1_id0_0001/062.png
001591,FS,cdf,DF40_TEST_FS_cdf,simswap+cdf+frames+id3_id9_0000,fake,datasets/DF40/simswap/cdf/frames/id3_id9_0000/398.png
001592,FS,cdf,DF40_TEST_FS_cdf,uniface+cdf+frames+id17_id28_0001,fake,datasets/DF40/uniface/cdf/frames/id17_id28_0001/050.png
001593,FS,cdf,DF40_TEST_FS_cdf,inswap+cdf+frames+id17_id1_0007,fake,datasets/DF40/inswap/cdf/frames/id17_id1_0007/158.png
001594,FS,cdf,DF40_TEST_FS_cdf,mobileswap+cdf+frames+id2_id37_0009,fake,datasets/DF40/mobileswap/cdf/frames/id2_id37_0009/031.png
001595,FS,cdf,DF40_TEST_FS_cdf,mobileswap+cdf+frames+id28_id35_0006,fake,datasets/DF40/mobileswap/cdf/frames/id28_id35_0006/135.png
001596,FS,cdf,DF40_TEST_FS_cdf,mobileswap+cdf+frames+id2_id17_0000,fake,datasets/DF40/mobileswap/cdf/frames/id2_id17_0000/028.png
001597,FS,cdf,DF40_TEST_FS_cdf,facedancer+cdf+frames+id9_id2_0006,fake,datasets/DF40/facedancer/cdf/frames/id9_id2_0006/895.png
001598,FS,cdf,DF40_TEST_FS_cdf,faceswap+cdf+frames+id28_id21_0009,fake,datasets/DF40/faceswap/cdf/frames/id28_id21_0009/255.png
001599,FS,cdf,DF40_TEST_FS_cdf,blendface+cdf+frames+id24_id27_0007,fake,datasets/DF40/blendface/cdf/frames/id24_id27_0007/198.png
001600,FS,cdf,DF40_TEST_FS_cdf,blendface+cdf+frames+id35_id32_0007,fake,datasets/DF40/blendface/cdf/frames/id35_id32_0007/179.png
001601,FS,cdf,DF40_TEST_FS_cdf,simswap+cdf+frames+id28_id21_0006,fake,datasets/DF40/simswap/cdf/frames/id28_id21_0006/124.png
001602,FS,cdf,DF40_TEST_FS_cdf,fsgan+cdf+frames+id3_id9_0001,fake,datasets/DF40/fsgan/cdf/frames/id3_id9_0001/379.png
001603,FS,cdf,DF40_TEST_FS_cdf,faceswap+cdf+frames+id57_id58_0008,fake,datasets/DF40/faceswap/cdf/frames/id57_id58_0008/073.png
001604,FS,cdf,DF40_TEST_FS_cdf,inswap+cdf+frames+id3_id1_0001,fake,datasets/DF40/inswap/cdf/frames/id3_id1_0001/293.png
001605,FS,cdf,DF40_TEST_FS_cdf,inswap+cdf+frames+id19_id25_0008,fake,datasets/DF40/inswap/cdf/frames/id19_id25_0008/083.png
001606,FS,cdf,DF40_TEST_FS_cdf,e4s+cdf+frames+id7_id10_0005,fake,datasets/DF40/e4s/cdf/frames/id7_id10_0005/026.png
001607,FS,cdf,DF40_TEST_FS_cdf,simswap+cdf+frames+id38_id29_0008,fake,datasets/DF40/simswap/cdf/frames/id38_id29_0008/110.png
001608,FS,cdf,DF40_TEST_FS_cdf,simswap+cdf+frames+id37_id38_0009,fake,datasets/DF40/simswap/cdf/frames/id37_id38_0009/076.png
001609,FS,cdf,DF40_TEST_FS_cdf,mobileswap+cdf+frames+id26_id0_0009,fake,datasets/DF40/mobileswap/cdf/frames/id26_id0_0009/311.png
001610,FS,cdf,DF40_TEST_FS_cdf,blendface+cdf+frames+id28_id21_0001,fake,datasets/DF40/blendface/cdf/frames/id28_id21_0001/010.png
001611,FS,cdf,DF40_TEST_FS_cdf,facedancer+cdf+frames+id50_id52_0007,fake,datasets/DF40/facedancer/cdf/frames/id50_id52_0007/1131.png
001612,FS,cdf,DF40_TEST_FS_cdf,uniface+cdf+frames+id29_id32_0000,fake,datasets/DF40/uniface/cdf/frames/id29_id32_0000/262.png
001613,FS,cdf,DF40_TEST_FS_cdf,e4s+cdf+frames+id10_id7_0001,fake,datasets/DF40/e4s/cdf/frames/id10_id7_0001/042.png
001614,FS,cdf,DF40_TEST_FS_cdf,uniface+cdf+frames+id2_id16_0004,fake,datasets/DF40/uniface/cdf/frames/id2_id16_0004/000.png
001615,FS,cdf,DF40_TEST_FS_cdf,fsgan+cdf+frames+id34_id37_0008,fake,datasets/DF40/fsgan/cdf/frames/id34_id37_0008/466.png
001616,FS,cdf,DF40_TEST_FS_cdf,blendface+cdf+frames+id28_id4_0000,fake,datasets/DF40/blendface/cdf/frames/id28_id4_0000/275.png
001617,FS,cdf,DF40_TEST_FS_cdf,uniface+cdf+frames+id12_id10_0001,fake,datasets/DF40/uniface/cdf/frames/id12_id10_0001/076.png
001618,FS,cdf,DF40_TEST_FS_cdf,inswap+cdf+frames+id35_id31_0007,fake,datasets/DF40/inswap/cdf/frames/id35_id31_0007/000.png
001619,FS,cdf,DF40_TEST_FS_cdf,faceswap+cdf+frames+id2_id6_0005,fake,datasets/DF40/faceswap/cdf/frames/id2_id6_0005/148.png
001620,FS,cdf,DF40_TEST_FS_cdf,facedancer+cdf+frames+id30_id28_0000,fake,datasets/DF40/facedancer/cdf/frames/id30_id28_0000/243.png
001621,FS,cdf,DF40_TEST_FS_cdf,uniface+cdf+frames+id25_id24_0003,fake,datasets/DF40/uniface/cdf/frames/id25_id24_0003/056.png
001622,FS,cdf,DF40_TEST_FS_cdf,faceswap+cdf+frames+id29_id30_0009,fake,datasets/DF40/faceswap/cdf/frames/id29_id30_0009/045.png
001623,FS,cdf,DF40_TEST_FS_cdf,blendface+cdf+frames+id8_id6_0002,fake,datasets/DF40/blendface/cdf/frames/id8_id6_0002/084.png
001624,FS,cdf,DF40_TEST_FS_cdf,uniface+cdf+frames+id33_id32_0004,fake,datasets/DF40/uniface/cdf/frames/id33_id32_0004/067.png
001625,FS,cdf,DF40_TEST_FS_cdf,mobileswap+cdf+frames+id37_id3_0004,fake,datasets/DF40/mobileswap/cdf/frames/id37_id3_0004/297.png
001626,FS,cdf,DF40_TEST_FS_cdf,mobileswap+cdf+frames+id48_id41_0001,fake,datasets/DF40/mobileswap/cdf/frames/id48_id41_0001/179.png
001627,FS,cdf,DF40_TEST_FS_cdf,simswap+cdf+frames+id21_id17_0000,fake,datasets/DF40/simswap/cdf/frames/id21_id17_0000/090.png
001628,FS,cdf,DF40_TEST_FS_cdf,faceswap+cdf+frames+id6_id0_0007,fake,datasets/DF40/faceswap/cdf/frames/id6_id0_0007/286.png
001629,FS,cdf,DF40_TEST_FS_cdf,inswap+cdf+frames+id3_id1_0006,fake,datasets/DF40/inswap/cdf/frames/id3_id1_0006/289.png
001630,FS,cdf,DF40_TEST_FS_cdf,blendface+cdf+frames+id31_id33_0008,fake,datasets/DF40/blendface/cdf/frames/id31_id33_0008/000.png
001631,FS,cdf,DF40_TEST_FS_cdf,fsgan+cdf+frames+id9_id20_0008,fake,datasets/DF40/fsgan/cdf/frames/id9_id20_0008/086.png
001632,FS,cdf,DF40_TEST_FS_cdf,uniface+cdf+frames+id22_id21_0005,fake,datasets/DF40/uniface/cdf/frames/id22_id21_0005/199.png
001633,FS,cdf,DF40_TEST_FS_cdf,blendface+cdf+frames+id4_id6_0008,fake,datasets/DF40/blendface/cdf/frames/id4_id6_0008/125.png
001634,FS,cdf,DF40_TEST_FS_cdf,facedancer+cdf+frames+id22_id25_0001,fake,datasets/DF40/facedancer/cdf/frames/id22_id25_0001/781.png
001635,FS,cdf,DF40_TEST_FS_cdf,uniface+cdf+frames+id45_id47_0002,fake,datasets/DF40/uniface/cdf/frames/id45_id47_0002/073.png
001636,FS,cdf,DF40_TEST_FS_cdf,uniface+cdf+frames+id25_id19_0008,fake,datasets/DF40/uniface/cdf/frames/id25_id19_0008/228.png
001637,FS,cdf,DF40_TEST_FS_cdf,uniface+cdf+frames+id37_id29_0008,fake,datasets/DF40/uniface/cdf/frames/id37_id29_0008/093.png
001638,FS,cdf,DF40_TEST_FS_cdf,simswap+cdf+frames+id35_id23_0007,fake,datasets/DF40/simswap/cdf/frames/id35_id23_0007/269.png
001639,FS,cdf,DF40_TEST_FS_cdf,faceswap+cdf+frames+id4_id3_0001,fake,datasets/DF40/faceswap/cdf/frames/id4_id3_0001/177.png
001640,FS,cdf,DF40_TEST_FS_cdf,faceswap+cdf+frames+id24_id27_0007,fake,datasets/DF40/faceswap/cdf/frames/id24_id27_0007/187.png
001641,FS,cdf,DF40_TEST_FS_cdf,faceswap+cdf+frames+id27_id21_0008,fake,datasets/DF40/faceswap/cdf/frames/id27_id21_0008/008.png
001642,FS,cdf,DF40_TEST_FS_cdf,mobileswap+cdf+frames+id35_id30_0009,fake,datasets/DF40/mobileswap/cdf/frames/id35_id30_0009/320.png
001643,FS,cdf,DF40_TEST_FS_cdf,blendface+cdf+frames+id21_id4_0002,fake,datasets/DF40/blendface/cdf/frames/id21_id4_0002/075.png
001644,FS,cdf,DF40_TEST_FS_cdf,inswap+cdf+frames+id21_id27_0002,fake,datasets/DF40/inswap/cdf/frames/id21_id27_0002/085.png
001645,FS,cdf,DF40_TEST_FS_cdf,facedancer+cdf+frames+id29_id38_0008,fake,datasets/DF40/facedancer/cdf/frames/id29_id38_0008/000.png
001646,FS,cdf,DF40_TEST_FS_cdf,blendface+cdf+frames+id32_id35_0007,fake,datasets/DF40/blendface/cdf/frames/id32_id35_0007/102.png
001647,FS,cdf,DF40_TEST_FS_cdf,fsgan+cdf+frames+id25_id19_0002,fake,datasets/DF40/fsgan/cdf/frames/id25_id19_0002/174.png
001648,FS,cdf,DF40_TEST_FS_cdf,facedancer+cdf+frames+id39_id45_0008,fake,datasets/DF40/facedancer/cdf/frames/id39_id45_0008/241.png
001649,FS,cdf,DF40_TEST_FS_cdf,simswap+cdf+frames+id58_id54_0006,fake,datasets/DF40/simswap/cdf/frames/id58_id54_0006/235.png
001650,FS,cdf,DF40_TEST_FS_cdf,mobileswap+cdf+frames+id23_id17_0009,fake,datasets/DF40/mobileswap/cdf/frames/id23_id17_0009/071.png
001651,FS,cdf,DF40_TEST_FS_cdf,fsgan+cdf+frames+id20_id19_0002,fake,datasets/DF40/fsgan/cdf/frames/id20_id19_0002/020.png
001652,FS,cdf,DF40_TEST_FS_cdf,mobileswap+cdf+frames+id3_id9_0001,fake,datasets/DF40/mobileswap/cdf/frames/id3_id9_0001/256.png
001653,FS,cdf,DF40_TEST_FS_cdf,simswap+cdf+frames+id30_id23_0007,fake,datasets/DF40/simswap/cdf/frames/id30_id23_0007/102.png
001654,FS,cdf,DF40_TEST_FS_cdf,faceswap+cdf+frames+id37_id21_0000,fake,datasets/DF40/faceswap/cdf/frames/id37_id21_0000/484.png
001655,FS,cdf,DF40_TEST_FS_cdf,faceswap+cdf+frames+id10_id7_0008,fake,datasets/DF40/faceswap/cdf/frames/id10_id7_0008/048.png
001656,FS,cdf,DF40_TEST_FS_cdf,inswap+cdf+frames+id1_id0_0007,fake,datasets/DF40/inswap/cdf/frames/id1_id0_0007/137.png
001657,FS,cdf,DF40_TEST_FS_cdf,fsgan+cdf+frames+id1_id3_0006,fake,datasets/DF40/fsgan/cdf/frames/id1_id3_0006/394.png
001658,FS,cdf,DF40_TEST_FS_cdf,facedancer+cdf+frames+id6_id20_0007,fake,datasets/DF40/facedancer/cdf/frames/id6_id20_0007/1404.png
001659,FS,cdf,DF40_TEST_FS_cdf,faceswap+cdf+frames+id35_id28_0006,fake,datasets/DF40/faceswap/cdf/frames/id35_id28_0006/197.png
001660,FS,cdf,DF40_TEST_FS_cdf,faceswap+cdf+frames+id1_id20_0002,fake,datasets/DF40/faceswap/cdf/frames/id1_id20_0002/399.png
001661,FS,cdf,DF40_TEST_FS_cdf,mobileswap+cdf+frames+id50_id53_0000,fake,datasets/DF40/mobileswap/cdf/frames/id50_id53_0000/109.png
001662,FS,cdf,DF40_TEST_FS_cdf,faceswap+cdf+frames+id23_id6_0006,fake,datasets/DF40/faceswap/cdf/frames/id23_id6_0006/030.png
001663,FS,cdf,DF40_TEST_FS_cdf,simswap+cdf+frames+id23_id6_0006,fake,datasets/DF40/simswap/cdf/frames/id23_id6_0006/040.png
001664,FS,cdf,DF40_TEST_FS_cdf,mobileswap+cdf+frames+id13_id10_0001,fake,datasets/DF40/mobileswap/cdf/frames/id13_id10_0001/336.png
001665,FS,cdf,DF40_TEST_FS_cdf,uniface+cdf+frames+id23_id9_0009,fake,datasets/DF40/uniface/cdf/frames/id23_id9_0009/091.png
001666,FS,cdf,DF40_TEST_FS_cdf,facedancer+cdf+frames+id32_id29_0003,fake,datasets/DF40/facedancer/cdf/frames/id32_id29_0003/520.png
001667,FS,cdf,DF40_TEST_FS_cdf,facedancer+cdf+frames+id3_id28_0004,fake,datasets/DF40/facedancer/cdf/frames/id3_id28_0004/1014.png
001668,FS,cdf,DF40_TEST_FS_cdf,blendface+cdf+frames+id1_id3_0007,fake,datasets/DF40/blendface/cdf/frames/id1_id3_0007/105.png
001669,FS,cdf,DF40_TEST_FS_cdf,blendface+cdf+frames+id7_id12_0006,fake,datasets/DF40/blendface/cdf/frames/id7_id12_0006/164.png
001670,FS,cdf,DF40_TEST_FS_cdf,facedancer+cdf+frames+id37_id29_0005,fake,datasets/DF40/facedancer/cdf/frames/id37_id29_0005/1110.png
001671,FS,cdf,DF40_TEST_FS_cdf,mobileswap+cdf+frames+id0_id8_0002,fake,datasets/DF40/mobileswap/cdf/frames/id0_id8_0002/326.png
001672,FS,cdf,DF40_TEST_FS_cdf,faceswap+cdf+frames+id31_id37_0008,fake,datasets/DF40/faceswap/cdf/frames/id31_id37_0008/014.png
001673,FS,cdf,DF40_TEST_FS_cdf,fsgan+cdf+frames+id4_id21_0009,fake,datasets/DF40/fsgan/cdf/frames/id4_id21_0009/266.png
001674,FS,cdf,DF40_TEST_FS_cdf,inswap+cdf+frames+id4_id2_0003,fake,datasets/DF40/inswap/cdf/frames/id4_id2_0003/257.png
001675,FS,cdf,DF40_TEST_FS_cdf,uniface+cdf+frames+id39_id47_0004,fake,datasets/DF40/uniface/cdf/frames/id39_id47_0004/072.png
001676,FS,cdf,DF40_TEST_FS_cdf,fsgan+cdf+frames+id9_id3_0000,fake,datasets/DF40/fsgan/cdf/frames/id9_id3_0000/147.png
001677,FS,cdf,DF40_TEST_FS_cdf,simswap+cdf+frames+id9_id1_0007,fake,datasets/DF40/simswap/cdf/frames/id9_id1_0007/029.png
001678,FS,cdf,DF40_TEST_FS_cdf,simswap+cdf+frames+id28_id0_0009,fake,datasets/DF40/simswap/cdf/frames/id28_id0_0009/063.png
001679,FS,cdf,DF40_TEST_FS_cdf,inswap+cdf+frames+id37_id3_0004,fake,datasets/DF40/inswap/cdf/frames/id37_id3_0004/214.png
001680,FS,cdf,DF40_TEST_FS_cdf,fsgan+cdf+frames+id3_id16_0001,fake,datasets/DF40/fsgan/cdf/frames/id3_id16_0001/091.png
001681,FS,cdf,DF40_TEST_FS_cdf,e4s+cdf+frames+id21_id17_0000,fake,datasets/DF40/e4s/cdf/frames/id21_id17_0000/150.png
001682,FS,cdf,DF40_TEST_FS_cdf,uniface+cdf+frames+id4_id2_0003,fake,datasets/DF40/uniface/cdf/frames/id4_id2_0003/057.png
001683,FS,cdf,DF40_TEST_FS_cdf,simswap+cdf+frames+id1_id0_0000,fake,datasets/DF40/simswap/cdf/frames/id1_id0_0000/358.png
001684,FS,cdf,DF40_TEST_FS_cdf,blendface+cdf+frames+id31_id33_0009,fake,datasets/DF40/blendface/cdf/frames/id31_id33_0009/428.png
001685,FS,cdf,DF40_TEST_FS_cdf,facedancer+cdf+frames+id6_id3_0001,fake,datasets/DF40/facedancer/cdf/frames/id6_id3_0001/094.png
001686,FS,cdf,DF40_TEST_FS_cdf,mobileswap+cdf+frames+id27_id22_0007,fake,datasets/DF40/mobileswap/cdf/frames/id27_id22_0007/138.png
001687,FS,cdf,DF40_TEST_FS_cdf,mobileswap+cdf+frames+id26_id4_0007,fake,datasets/DF40/mobileswap/cdf/frames/id26_id4_0007/337.png
001688,FS,cdf,DF40_TEST_FS_cdf,e4s+cdf+frames+id23_id35_0007,fake,datasets/DF40/e4s/cdf/frames/id23_id35_0007/245.png
001689,FS,cdf,DF40_TEST_FS_cdf,blendface+cdf+frames+id26_id35_0003,fake,datasets/DF40/blendface/cdf/frames/id26_id35_0003/168.png
001690,FS,cdf,DF40_TEST_FS_cdf,uniface+cdf+frames+id10_id7_0009,fake,datasets/DF40/uniface/cdf/frames/id10_id7_0009/275.png
001691,FS,cdf,DF40_TEST_FS_cdf,mobileswap+cdf+frames+id25_id28_0003,fake,datasets/DF40/mobileswap/cdf/frames/id25_id28_0003/056.png
001692,FS,cdf,DF40_TEST_FS_cdf,uniface+cdf+frames+id17_id23_0009,fake,datasets/DF40/uniface/cdf/frames/id17_id23_0009/239.png
001693,FS,cdf,DF40_TEST_FS_cdf,facedancer+cdf+frames+id1_id2_0007,fake,datasets/DF40/facedancer/cdf/frames/id1_id2_0007/317.png
001694,FS,cdf,DF40_TEST_FS_cdf,fsgan+cdf+frames+id17_id1_0000,fake,datasets/DF40/fsgan/cdf/frames/id17_id1_0000/298.png
001695,FS,cdf,DF40_TEST_FS_cdf,fsgan+cdf+frames+id16_id1_0004,fake,datasets/DF40/fsgan/cdf/frames/id16_id1_0004/236.png
001696,FS,cdf,DF40_TEST_FS_cdf,facedancer+cdf+frames+id33_id38_0005,fake,datasets/DF40/facedancer/cdf/frames/id33_id38_0005/182.png
001697,FS,cdf,DF40_TEST_FS_cdf,fsgan+cdf+frames+id32_id30_0006,fake,datasets/DF40/fsgan/cdf/frames/id32_id30_0006/282.png
001698,FS,cdf,DF40_TEST_FS_cdf,mobileswap+cdf+frames+id4_id0_0004,fake,datasets/DF40/mobileswap/cdf/frames/id4_id0_0004/113.png
001699,FS,cdf,DF40_TEST_FS_cdf,faceswap+cdf+frames+id31_id33_0008,fake,datasets/DF40/faceswap/cdf/frames/id31_id33_0008/212.png
001700,FS,cdf,DF40_TEST_FS_cdf,faceswap+cdf+frames+id28_id0_0009,fake,datasets/DF40/faceswap/cdf/frames/id28_id0_0009/255.png
001701,FS,ff,DF40_TEST_FS_ff,mobileswap+ff+frames+738_804,fake,datasets/DF40/mobileswap/ff/frames/738_804/201.png
001702,FS,ff,DF40_TEST_FS_ff,mobileswap+ff+frames+013_883,fake,datasets/DF40/mobileswap/ff/frames/013_883/309.png
001703,FS,ff,DF40_TEST_FS_ff,blendface+ff+frames+214_255,fake,datasets/DF40/blendface/ff/frames/214_255/342.png
001704,FS,ff,DF40_TEST_FS_ff,inswap+ff+frames+847_906,fake,datasets/DF40/inswap/ff/frames/847_906/116.png
001705,FS,ff,DF40_TEST_FS_ff,faceswap+ff+frames+932_384,fake,datasets/DF40/faceswap/ff/frames/932_384/148.png
001706,FS,ff,DF40_TEST_FS_ff,mobileswap+ff+frames+068_028,fake,datasets/DF40/mobileswap/ff/frames/068_028/012.png
001707,FS,ff,DF40_TEST_FS_ff,faceswap+ff+frames+169_227,fake,datasets/DF40/faceswap/ff/frames/169_227/283.png
001708,FS,ff,DF40_TEST_FS_ff,mobileswap+ff+frames+773_652,fake,datasets/DF40/mobileswap/ff/frames/773_652/354.png
001709,FS,ff,DF40_TEST_FS_ff,simswap+ff+frames+380_358,fake,datasets/DF40/simswap/ff/frames/380_358/439.png
001710,FS,ff,DF40_TEST_FS_ff,mobileswap+ff+frames+074_825,fake,datasets/DF40/mobileswap/ff/frames/074_825/044.png
001711,FS,ff,DF40_TEST_FS_ff,mobileswap+ff+frames+307_365,fake,datasets/DF40/mobileswap/ff/frames/307_365/194.png
001712,FS,ff,DF40_TEST_FS_ff,mobileswap+ff+frames+361_448,fake,datasets/DF40/mobileswap/ff/frames/361_448/043.png
001713,FS,ff,DF40_TEST_FS_ff,mobileswap+ff+frames+512_495,fake,datasets/DF40/mobileswap/ff/frames/512_495/459.png
001714,FS,ff,DF40_TEST_FS_ff,mobileswap+ff+frames+294_292,fake,datasets/DF40/mobileswap/ff/frames/294_292/194.png
001715,FS,ff,DF40_TEST_FS_ff,faceswap+ff+frames+507_418,fake,datasets/DF40/faceswap/ff/frames/507_418/061.png
001716,FS,ff,DF40_TEST_FS_ff,fsgan+ff+frames+381_376,fake,datasets/DF40/fsgan/ff/frames/381_376/390.png
001717,FS,ff,DF40_TEST_FS_ff,uniface+ff+frames+044_945,fake,datasets/DF40/uniface/ff/frames/044_945/064.png
001718,FS,ff,DF40_TEST_FS_ff,blendface+ff+frames+452_550,fake,datasets/DF40/blendface/ff/frames/452_550/195.png
001719,FS,ff,DF40_TEST_FS_ff,e4s+ff+frames+683_607,fake,datasets/DF40/e4s/ff/frames/683_607/029.png
001720,FS,ff,DF40_TEST_FS_ff,mobileswap+ff+frames+501_326,fake,datasets/DF40/mobileswap/ff/frames/501_326/386.png
001721,FS,ff,DF40_TEST_FS_ff,blendface+ff+frames+308_388,fake,datasets/DF40/blendface/ff/frames/308_388/193.png
001722,FS,ff,DF40_TEST_FS_ff,mobileswap+ff+frames+906_847,fake,datasets/DF40/mobileswap/ff/frames/906_847/287.png
001723,FS,ff,DF40_TEST_FS_ff,mobileswap+ff+frames+447_431,fake,datasets/DF40/mobileswap/ff/frames/447_431/115.png
001724,FS,ff,DF40_TEST_FS_ff,mobileswap+ff+frames+989_993,fake,datasets/DF40/mobileswap/ff/frames/989_993/185.png
001725,FS,ff,DF40_TEST_FS_ff,mobileswap+ff+frames+048_029,fake,datasets/DF40/mobileswap/ff/frames/048_029/390.png
001726,FS,ff,DF40_TEST_FS_ff,mobileswap+ff+frames+717_684,fake,datasets/DF40/mobileswap/ff/frames/717_684/156.png
001727,FS,ff,DF40_TEST_FS_ff,mobileswap+ff+frames+301_262,fake,datasets/DF40/mobileswap/ff/frames/301_262/147.png
001728,FS,ff,DF40_TEST_FS_ff,e4s+ff+frames+073_024,fake,datasets/DF40/e4s/ff/frames/073_024/272.png
001729,FS,ff,DF40_TEST_FS_ff,facedancer+ff+frames+015_919,fake,datasets/DF40/facedancer/ff/frames/015_919/000.png
001730,FS,ff,DF40_TEST_FS_ff,mobileswap+ff+frames+021_312,fake,datasets/DF40/mobileswap/ff/frames/021_312/291.png
001731,FS,ff,DF40_TEST_FS_ff,inswap+ff+frames+186_170,fake,datasets/DF40/inswap/ff/frames/186_170/311.png
001732,FS,ff,DF40_TEST_FS_ff,mobileswap+ff+frames+234_187,fake,datasets/DF40/mobileswap/ff/frames/234_187/017.png
001733,FS,ff,DF40_TEST_FS_ff,mobileswap+ff+frames+868_949,fake,datasets/DF40/mobileswap/ff/frames/868_949/416.png
001734,FS,ff,DF40_TEST_FS_ff,mobileswap+ff+frames+761_766,fake,datasets/DF40/mobileswap/ff/frames/761_766/154.png
001735,FS,ff,DF40_TEST_FS_ff,uniface+ff+frames+404_429,fake,datasets/DF40/uniface/ff/frames/404_429/231.png
001736,FS,ff,DF40_TEST_FS_ff,mobileswap+ff+frames+695_422,fake,datasets/DF40/mobileswap/ff/frames/695_422/269.png
001737,FS,ff,DF40_TEST_FS_ff,e4s+ff+frames+661_670,fake,datasets/DF40/e4s/ff/frames/661_670/049.png
001738,FS,ff,DF40_TEST_FS_ff,blendface+ff+frames+842_714,fake,datasets/DF40/blendface/ff/frames/842_714/417.png
001739,FS,ff,DF40_TEST_FS_ff,faceswap+ff+frames+705_707,fake,datasets/DF40/faceswap/ff/frames/705_707/334.png
001740,FS,ff,DF40_TEST_FS_ff,fsgan+ff+frames+705_707,fake,datasets/DF40/fsgan/ff/frames/705_707/228.png
001741,FS,ff,DF40_TEST_FS_ff,mobileswap+ff+frames+680_486,fake,datasets/DF40/mobileswap/ff/frames/680_486/019.png
001742,FS,ff,DF40_TEST_FS_ff,facedancer+ff+frames+973_970,fake,datasets/DF40/facedancer/ff/frames/973_970/085.png
001743,FS,ff,DF40_TEST_FS_ff,mobileswap+ff+frames+227_169,fake,datasets/DF40/mobileswap/ff/frames/227_169/085.png
001744,FS,ff,DF40_TEST_FS_ff,uniface+ff+frames+479_706,fake,datasets/DF40/uniface/ff/frames/479_706/439.png
001745,FS,ff,DF40_TEST_FS_ff,mobileswap+ff+frames+677_671,fake,datasets/DF40/mobileswap/ff/frames/677_671/060.png
001746,FS,ff,DF40_TEST_FS_ff,simswap+ff+frames+386_154,fake,datasets/DF40/simswap/ff/frames/386_154/101.png
001747,FS,ff,DF40_TEST_FS_ff,mobileswap+ff+frames+329_327,fake,datasets/DF40/mobileswap/ff/frames/329_327/160.png
001748,FS,ff,DF40_TEST_FS_ff,simswap+ff+frames+452_550,fake,datasets/DF40/simswap/ff/frames/452_550/097.png
001749,FS,ff,DF40_TEST_FS_ff,simswap+ff+frames+917_924,fake,datasets/DF40/simswap/ff/frames/917_924/187.png
001750,FS,ff,DF40_TEST_FS_ff,mobileswap+ff+frames+072_037,fake,datasets/DF40/mobileswap/ff/frames/072_037/070.png
001751,FS,ff,DF40_TEST_FS_ff,uniface+ff+frames+682_669,fake,datasets/DF40/uniface/ff/frames/682_669/870.png
001752,FS,ff,DF40_TEST_FS_ff,mobileswap+ff+frames+783_916,fake,datasets/DF40/mobileswap/ff/frames/783_916/090.png
001753,FS,ff,DF40_TEST_FS_ff,mobileswap+ff+frames+043_110,fake,datasets/DF40/mobileswap/ff/frames/043_110/382.png
001754,FS,ff,DF40_TEST_FS_ff,e4s+ff+frames+386_154,fake,datasets/DF40/e4s/ff/frames/386_154/028.png
001755,FS,ff,DF40_TEST_FS_ff,inswap+ff+frames+035_036,fake,datasets/DF40/inswap/ff/frames/035_036/408.png
001756,FS,ff,DF40_TEST_FS_ff,mobileswap+ff+frames+486_680,fake,datasets/DF40/mobileswap/ff/frames/486_680/308.png
001757,FS,ff,DF40_TEST_FS_ff,facedancer+ff+frames+044_945,fake,datasets/DF40/facedancer/ff/frames/044_945/204.png
001758,FS,ff,DF40_TEST_FS_ff,fsgan+ff+frames+176_190,fake,datasets/DF40/fsgan/ff/frames/176_190/012.png
001759,FS,ff,DF40_TEST_FS_ff,uniface+ff+frames+003_000,fake,datasets/DF40/uniface/ff/frames/003_000/194.png
001760,FS,ff,DF40_TEST_FS_ff,mobileswap+ff+frames+836_950,fake,datasets/DF40/mobileswap/ff/frames/836_950/154.png
001761,FS,ff,DF40_TEST_FS_ff,faceswap+ff+frames+420_257,fake,datasets/DF40/faceswap/ff/frames/420_257/024.png
001762,FS,ff,DF40_TEST_FS_ff,mobileswap+ff+frames+623_630,fake,datasets/DF40/mobileswap/ff/frames/623_630/339.png
001763,FS,ff,DF40_TEST_FS_ff,facedancer+ff+frames+847_906,fake,datasets/DF40/facedancer/ff/frames/847_906/067.png
001764,FS,ff,DF40_TEST_FS_ff,mobileswap+ff+frames+784_769,fake,datasets/DF40/mobileswap/ff/frames/784_769/340.png
001765,FS,ff,DF40_TEST_FS_ff,mobileswap+ff+frames+233_995,fake,datasets/DF40/mobileswap/ff/frames/233_995/630.png
001766,FS,ff,DF40_TEST_FS_ff,inswap+ff+frames+707_705,fake,datasets/DF40/inswap/ff/frames/707_705/566.png
001767,FS,ff,DF40_TEST_FS_ff,facedancer+ff+frames+288_321,fake,datasets/DF40/facedancer/ff/frames/288_321/069.png
001768,FS,ff,DF40_TEST_FS_ff,inswap+ff+frames+842_714,fake,datasets/DF40/inswap/ff/frames/842_714/230.png
001769,FS,ff,DF40_TEST_FS_ff,mobileswap+ff+frames+092_098,fake,datasets/DF40/mobileswap/ff/frames/092_098/074.png
001770,FS,ff,DF40_TEST_FS_ff,mobileswap+ff+frames+011_805,fake,datasets/DF40/mobileswap/ff/frames/011_805/610.png
001771,FS,ff,DF40_TEST_FS_ff,mobileswap+ff+frames+913_893,fake,datasets/DF40/mobileswap/ff/frames/913_893/000.png
001772,FS,ff,DF40_TEST_FS_ff,fsgan+ff+frames+003_000,fake,datasets/DF40/fsgan/ff/frames/003_000/107.png
001773,FS,ff,DF40_TEST_FS_ff,facedancer+ff+frames+454_527,fake,datasets/DF40/facedancer/ff/frames/454_527/049.png
001774,FS,ff,DF40_TEST_FS_ff,simswap+ff+frames+219_220,fake,datasets/DF40/simswap/ff/frames/219_220/022.png
001775,FS,ff,DF40_TEST_FS_ff,mobileswap+ff+frames+513_305,fake,datasets/DF40/mobileswap/ff/frames/513_305/111.png
001776,FS,ff,DF40_TEST_FS_ff,mobileswap+ff+frames+579_701,fake,datasets/DF40/mobileswap/ff/frames/579_701/091.png
001777,FS,ff,DF40_TEST_FS_ff,simswap+ff+frames+623_630,fake,datasets/DF40/simswap/ff/frames/623_630/317.png
001778,FS,ff,DF40_TEST_FS_ff,mobileswap+ff+frames+801_855,fake,datasets/DF40/mobileswap/ff/frames/801_855/228.png
001779,FS,ff,DF40_TEST_FS_ff,facedancer+ff+frames+347_314,fake,datasets/DF40/facedancer/ff/frames/347_314/132.png
001780,FS,ff,DF40_TEST_FS_ff,mobileswap+ff+frames+835_651,fake,datasets/DF40/mobileswap/ff/frames/835_651/137.png
001781,FS,ff,DF40_TEST_FS_ff,facedancer+ff+frames+102_114,fake,datasets/DF40/facedancer/ff/frames/102_114/050.png
001782,FS,ff,DF40_TEST_FS_ff,mobileswap+ff+frames+247_229,fake,datasets/DF40/mobileswap/ff/frames/247_229/051.png
001783,FS,ff,DF40_TEST_FS_ff,faceswap+ff+frames+675_608,fake,datasets/DF40/faceswap/ff/frames/675_608/325.png
001784,FS,ff,DF40_TEST_FS_ff,simswap+ff+frames+012_026,fake,datasets/DF40/simswap/ff/frames/012_026/023.png
001785,FS,ff,DF40_TEST_FS_ff,inswap+ff+frames+176_190,fake,datasets/DF40/inswap/ff/frames/176_190/012.png
001786,FS,ff,DF40_TEST_FS_ff,blendface+ff+frames+029_048,fake,datasets/DF40/blendface/ff/frames/029_048/120.png
001787,FS,ff,DF40_TEST_FS_ff,fsgan+ff+frames+352_319,fake,datasets/DF40/fsgan/ff/frames/352_319/176.png
001788,FS,ff,DF40_TEST_FS_ff,blendface+ff+frames+425_485,fake,datasets/DF40/blendface/ff/frames/425_485/075.png
001789,FS,ff,DF40_TEST_FS_ff,mobileswap+ff+frames+031_163,fake,datasets/DF40/mobileswap/ff/frames/031_163/000.png
001790,FS,ff,DF40_TEST_FS_ff,uniface+ff+frames+630_623,fake,datasets/DF40/uniface/ff/frames/630_623/353.png
001791,FS,ff,DF40_TEST_FS_ff,blendface+ff+frames+376_381,fake,datasets/DF40/blendface/ff/frames/376_381/464.png
001792,FS,ff,DF40_TEST_FS_ff,fsgan+ff+frames+429_404,fake,datasets/DF40/fsgan/ff/frames/429_404/058.png
001793,FS,ff,DF40_TEST_FS_ff,faceswap+ff+frames+386_154,fake,datasets/DF40/faceswap/ff/frames/386_154/245.png
001794,FS,ff,DF40_TEST_FS_ff,uniface+ff+frames+485_425,fake,datasets/DF40/uniface/ff/frames/485_425/776.png
001795,FS,ff,DF40_TEST_FS_ff,inswap+ff+frames+507_418,fake,datasets/DF40/inswap/ff/frames/507_418/075.png
001796,FS,ff,DF40_TEST_FS_ff,mobileswap+ff+frames+194_235,fake,datasets/DF40/mobileswap/ff/frames/194_235/328.png
001797,FS,ff,DF40_TEST_FS_ff,simswap+ff+frames+924_917,fake,datasets/DF40/simswap/ff/frames/924_917/764.png
001798,FS,ff,DF40_TEST_FS_ff,mobileswap+ff+frames+291_874,fake,datasets/DF40/mobileswap/ff/frames/291_874/254.png
001799,FS,ff,DF40_TEST_FS_ff,mobileswap+ff+frames+707_705,fake,datasets/DF40/mobileswap/ff/frames/707_705/366.png
001800,FS,ff,DF40_TEST_FS_ff,mobileswap+ff+frames+226_491,fake,datasets/DF40/mobileswap/ff/frames/226_491/105.png
001801,FS,ff,DF40_TEST_FS_ff,fsgan+ff+frames+386_154,fake,datasets/DF40/fsgan/ff/frames/386_154/303.png
001802,FS,ff,DF40_TEST_FS_ff,facedancer+ff+frames+552_851,fake,datasets/DF40/facedancer/ff/frames/552_851/009.png
001803,FS,ff,DF40_TEST_FS_ff,inswap+ff+frames+142_138,fake,datasets/DF40/inswap/ff/frames/142_138/155.png
001804,FS,ff,DF40_TEST_FS_ff,fsgan+ff+frames+759_755,fake,datasets/DF40/fsgan/ff/frames/759_755/279.png
001805,FS,ff,DF40_TEST_FS_ff,inswap+ff+frames+521_517,fake,datasets/DF40/inswap/ff/frames/521_517/039.png
001806,FS,ff,DF40_TEST_FS_ff,blendface+ff+frames+249_280,fake,datasets/DF40/blendface/ff/frames/249_280/183.png
001807,FS,ff,DF40_TEST_FS_ff,uniface+ff+frames+607_683,fake,datasets/DF40/uniface/ff/frames/607_683/394.png
001808,FS,ff,DF40_TEST_FS_ff,inswap+ff+frames+695_422,fake,datasets/DF40/inswap/ff/frames/695_422/249.png
001809,FS,ff,DF40_TEST_FS_ff,facedancer+ff+frames+945_044,fake,datasets/DF40/facedancer/ff/frames/945_044/466.png
001810,FS,ff,DF40_TEST_FS_ff,facedancer+ff+frames+003_000,fake,datasets/DF40/facedancer/ff/frames/003_000/253.png
001811,FS,ff,DF40_TEST_FS_ff,mobileswap+ff+frames+682_669,fake,datasets/DF40/mobileswap/ff/frames/682_669/590.png
001812,FS,ff,DF40_TEST_FS_ff,mobileswap+ff+frames+953_974,fake,datasets/DF40/mobileswap/ff/frames/953_974/112.png
001813,FS,ff,DF40_TEST_FS_ff,mobileswap+ff+frames+859_843,fake,datasets/DF40/mobileswap/ff/frames/859_843/032.png
001814,FS,ff,DF40_TEST_FS_ff,mobileswap+ff+frames+229_247,fake,datasets/DF40/mobileswap/ff/frames/229_247/391.png
001815,FS,ff,DF40_TEST_FS_ff,blendface+ff+frames+404_429,fake,datasets/DF40/blendface/ff/frames/404_429/462.png
001816,FS,ff,DF40_TEST_FS_ff,facedancer+ff+frames+896_128,fake,datasets/DF40/facedancer/ff/frames/896_128/376.png
001817,FS,ff,DF40_TEST_FS_ff,mobileswap+ff+frames+285_136,fake,datasets/DF40/mobileswap/ff/frames/285_136/012.png
001818,FS,ff,DF40_TEST_FS_ff,fsgan+ff+frames+669_682,fake,datasets/DF40/fsgan/ff/frames/669_682/377.png
001819,FS,ff,DF40_TEST_FS_ff,mobileswap+ff+frames+537_563,fake,datasets/DF40/mobileswap/ff/frames/537_563/247.png
001820,FS,ff,DF40_TEST_FS_ff,mobileswap+ff+frames+070_057,fake,datasets/DF40/mobileswap/ff/frames/070_057/153.png
001821,FS,ff,DF40_TEST_FS_ff,blendface+ff+frames+970_973,fake,datasets/DF40/blendface/ff/frames/970_973/168.png
001822,FS,ff,DF40_TEST_FS_ff,simswap+ff+frames+855_801,fake,datasets/DF40/simswap/ff/frames/855_801/385.png
001823,FS,ff,DF40_TEST_FS_ff,facedancer+ff+frames+314_347,fake,datasets/DF40/facedancer/ff/frames/314_347/265.png
001824,FS,ff,DF40_TEST_FS_ff,uniface+ff+frames+550_452,fake,datasets/DF40/uniface/ff/frames/550_452/242.png
001825,FS,ff,DF40_TEST_FS_ff,simswap+ff+frames+102_114,fake,datasets/DF40/simswap/ff/frames/102_114/100.png
001826,FS,ff,DF40_TEST_FS_ff,uniface+ff+frames+919_015,fake,datasets/DF40/uniface/ff/frames/919_015/223.png
001827,FS,ff,DF40_TEST_FS_ff,mobileswap+ff+frames+504_502,fake,datasets/DF40/mobileswap/ff/frames/504_502/000.png
001828,FS,ff,DF40_TEST_FS_ff,mobileswap+ff+frames+786_819,fake,datasets/DF40/mobileswap/ff/frames/786_819/519.png
001829,FS,ff,DF40_TEST_FS_ff,fsgan+ff+frames+661_670,fake,datasets/DF40/fsgan/ff/frames/661_670/016.png
001830,FS,ff,DF40_TEST_FS_ff,blendface+ff+frames+801_855,fake,datasets/DF40/blendface/ff/frames/801_855/100.png
001831,FS,ff,DF40_TEST_FS_ff,mobileswap+ff+frames+047_862,fake,datasets/DF40/mobileswap/ff/frames/047_862/102.png
001832,FS,ff,DF40_TEST_FS_ff,mobileswap+ff+frames+905_860,fake,datasets/DF40/mobileswap/ff/frames/905_860/086.png
001833,FS,ff,DF40_TEST_FS_ff,faceswap+ff+frames+421_423,fake,datasets/DF40/faceswap/ff/frames/421_423/535.png
001834,FS,ff,DF40_TEST_FS_ff,mobileswap+ff+frames+541_523,fake,datasets/DF40/mobileswap/ff/frames/541_523/037.png
001835,FS,ff,DF40_TEST_FS_ff,mobileswap+ff+frames+049_946,fake,datasets/DF40/mobileswap/ff/frames/049_946/196.png
001836,FS,ff,DF40_TEST_FS_ff,facedancer+ff+frames+633_529,fake,datasets/DF40/facedancer/ff/frames/633_529/313.png
001837,FS,ff,DF40_TEST_FS_ff,mobileswap+ff+frames+491_226,fake,datasets/DF40/mobileswap/ff/frames/491_226/192.png
001838,FS,ff,DF40_TEST_FS_ff,faceswap+ff+frames+669_682,fake,datasets/DF40/faceswap/ff/frames/669_682/267.png
001839,FS,ff,DF40_TEST_FS_ff,fsgan+ff+frames+026_012,fake,datasets/DF40/fsgan/ff/frames/026_012/300.png
001840,FS,ff,DF40_TEST_FS_ff,simswap+ff+frames+579_701,fake,datasets/DF40/simswap/ff/frames/579_701/122.png
001841,FS,ff,DF40_TEST_FS_ff,faceswap+ff+frames+953_974,fake,datasets/DF40/faceswap/ff/frames/953_974/265.png
001842,FS,ff,DF40_TEST_FS_ff,facedancer+ff+frames+707_705,fake,datasets/DF40/facedancer/ff/frames/707_705/033.png
001843,FS,ff,DF40_TEST_FS_ff,mobileswap+ff+frames+740_796,fake,datasets/DF40/mobileswap/ff/frames/740_796/134.png
001844,FS,ff,DF40_TEST_FS_ff,faceswap+ff+frames+220_219,fake,datasets/DF40/faceswap/ff/frames/220_219/146.png
001845,FS,ff,DF40_TEST_FS_ff,mobileswap+ff+frames+800_840,fake,datasets/DF40/mobileswap/ff/frames/800_840/152.png
001846,FS,ff,DF40_TEST_FS_ff,mobileswap+ff+frames+457_398,fake,datasets/DF40/mobileswap/ff/frames/457_398/391.png
001847,FS,ff,DF40_TEST_FS_ff,mobileswap+ff+frames+520_542,fake,datasets/DF40/mobileswap/ff/frames/520_542/168.png
001848,FS,ff,DF40_TEST_FS_ff,mobileswap+ff+frames+758_754,fake,datasets/DF40/mobileswap/ff/frames/758_754/138.png
001849,FS,ff,DF40_TEST_FS_ff,uniface+ff+frames+035_036,fake,datasets/DF40/uniface/ff/frames/035_036/068.png
001850,FS,ff,DF40_TEST_FS_ff,fsgan+ff+frames+527_454,fake,datasets/DF40/fsgan/ff/frames/527_454/077.png
001851,FS,ff,DF40_TEST_FS_ff,fsgan+ff+frames+012_026,fake,datasets/DF40/fsgan/ff/frames/012_026/350.png
001852,FS,ff,DF40_TEST_FS_ff,faceswap+ff+frames+399_488,fake,datasets/DF40/faceswap/ff/frames/399_488/333.png
001853,FS,ff,DF40_TEST_FS_ff,mobileswap+ff+frames+969_897,fake,datasets/DF40/mobileswap/ff/frames/969_897/103.png
001854,FS,ff,DF40_TEST_FS_ff,mobileswap+ff+frames+619_620,fake,datasets/DF40/mobileswap/ff/frames/619_620/156.png
001855,FS,ff,DF40_TEST_FS_ff,simswap+ff+frames+114_102,fake,datasets/DF40/simswap/ff/frames/114_102/981.png
001856,FS,ff,DF40_TEST_FS_ff,mobileswap+ff+frames+826_833,fake,datasets/DF40/mobileswap/ff/frames/826_833/171.png
001857,FS,ff,DF40_TEST_FS_ff,mobileswap+ff+frames+556_588,fake,datasets/DF40/mobileswap/ff/frames/556_588/083.png
001858,FS,ff,DF40_TEST_FS_ff,mobileswap+ff+frames+282_238,fake,datasets/DF40/mobileswap/ff/frames/282_238/076.png
001859,FS,ff,DF40_TEST_FS_ff,mobileswap+ff+frames+690_689,fake,datasets/DF40/mobileswap/ff/frames/690_689/053.png
001860,FS,ff,DF40_TEST_FS_ff,blendface+ff+frames+633_529,fake,datasets/DF40/blendface/ff/frames/633_529/412.png
001861,FS,ff,DF40_TEST_FS_ff,mobileswap+ff+frames+864_839,fake,datasets/DF40/mobileswap/ff/frames/864_839/304.png
001862,FS,ff,DF40_TEST_FS_ff,uniface+ff+frames+227_169,fake,datasets/DF40/uniface/ff/frames/227_169/156.png
001863,FS,ff,DF40_TEST_FS_ff,e4s+ff+frames+423_421,fake,datasets/DF40/e4s/ff/frames/423_421/1111.png
001864,FS,ff,DF40_TEST_FS_ff,facedancer+ff+frames+154_386,fake,datasets/DF40/facedancer/ff/frames/154_386/134.png
001865,FS,ff,DF40_TEST_FS_ff,fsgan+ff+frames+423_421,fake,datasets/DF40/fsgan/ff/frames/423_421/1286.png
001866,FS,ff,DF40_TEST_FS_ff,blendface+ff+frames+865_739,fake,datasets/DF40/blendface/ff/frames/865_739/123.png
001867,FS,ff,DF40_TEST_FS_ff,facedancer+ff+frames+634_660,fake,datasets/DF40/facedancer/ff/frames/634_660/108.png
001868,FS,ff,DF40_TEST_FS_ff,uniface+ff+frames+454_527,fake,datasets/DF40/uniface/ff/frames/454_527/148.png
001869,FS,ff,DF40_TEST_FS_ff,faceswap+ff+frames+102_114,fake,datasets/DF40/faceswap/ff/frames/102_114/000.png
001870,FS,ff,DF40_TEST_FS_ff,simswap+ff+frames+138_142,fake,datasets/DF40/simswap/ff/frames/138_142/237.png
001871,FS,ff,DF40_TEST_FS_ff,mobileswap+ff+frames+484_415,fake,datasets/DF40/mobileswap/ff/frames/484_415/215.png
001872,FS,ff,DF40_TEST_FS_ff,uniface+ff+frames+386_154,fake,datasets/DF40/uniface/ff/frames/386_154/101.png
001873,FS,ff,DF40_TEST_FS_ff,uniface+ff+frames+190_176,fake,datasets/DF40/uniface/ff/frames/190_176/127.png
001874,FS,ff,DF40_TEST_FS_ff,mobileswap+ff+frames+415_484,fake,datasets/DF40/mobileswap/ff/frames/415_484/471.png
001875,FS,ff,DF40_TEST_FS_ff,mobileswap+ff+frames+347_314,fake,datasets/DF40/mobileswap/ff/frames/347_314/029.png
001876,FS,ff,DF40_TEST_FS_ff,mobileswap+ff+frames+562_626,fake,datasets/DF40/mobileswap/ff/frames/562_626/165.png
001877,FS,ff,DF40_TEST_FS_ff,simswap+ff+frames+257_420,fake,datasets/DF40/simswap/ff/frames/257_420/196.png
001878,FS,ff,DF40_TEST_FS_ff,mobileswap+ff+frames+206_221,fake,datasets/DF40/mobileswap/ff/frames/206_221/575.png
001879,FS,ff,DF40_TEST_FS_ff,facedancer+ff+frames+669_682,fake,datasets/DF40/facedancer/ff/frames/669_682/488.png
001880,FS,ff,DF40_TEST_FS_ff,mobileswap+ff+frames+876_891,fake,datasets/DF40/mobileswap/ff/frames/876_891/060.png
001881,FS,ff,DF40_TEST_FS_ff,mobileswap+ff+frames+338_336,fake,datasets/DF40/mobileswap/ff/frames/338_336/143.png
001882,FS,ff,DF40_TEST_FS_ff,facedancer+ff+frames+494_445,fake,datasets/DF40/facedancer/ff/frames/494_445/206.png
001883,FS,ff,DF40_TEST_FS_ff,faceswap+ff+frames+625_650,fake,datasets/DF40/faceswap/ff/frames/625_650/331.png
001884,FS,ff,DF40_TEST_FS_ff,blendface+ff+frames+219_220,fake,datasets/DF40/blendface/ff/frames/219_220/258.png
001885,FS,ff,DF40_TEST_FS_ff,mobileswap+ff+frames+351_346,fake,datasets/DF40/mobileswap/ff/frames/351_346/286.png
001886,FS,ff,DF40_TEST_FS_ff,inswap+ff+frames+924_917,fake,datasets/DF40/inswap/ff/frames/924_917/362.png
001887,FS,ff,DF40_TEST_FS_ff,inswap+ff+frames+421_423,fake,datasets/DF40/inswap/ff/frames/421_423/669.png
001888,FS,ff,DF40_TEST_FS_ff,mobileswap+ff+frames+243_156,fake,datasets/DF40/mobileswap/ff/frames/243_156/224.png
001889,FS,ff,DF40_TEST_FS_ff,e4s+ff+frames+705_707,fake,datasets/DF40/e4s/ff/frames/705_707/015.png
001890,FS,ff,DF40_TEST_FS_ff,mobileswap+ff+frames+430_459,fake,datasets/DF40/mobileswap/ff/frames/430_459/068.png
001891,FS,ff,DF40_TEST_FS_ff,mobileswap+ff+frames+907_795,fake,datasets/DF40/mobileswap/ff/frames/907_795/371.png
001892,FS,ff,DF40_TEST_FS_ff,mobileswap+ff+frames+188_191,fake,datasets/DF40/mobileswap/ff/frames/188_191/039.png
001893,FS,ff,DF40_TEST_FS_ff,mobileswap+ff+frames+391_406,fake,datasets/DF40/mobileswap/ff/frames/391_406/070.png
001894,FS,ff,DF40_TEST_FS_ff,facedancer+ff+frames+445_494,fake,datasets/DF40/facedancer/ff/frames/445_494/950.png
001895,FS,ff,DF40_TEST_FS_ff,fsgan+ff+frames+141_161,fake,datasets/DF40/fsgan/ff/frames/141_161/228.png
001896,FS,ff,DF40_TEST_FS_ff,mobileswap+ff+frames+400_476,fake,datasets/DF40/mobileswap/ff/frames/400_476/045.png
001897,FS,ff,DF40_TEST_FS_ff,e4s+ff+frames+974_953,fake,datasets/DF40/e4s/ff/frames/974_953/051.png
001898,FS,ff,DF40_TEST_FS_ff,fsgan+ff+frames+670_661,fake,datasets/DF40/fsgan/ff/frames/670_661/294.png
001899,FS,ff,DF40_TEST_FS_ff,mobileswap+ff+frames+256_146,fake,datasets/DF40/mobileswap/ff/frames/256_146/105.png
001900,FS,ff,DF40_TEST_FS_ff,mobileswap+ff+frames+686_696,fake,datasets/DF40/mobileswap/ff/frames/686_696/099.png
001901,FS,other,DF40_TEST_FS_other,deepfacelab+fake+frames+0027_0028,fake,datasets/DF40/deepfacelab/fake/frames/0027_0028/142.png
001902,FS,other,DF40_TEST_FS_other,deepfacelab+fake+frames+0026_0024,fake,datasets/DF40/deepfacelab/fake/frames/0026_0024/007.png
001903,FS,other,DF40_TEST_FS_other,deepfacelab+fake+frames+0037_0036,fake,datasets/DF40/deepfacelab/fake/frames/0037_0036/034.png
001904,FS,other,DF40_TEST_FS_other,deepfacelab+fake+frames+0011_0009,fake,datasets/DF40/deepfacelab/fake/frames/0011_0009/174.png
001905,FS,other,DF40_TEST_FS_other,deepfacelab+fake+frames+0014_0012,fake,datasets/DF40/deepfacelab/fake/frames/0014_0012/144.png
001906,FS,other,DF40_TEST_FS_other,deepfacelab+fake+frames+0018_0020,fake,datasets/DF40/deepfacelab/fake/frames/0018_0020/062.png
001907,FS,other,DF40_TEST_FS_other,deepfacelab+fake+frames+0035_0034,fake,datasets/DF40/deepfacelab/fake/frames/0035_0034/094.png
001908,FS,other,DF40_TEST_FS_other,deepfacelab+fake+frames+0015_0016,fake,datasets/DF40/deepfacelab/fake/frames/0015_0016/174.png
001909,FS,other,DF40_TEST_FS_other,deepfacelab+fake+frames+0025_0026,fake,datasets/DF40/deepfacelab/fake/frames/0025_0026/076.png
001910,FS,other,DF40_TEST_FS_other,deepfacelab+fake+frames+0031_0032,fake,datasets/DF40/deepfacelab/fake/frames/0031_0032/064.png
001911,FS,other,DF40_TEST_FS_other,deepfacelab+fake+frames+0036_0038,fake,datasets/DF40/deepfacelab/fake/frames/0036_0038/064.png
001912,FS,other,DF40_TEST_FS_other,deepfacelab+fake+frames+0043_0044,fake,datasets/DF40/deepfacelab/fake/frames/0043_0044/1054.png
001913,FS,other,DF40_TEST_FS_other,deepfacelab+fake+frames+0032_0016,fake,datasets/DF40/deepfacelab/fake/frames/0032_0016/128.png
001914,FS,other,DF40_TEST_FS_other,deepfacelab+fake+frames+0041_0040,fake,datasets/DF40/deepfacelab/fake/frames/0041_0040/000.png
001915,FS,other,DF40_TEST_FS_other,deepfacelab+fake+frames+0000_0002,fake,datasets/DF40/deepfacelab/fake/frames/0000_0002/206.png
001916,FS,other,DF40_TEST_FS_other,deepfacelab+fake+frames+0017_0016,fake,datasets/DF40/deepfacelab/fake/frames/0017_0016/010.png
001917,FS,other,DF40_TEST_FS_other,deepfacelab+fake+frames+0005_0004,fake,datasets/DF40/deepfacelab/fake/frames/0005_0004/114.png
001918,FS,other,DF40_TEST_FS_other,deepfacelab+fake+frames+0020_0019,fake,datasets/DF40/deepfacelab/fake/frames/0020_0019/017.png
001919,FS,other,DF40_TEST_FS_other,deepfacelab+fake+frames+0026_0025,fake,datasets/DF40/deepfacelab/fake/frames/0026_0025/045.png
001920,FS,other,DF40_TEST_FS_other,deepfacelab+fake+frames+0030_0031,fake,datasets/DF40/deepfacelab/fake/frames/0030_0031/128.png
001921,FS,other,DF40_TEST_FS_other,deepfacelab+fake+frames+0021_0023,fake,datasets/DF40/deepfacelab/fake/frames/0021_0023/098.png
001922,FS,other,DF40_TEST_FS_other,deepfacelab+fake+frames+0041_0039,fake,datasets/DF40/deepfacelab/fake/frames/0041_0039/660.png
001923,FS,other,DF40_TEST_FS_other,deepfacelab+fake+frames+0032_0031,fake,datasets/DF40/deepfacelab/fake/frames/0032_0031/116.png
001924,FS,other,DF40_TEST_FS_other,deepfacelab+fake+frames+0033_0034,fake,datasets/DF40/deepfacelab/fake/frames/0033_0034/075.png
001925,FS,other,DF40_TEST_FS_other,deepfacelab+fake+frames+0040_0039,fake,datasets/DF40/deepfacelab/fake/frames/0040_0039/359.png
001926,FS,other,DF40_TEST_FS_other,deepfacelab+fake+frames+0045_0047,fake,datasets/DF40/deepfacelab/fake/frames/0045_0047/780.png
001927,FS,other,DF40_TEST_FS_other,deepfacelab+fake+frames+0006_0008,fake,datasets/DF40/deepfacelab/fake/frames/0006_0008/031.png
001928,FS,other,DF40_TEST_FS_other,deepfacelab+fake+frames+0044_0043,fake,datasets/DF40/deepfacelab/fake/frames/0044_0043/811.png
001929,FS,other,DF40_TEST_FS_other,deepfacelab+fake+frames+0016_0015,fake,datasets/DF40/deepfacelab/fake/frames/0016_0015/107.png
001930,FS,other,DF40_TEST_FS_other,deepfacelab+fake+frames+0018_0019,fake,datasets/DF40/deepfacelab/fake/frames/0018_0019/261.png
001931,FS,other,DF40_TEST_FS_other,deepfacelab+fake+frames+0042_0043,fake,datasets/DF40/deepfacelab/fake/frames/0042_0043/1236.png
001932,FS,other,DF40_TEST_FS_other,deepfacelab+fake+frames+0016_0017,fake,datasets/DF40/deepfacelab/fake/frames/0016_0017/020.png
001933,FS,other,DF40_TEST_FS_other,deepfacelab+fake+frames+0011_0010,fake,datasets/DF40/deepfacelab/fake/frames/0011_0010/200.png
001934,FS,other,DF40_TEST_FS_other,deepfacelab+fake+frames+0047_0046,fake,datasets/DF40/deepfacelab/fake/frames/0047_0046/768.png
001935,FS,other,DF40_TEST_FS_other,deepfacelab+fake+frames+0013_0012,fake,datasets/DF40/deepfacelab/fake/frames/0013_0012/012.png
001936,FS,other,DF40_TEST_FS_other,deepfacelab+fake+frames+0038_0037,fake,datasets/DF40/deepfacelab/fake/frames/0038_0037/062.png
001937,FS,other,DF40_TEST_FS_other,deepfacelab+fake+frames+0031_0030,fake,datasets/DF40/deepfacelab/fake/frames/0031_0030/042.png
001938,FS,other,DF40_TEST_FS_other,deepfacelab+fake+frames+0004_0005,fake,datasets/DF40/deepfacelab/fake/frames/0004_0005/040.png
001939,FS,other,DF40_TEST_FS_other,deepfacelab+fake+frames+0048_0025,fake,datasets/DF40/deepfacelab/fake/frames/0048_0025/087.png
001940,FS,other,DF40_TEST_FS_other,deepfacelab+fake+frames+0008_0006,fake,datasets/DF40/deepfacelab/fake/frames/0008_0006/124.png
001941,FS,other,DF40_TEST_FS_other,deepfacelab+fake+frames+0045_0046,fake,datasets/DF40/deepfacelab/fake/frames/0045_0046/520.png
001942,FS,other,DF40_TEST_FS_other,deepfacelab+fake+frames+0042_0044,fake,datasets/DF40/deepfacelab/fake/frames/0042_0044/1108.png
001943,FS,other,DF40_TEST_FS_other,deepfacelab+fake+frames+0001_0002,fake,datasets/DF40/deepfacelab/fake/frames/0001_0002/092.png
001944,FS,other,DF40_TEST_FS_other,deepfacelab+fake+frames+0003_0004,fake,datasets/DF40/deepfacelab/fake/frames/0003_0004/142.png
001945,FS,other,DF40_TEST_FS_other,deepfacelab+fake+frames+0034_0035,fake,datasets/DF40/deepfacelab/fake/frames/0034_0035/019.png
001946,FS,other,DF40_TEST_FS_other,deepfacelab+fake+frames+0009_0010,fake,datasets/DF40/deepfacelab/fake/frames/0009_0010/094.png
001947,FS,other,DF40_TEST_FS_other,deepfacelab+fake+frames+0013_0014,fake,datasets/DF40/deepfacelab/fake/frames/0013_0014/300.png
001948,FS,other,DF40_TEST_FS_other,deepfacelab+fake+frames+0016_0032,fake,datasets/DF40/deepfacelab/fake/frames/0016_0032/000.png
001949,FS,other,DF40_TEST_FS_other,deepfacelab+fake+frames+0009_0011,fake,datasets/DF40/deepfacelab/fake/frames/0009_0011/123.png
001950,FS,other,DF40_TEST_FS_other,deepfacelab+fake+frames+0007_0008,fake,datasets/DF40/deepfacelab/fake/frames/0007_0008/020.png
001951,FS,other,DF40_TEST_FS_other,deepfacelab+fake+frames+0010_0009,fake,datasets/DF40/deepfacelab/fake/frames/0010_0009/029.png
001952,FS,other,DF40_TEST_FS_other,deepfacelab+fake+frames+0033_0035,fake,datasets/DF40/deepfacelab/fake/frames/0033_0035/050.png
001953,FS,other,DF40_TEST_FS_other,deepfacelab+fake+frames+0024_0026,fake,datasets/DF40/deepfacelab/fake/frames/0024_0026/210.png
001954,FS,other,DF40_TEST_FS_other,deepfacelab+fake+frames+0046_0047,fake,datasets/DF40/deepfacelab/fake/frames/0046_0047/331.png
001955,FS,other,DF40_TEST_FS_other,deepfacelab+fake+frames+0025_0024,fake,datasets/DF40/deepfacelab/fake/frames/0025_0024/096.png
001956,FS,other,DF40_TEST_FS_other,deepfacelab+fake+frames+0019_0018,fake,datasets/DF40/deepfacelab/fake/frames/0019_0018/088.png
001957,FS,other,DF40_TEST_FS_other,deepfacelab+fake+frames+0003_0005,fake,datasets/DF40/deepfacelab/fake/frames/0003_0005/147.png
001958,FS,other,DF40_TEST_FS_other,deepfacelab+fake+frames+0010_0011,fake,datasets/DF40/deepfacelab/fake/frames/0010_0011/000.png
001959,FS,other,DF40_TEST_FS_other,deepfacelab+fake+frames+0023_0022,fake,datasets/DF40/deepfacelab/fake/frames/0023_0022/132.png
001960,FS,other,DF40_TEST_FS_other,deepfacelab+fake+frames+0022_0023,fake,datasets/DF40/deepfacelab/fake/frames/0022_0023/332.png
001961,FS,other,DF40_TEST_FS_other,deepfacelab+fake+frames+0047_0045,fake,datasets/DF40/deepfacelab/fake/frames/0047_0045/717.png
001962,FS,other,DF40_TEST_FS_other,deepfacelab+fake+frames+0017_0015,fake,datasets/DF40/deepfacelab/fake/frames/0017_0015/039.png
001963,FS,other,DF40_TEST_FS_other,deepfacelab+fake+frames+0015_0017,fake,datasets/DF40/deepfacelab/fake/frames/0015_0017/041.png
001964,FS,other,DF40_TEST_FS_other,deepfacelab+fake+frames+0029_0027,fake,datasets/DF40/deepfacelab/fake/frames/0029_0027/055.png
001965,FS,other,DF40_TEST_FS_other,deepfacelab+fake+frames+0032_0030,fake,datasets/DF40/deepfacelab/fake/frames/0032_0030/098.png
001966,FS,other,DF40_TEST_FS_other,deepfacelab+fake+frames+0007_0006,fake,datasets/DF40/deepfacelab/fake/frames/0007_0006/087.png
001967,FS,other,DF40_TEST_FS_other,deepfacelab+fake+frames+0006_0007,fake,datasets/DF40/deepfacelab/fake/frames/0006_0007/089.png
001968,FS,other,DF40_TEST_FS_other,deepfacelab+fake+frames+0008_0007,fake,datasets/DF40/deepfacelab/fake/frames/0008_0007/216.png
001969,FS,other,DF40_TEST_FS_other,deepfacelab+fake+frames+0005_0003,fake,datasets/DF40/deepfacelab/fake/frames/0005_0003/048.png
001970,FS,other,DF40_TEST_FS_other,deepfacelab+fake+frames+0028_0029,fake,datasets/DF40/deepfacelab/fake/frames/0028_0029/028.png
001971,FS,other,DF40_TEST_FS_other,deepfacelab+fake+frames+0019_0020,fake,datasets/DF40/deepfacelab/fake/frames/0019_0020/076.png
001972,FS,other,DF40_TEST_FS_other,deepfacelab+fake+frames+0037_0038,fake,datasets/DF40/deepfacelab/fake/frames/0037_0038/045.png
001973,FS,other,DF40_TEST_FS_other,deepfacelab+fake+frames+0025_0048,fake,datasets/DF40/deepfacelab/fake/frames/0025_0048/081.png
001974,FS,other,DF40_TEST_FS_other,deepfacelab+fake+frames+0021_0022,fake,datasets/DF40/deepfacelab/fake/frames/0021_0022/121.png
001975,FS,other,DF40_TEST_FS_other,deepfacelab+fake+frames+0044_0042,fake,datasets/DF40/deepfacelab/fake/frames/0044_0042/663.png
001976,FS,other,DF40_TEST_FS_other,deepfacelab+fake+frames+0001_0000,fake,datasets/DF40/deepfacelab/fake/frames/0001_0000/049.png
001977,FS,other,DF40_TEST_FS_other,deepfacelab+fake+frames+0022_0021,fake,datasets/DF40/deepfacelab/fake/frames/0022_0021/310.png
001978,FS,other,DF40_TEST_FS_other,deepfacelab+fake+frames+0035_0033,fake,datasets/DF40/deepfacelab/fake/frames/0035_0033/047.png
001979,FS,other,DF40_TEST_FS_other,deepfacelab+fake+frames+0000_0001,fake,datasets/DF40/deepfacelab/fake/frames/0000_0001/009.png
001980,FS,other,DF40_TEST_FS_other,deepfacelab+fake+frames+0012_0013,fake,datasets/DF40/deepfacelab/fake/frames/0012_0013/202.png
001981,FS,other,DF40_TEST_FS_other,deepfacelab+fake+frames+0027_0029,fake,datasets/DF40/deepfacelab/fake/frames/0027_0029/068.png
001982,FS,other,DF40_TEST_FS_other,deepfacelab+fake+frames+0002_0000,fake,datasets/DF40/deepfacelab/fake/frames/0002_0000/164.png
001983,FS,other,DF40_TEST_FS_other,deepfacelab+fake+frames+0002_0001,fake,datasets/DF40/deepfacelab/fake/frames/0002_0001/180.png
001984,FS,other,DF40_TEST_FS_other,deepfacelab+fake+frames+0012_0014,fake,datasets/DF40/deepfacelab/fake/frames/0012_0014/107.png
001985,FS,other,DF40_TEST_FS_other,deepfacelab+fake+frames+0023_0021,fake,datasets/DF40/deepfacelab/fake/frames/0023_0021/139.png
001986,FS,other,DF40_TEST_FS_other,deepfacelab+fake+frames+0039_0041,fake,datasets/DF40/deepfacelab/fake/frames/0039_0041/003.png
001987,FS,other,DF40_TEST_FS_other,deepfacelab+fake+frames+0020_0018,fake,datasets/DF40/deepfacelab/fake/frames/0020_0018/021.png
001988,FS,other,DF40_TEST_FS_other,deepfacelab+fake+frames+0024_0025,fake,datasets/DF40/deepfacelab/fake/frames/0024_0025/036.png
001989,FS,other,DF40_TEST_FS_other,deepfacelab+fake+frames+0028_0027,fake,datasets/DF40/deepfacelab/fake/frames/0028_0027/127.png
001990,FS,other,DF40_TEST_FS_other,deepfacelab+fake+frames+0034_0033,fake,datasets/DF40/deepfacelab/fake/frames/0034_0033/049.png
001991,FS,other,DF40_TEST_FS_other,deepfacelab+fake+frames+0030_0032,fake,datasets/DF40/deepfacelab/fake/frames/0030_0032/009.png
001992,FS,other,DF40_TEST_FS_other,deepfacelab+fake+frames+0040_0041,fake,datasets/DF40/deepfacelab/fake/frames/0040_0041/879.png
001993,FS,other,DF40_TEST_FS_other,deepfacelab+fake+frames+0014_0013,fake,datasets/DF40/deepfacelab/fake/frames/0014_0013/098.png
001994,FS,other,DF40_TEST_FS_other,deepfacelab+fake+frames+0004_0003,fake,datasets/DF40/deepfacelab/fake/frames/0004_0003/014.png
001995,FS,other,DF40_TEST_FS_other,deepfacelab+fake+frames+0043_0042,fake,datasets/DF40/deepfacelab/fake/frames/0043_0042/836.png
001996,FS,other,DF40_TEST_FS_other,deepfacelab+fake+frames+0046_0045,fake,datasets/DF40/deepfacelab/fake/frames/0046_0045/154.png
001997,FS,other,DF40_TEST_FS_other,deepfacelab+fake+frames+0036_0037,fake,datasets/DF40/deepfacelab/fake/frames/0036_0037/076.png
001998,FS,other,DF40_TEST_FS_other,deepfacelab+fake+frames+0029_0028,fake,datasets/DF40/deepfacelab/fake/frames/0029_0028/130.png
001999,FS,other,DF40_TEST_FS_other,deepfacelab+fake+frames+0039_0040,fake,datasets/DF40/deepfacelab/fake/frames/0039_0040/033.png
002000,FS,other,DF40_TEST_FS_other,deepfacelab+fake+frames+0038_0036,fake,datasets/DF40/deepfacelab/fake/frames/0038_0036/035.png
