origin_model,target_model,mean_false,mean_true,diff
fr_deit_ALL,fr_deit_EFS,0.6466809421841542,0.9506966773847804,0.3040157352006262
fr_deit_ALL,fr_deit_FE,0.3735875706214689,0.403954802259887,0.03036723163841809
fr_deit_ALL,fr_deit_FR,0.3401162790697674,0.875,0.5348837209302326
fr_deit_ALL,fr_deit_FS,0.7237237237237237,0.986986986986987,0.2632632632632632
fr_deit_ALL,fr_efficientnetb4_ALL,0.0008230452674897,0.2691358024691358,0.2683127572016461
fr_deit_ALL,fr_efficientnetb4_EFS,0.0,0.5724381625441696,0.5724381625441696
fr_deit_ALL,fr_efficientnetb4_FE,0.0,0.0588235294117647,0.0588235294117647
fr_deit_ALL,fr_efficientnetb4_FR,0.0,0.0579268292682926,0.0579268292682926
fr_deit_ALL,fr_efficientnetb4_FS,0.0,0.2714285714285714,0.2714285714285714
fr_deit_ALL,fr_resnet34_ALL,0.0,0.5857359635811836,0.5857359635811836
fr_deit_ALL,fr_resnet34_EFS,0.0,0.3567335243553008,0.3567335243553008
fr_deit_ALL,fr_resnet34_FE,0.0050107372942018,0.1801286633309506,0.1751179260367488
fr_deit_ALL,fr_resnet34_FR,0.0,0.3410852713178294,0.3410852713178294
fr_deit_ALL,fr_resnet34_FS,0.0,0.3179765130984643,0.3179765130984643
fr_deit_ALL,fr_swin_ALL,0.005921539600296,0.8223538119911177,0.8164322723908217
fr_deit_ALL,fr_swin_EFS,0.0145175064047822,0.6754910333048676,0.6609735269000854
fr_deit_ALL,fr_swin_FE,0.4043433298862461,0.5853154084798345,0.18097207859358844
fr_deit_ALL,fr_swin_FR,0.0111788617886178,0.7378048780487805,0.7266260162601627
fr_deit_ALL,fr_swin_FS,0.0502692998204667,0.822262118491921,0.7719928186714543
fr_deit_ALL,fr_vit_ALL,0.0370174510840825,0.5319936541512428,0.4949762030671603
fr_deit_ALL,fr_vit_EFS,0.2535885167464115,0.9090909090909092,0.6555023923444977
fr_deit_ALL,fr_vit_FE,0.261574074074074,0.6003086419753086,0.33873456790123463
fr_deit_ALL,fr_vit_FR,0.3566621803499327,0.8088829071332436,0.45222072678331093
fr_deit_ALL,fr_vit_FS,0.093841642228739,0.6991202346041056,0.6052785923753665
fr_deit_ALL,fr_xception_ALL,0.0,0.0423778693349028,0.0423778693349028
fr_deit_ALL,fr_xception_EFS,0.0,0.315126050420168,0.315126050420168
fr_deit_ALL,fr_xception_FE,0.0,0.0996204933586337,0.0996204933586337
fr_deit_ALL,fr_xception_FR,0.0,0.1746031746031746,0.1746031746031746
fr_deit_ALL,fr_xception_FS,0.0,0.5948051948051948,0.5948051948051948
fr_deit_ALL,imgnet_deit_ALL,0.0006045949214026,0.072595281306715,0.07199068638531239
fr_deit_ALL,imgnet_deit_EFS,0.00078125,0.0905542544886807,0.0897730044886807
fr_deit_ALL,imgnet_deit_FE,0.0072727272727272,0.2290909090909091,0.2218181818181819
fr_deit_ALL,imgnet_deit_FR,0.0,0.0146892655367231,0.0146892655367231
fr_deit_ALL,imgnet_deit_FS,0.0007627765064836,0.0129870129870129,0.0122242364805293
fr_deit_ALL,imgnet_efficientnetb4_ALL,0.0037115588547189,0.0275715800636267,0.0238600212089078
fr_deit_ALL,imgnet_efficientnetb4_EFS,0.004118050789293,0.1337448559670782,0.1296268051777852
fr_deit_ALL,imgnet_efficientnetb4_FE,0.0098939929328621,0.1392226148409894,0.1293286219081273
fr_deit_ALL,imgnet_efficientnetb4_FR,0.0,0.0135891286970423,0.0135891286970423
fr_deit_ALL,imgnet_efficientnetb4_FS,0.0,0.0031662269129287,0.0031662269129287
fr_deit_ALL,imgnet_resnet34_ALL,0.0262820512820512,0.148076923076923,0.12179487179487179
fr_deit_ALL,imgnet_resnet34_EFS,0.0008156606851549,0.3091353996737357,0.30831973898858084
fr_deit_ALL,imgnet_resnet34_FE,0.0,0.0696761530912659,0.0696761530912659
fr_deit_ALL,imgnet_resnet34_FR,0.0,0.0023942537909018,0.0023942537909018
fr_deit_ALL,imgnet_resnet34_FS,0.0012406947890818,0.0719602977667493,0.0707196029776675
fr_deit_ALL,imgnet_swin_ALL,0.0,0.0431614349775784,0.0431614349775784
fr_deit_ALL,imgnet_swin_EFS,0.0,0.1409594095940959,0.1409594095940959
fr_deit_ALL,imgnet_swin_FE,0.0,0.0203426124197002,0.0203426124197002
fr_deit_ALL,imgnet_swin_FR,0.0,0.0030165912518853,0.0030165912518853
fr_deit_ALL,imgnet_swin_FS,0.0025062656641604,0.0883458646616541,0.0858395989974937
fr_deit_ALL,imgnet_vit_ALL,0.0,0.031942297784647,0.031942297784647
fr_deit_ALL,imgnet_vit_EFS,0.0,0.0888888888888888,0.0888888888888888
fr_deit_ALL,imgnet_vit_FE,0.001885014137606,0.3,0.298114985862394
fr_deit_ALL,imgnet_vit_FR,0.0,0.0017777777777777,0.0017777777777777
fr_deit_ALL,imgnet_vit_FS,0.0,0.0822147651006711,0.0822147651006711
fr_deit_ALL,imgnet_xception_ALL,0.0187121629058888,0.1569383259911894,0.1382261630853006
fr_deit_ALL,imgnet_xception_EFS,0.0024615384615384,0.0381773399014778,0.0357158014399394
fr_deit_ALL,imgnet_xception_FE,0.0007535795026375,0.1076807228915662,0.1069271433889287
fr_deit_ALL,imgnet_xception_FR,0.0086206896551724,0.0006161429451632,-0.0080045467100092
fr_deit_ALL,imgnet_xception_FS,0.0129796839729119,0.110609480812641,0.09762979683972911
fr_deit_EFS,fr_deit_ALL,0.4875621890547263,0.8734896943852167,0.3859275053304904
fr_deit_EFS,fr_deit_FE,0.3043785310734463,0.1016949152542373,-0.20268361581920902
fr_deit_EFS,fr_deit_FR,0.3643410852713178,0.7054263565891473,0.3410852713178295
fr_deit_EFS,fr_deit_FS,0.4624624624624625,0.95995995995996,0.4974974974974975
fr_deit_EFS,fr_efficientnetb4_ALL,0.0008230452674897,0.0329218106995884,0.0320987654320987
fr_deit_EFS,fr_efficientnetb4_EFS,0.0176678445229682,0.326266195524146,0.3085983510011778
fr_deit_EFS,fr_efficientnetb4_FE,0.0,0.0220588235294117,0.0220588235294117
fr_deit_EFS,fr_efficientnetb4_FR,0.0,0.0076219512195121,0.0076219512195121
fr_deit_EFS,fr_efficientnetb4_FS,0.0,0.0162337662337662,0.0162337662337662
fr_deit_EFS,fr_resnet34_ALL,0.0007581501137225,0.338391502276176,0.3376333521624535
fr_deit_EFS,fr_resnet34_EFS,0.0,0.3080229226361031,0.3080229226361031
fr_deit_EFS,fr_resnet34_FE,0.0057265569076592,0.1250893495353824,0.11936279262772319
fr_deit_EFS,fr_resnet34_FR,0.0,0.082687338501292,0.082687338501292
fr_deit_EFS,fr_resnet34_FS,0.0,0.025293586269196,0.025293586269196
fr_deit_EFS,fr_swin_ALL,0.0125832716506291,0.6469282013323464,0.6343449296817173
fr_deit_EFS,fr_swin_EFS,0.0247651579846285,0.8044406490179334,0.7796754910333049
fr_deit_EFS,fr_swin_FE,0.2471561530506721,0.3412616339193381,0.09410548086866602
fr_deit_EFS,fr_swin_FR,0.016260162601626,0.431910569105691,0.415650406504065
fr_deit_EFS,fr_swin_FS,0.0053859964093357,0.4272890484739677,0.421903052064632
fr_deit_EFS,fr_vit_ALL,0.0248545742993125,0.2860920148069804,0.2612374405076679
fr_deit_EFS,fr_vit_EFS,0.3885167464114832,0.9578947368421052,0.569377990430622
fr_deit_EFS,fr_vit_FE,0.1782407407407407,0.3449074074074074,0.16666666666666669
fr_deit_EFS,fr_vit_FR,0.2557200538358008,0.6433378196500673,0.3876177658142665
fr_deit_EFS,fr_vit_FS,0.0222873900293255,0.313782991202346,0.2914956011730205
fr_deit_EFS,fr_xception_ALL,0.0,0.0,0.0
fr_deit_EFS,fr_xception_EFS,0.0,0.1327731092436974,0.1327731092436974
fr_deit_EFS,fr_xception_FE,0.0,0.0294117647058823,0.0294117647058823
fr_deit_EFS,fr_xception_FR,0.0,0.0158730158730158,0.0158730158730158
fr_deit_EFS,fr_xception_FS,0.0,0.0779220779220779,0.0779220779220779
fr_deit_EFS,imgnet_deit_ALL,0.0,0.0127041742286751,0.0127041742286751
fr_deit_EFS,imgnet_deit_EFS,0.0,0.0179547228727556,0.0179547228727556
fr_deit_EFS,imgnet_deit_FE,0.009090909090909,0.0709090909090909,0.0618181818181819
fr_deit_EFS,imgnet_deit_FR,0.0,0.0,0.0
fr_deit_EFS,imgnet_deit_FS,0.0,0.0,0.0
fr_deit_EFS,imgnet_efficientnetb4_ALL,0.0037115588547189,0.0143160127253446,0.0106044538706257
fr_deit_EFS,imgnet_efficientnetb4_EFS,0.0034317089910775,0.0493827160493827,0.045951007058305196
fr_deit_EFS,imgnet_efficientnetb4_FE,0.0042402826855123,0.0551236749116607,0.050883392226148405
fr_deit_EFS,imgnet_efficientnetb4_FR,0.0,0.0047961630695443,0.0047961630695443
fr_deit_EFS,imgnet_efficientnetb4_FS,0.0,0.0,0.0
fr_deit_EFS,imgnet_resnet34_ALL,0.016025641025641,0.0653846153846153,0.04935897435897431
fr_deit_EFS,imgnet_resnet34_EFS,0.0,0.1468189233278956,0.1468189233278956
fr_deit_EFS,imgnet_resnet34_FE,0.0,0.0098135426889106,0.0098135426889106
fr_deit_EFS,imgnet_resnet34_FR,0.0,0.0,0.0
fr_deit_EFS,imgnet_resnet34_FS,0.0,0.0167493796526054,0.0167493796526054
fr_deit_EFS,imgnet_swin_ALL,0.0,0.0044843049327354,0.0044843049327354
fr_deit_EFS,imgnet_swin_EFS,0.0007380073800738,0.059040590405904,0.058302583025830204
fr_deit_EFS,imgnet_swin_FE,0.0,0.006423982869379,0.006423982869379
fr_deit_EFS,imgnet_swin_FR,0.0,0.0,0.0
fr_deit_EFS,imgnet_swin_FS,0.0,0.0050125313283208,0.0050125313283208
fr_deit_EFS,imgnet_vit_ALL,0.0,0.0020607934054611,0.0020607934054611
fr_deit_EFS,imgnet_vit_EFS,0.0006944444444444,0.0548611111111111,0.054166666666666696
fr_deit_EFS,imgnet_vit_FE,0.000942507068803,0.1028301886792452,0.1018876816104422
fr_deit_EFS,imgnet_vit_FR,0.0,0.0,0.0
fr_deit_EFS,imgnet_vit_FS,0.0,0.0008389261744966,0.0008389261744966
fr_deit_EFS,imgnet_xception_ALL,0.0198128783709411,0.0605726872246696,0.0407598088537285
fr_deit_EFS,imgnet_xception_EFS,0.0067692307692307,0.001847290640394,-0.0049219401288367005
fr_deit_EFS,imgnet_xception_FE,0.0030143180105501,0.029367469879518,0.0263531518689679
fr_deit_EFS,imgnet_xception_FR,0.0086206896551724,0.0,-0.0086206896551724
fr_deit_EFS,imgnet_xception_FS,0.0169300225733634,0.0169300225733634,0.0
fr_deit_FE,fr_deit_ALL,0.5088841506751954,0.7142857142857143,0.20540156361051887
fr_deit_FE,fr_deit_EFS,0.5074946466809421,0.6816720257234726,0.1741773790425305
fr_deit_FE,fr_deit_FR,0.2587209302325581,0.2596899224806202,0.0009689922480620727
fr_deit_FE,fr_deit_FS,0.5815815815815816,0.7157157157157157,0.1341341341341341
fr_deit_FE,fr_efficientnetb4_ALL,0.0008230452674897,0.0016460905349794,0.0008230452674897
fr_deit_FE,fr_efficientnetb4_EFS,0.0023557126030624,0.2732626619552414,0.270906949352179
fr_deit_FE,fr_efficientnetb4_FE,0.0044117647058823,0.3764705882352941,0.37205882352941183
fr_deit_FE,fr_efficientnetb4_FR,0.0,0.0076219512195121,0.0076219512195121
fr_deit_FE,fr_efficientnetb4_FS,0.0,0.0084415584415584,0.0084415584415584
fr_deit_FE,fr_resnet34_ALL,0.0,0.0880121396054628,0.0880121396054628
fr_deit_FE,fr_resnet34_EFS,0.0,0.0128939828080229,0.0128939828080229
fr_deit_FE,fr_resnet34_FE,0.0286327845382963,0.4939242315939957,0.46529144705569936
fr_deit_FE,fr_resnet34_FR,0.0,0.016365202411714,0.016365202411714
fr_deit_FE,fr_resnet34_FS,0.0,0.012646793134598,0.012646793134598
fr_deit_FE,fr_swin_ALL,0.005921539600296,0.4145077720207253,0.4085862324204293
fr_deit_FE,fr_swin_EFS,0.0076857386848847,0.336464560204953,0.3287788215200683
fr_deit_FE,fr_swin_FE,0.4746639089968976,0.9317476732161324,0.4570837642192348
fr_deit_FE,fr_swin_FR,0.008130081300813,0.1361788617886178,0.1280487804878048
fr_deit_FE,fr_swin_FS,0.0143626570915619,0.2405745062836624,0.2262118491921005
fr_deit_FE,fr_vit_ALL,0.0703331570597567,0.2263352723426758,0.1560021152829191
fr_deit_FE,fr_vit_EFS,0.2497607655502392,0.7358851674641148,0.4861244019138756
fr_deit_FE,fr_vit_FE,0.5131172839506173,0.9243827160493828,0.41126543209876554
fr_deit_FE,fr_vit_FR,0.1561238223418573,0.2718707940780619,0.11574697173620463
fr_deit_FE,fr_vit_FS,0.0299120234604105,0.2457478005865102,0.2158357771260997
fr_deit_FE,fr_xception_ALL,0.0,0.0,0.0
fr_deit_FE,fr_xception_EFS,0.0,0.0235294117647058,0.0235294117647058
fr_deit_FE,fr_xception_FE,0.0037950664136622,0.3643263757115749,0.3605313092979127
fr_deit_FE,fr_xception_FR,0.0,0.0008818342151675,0.0008818342151675
fr_deit_FE,fr_xception_FS,0.0,0.0502164502164502,0.0502164502164502
fr_deit_FE,imgnet_deit_ALL,0.0,0.0012099213551119,0.0012099213551119
fr_deit_FE,imgnet_deit_EFS,0.0,0.0046838407494145,0.0046838407494145
fr_deit_FE,imgnet_deit_FE,0.01,0.1463636363636363,0.1363636363636363
fr_deit_FE,imgnet_deit_FR,0.0,0.0011299435028248,0.0011299435028248
fr_deit_FE,imgnet_deit_FS,0.0,0.0,0.0
fr_deit_FE,imgnet_efficientnetb4_ALL,0.0106044538706256,0.0074231177094379,-0.0031813361611876994
fr_deit_FE,imgnet_efficientnetb4_EFS,0.005490734385724,0.022633744855967,0.017143010470242998
fr_deit_FE,imgnet_efficientnetb4_FE,0.007773851590106,0.2254416961130742,0.21766784452296822
fr_deit_FE,imgnet_efficientnetb4_FR,0.0,0.0015987210231814,0.0015987210231814
fr_deit_FE,imgnet_efficientnetb4_FS,0.0,0.0005277044854881,0.0005277044854881
fr_deit_FE,imgnet_resnet34_ALL,0.041025641025641,0.0064102564102564,-0.034615384615384596
fr_deit_FE,imgnet_resnet34_EFS,0.0,0.066068515497553,0.066068515497553
fr_deit_FE,imgnet_resnet34_FE,0.0,0.0274779195289499,0.0274779195289499
fr_deit_FE,imgnet_resnet34_FR,0.0015948963317384,0.0,-0.0015948963317384
fr_deit_FE,imgnet_resnet34_FS,0.0006203473945409,0.0043424317617866,0.0037220843672456996
fr_deit_FE,imgnet_swin_ALL,0.0,0.0039237668161434,0.0039237668161434
fr_deit_FE,imgnet_swin_EFS,0.0,0.0324723247232472,0.0324723247232472
fr_deit_FE,imgnet_swin_FE,0.0,0.0524625267665952,0.0524625267665952
fr_deit_FE,imgnet_swin_FR,0.0,0.0,0.0
fr_deit_FE,imgnet_swin_FS,0.0031328320802005,0.006265664160401,0.0031328320802005
fr_deit_FE,imgnet_vit_ALL,0.0,0.0030911901081916,0.0030911901081916
fr_deit_FE,imgnet_vit_EFS,0.0006944444444444,0.0277777777777777,0.0270833333333333
fr_deit_FE,imgnet_vit_FE,0.000942507068803,0.1943396226415094,0.1933971155727064
fr_deit_FE,imgnet_vit_FR,0.0,0.0,0.0
fr_deit_FE,imgnet_vit_FS,0.0,0.0008389261744966,0.0008389261744966
fr_deit_FE,imgnet_xception_ALL,0.0203632361034672,0.0148678414096916,-0.0054953946937756
fr_deit_FE,imgnet_xception_EFS,0.0043076923076923,0.0,-0.0043076923076923
fr_deit_FE,imgnet_xception_FE,0.0052750565184626,0.1227409638554216,0.117465907336959
fr_deit_FE,imgnet_xception_FR,0.0036945812807881,0.0,-0.0036945812807881
fr_deit_FE,imgnet_xception_FS,0.010158013544018,0.0095936794582392,-0.0005643340857787987
fr_deit_FR,fr_deit_ALL,0.5174129353233831,0.8649609097370291,0.34754797441364604
fr_deit_FR,fr_deit_EFS,0.5,0.7502679528403001,0.2502679528403001
fr_deit_FR,fr_deit_FE,0.0819209039548022,0.0572033898305084,-0.0247175141242938
fr_deit_FR,fr_deit_FS,0.5785785785785785,0.961961961961962,0.3833833833833835
fr_deit_FR,fr_efficientnetb4_ALL,0.0008230452674897,0.0106995884773662,0.0098765432098765
fr_deit_FR,fr_efficientnetb4_EFS,0.0011778563015312,0.1978798586572438,0.1967020023557126
fr_deit_FR,fr_efficientnetb4_FE,0.0014705882352941,0.0102941176470588,0.0088235294117647
fr_deit_FR,fr_efficientnetb4_FR,0.0,0.0670731707317073,0.0670731707317073
fr_deit_FR,fr_efficientnetb4_FS,0.0,0.0818181818181818,0.0818181818181818
fr_deit_FR,fr_resnet34_ALL,0.0,0.2579666160849772,0.2579666160849772
fr_deit_FR,fr_resnet34_EFS,0.0,0.0873925501432664,0.0873925501432664
fr_deit_FR,fr_resnet34_FE,0.0078740157480314,0.1515368120085775,0.1436627962605461
fr_deit_FR,fr_resnet34_FR,0.0,0.4160206718346253,0.4160206718346253
fr_deit_FR,fr_resnet34_FS,0.0,0.028906955736224,0.028906955736224
fr_deit_FR,fr_swin_ALL,0.00740192450037,0.5751295336787565,0.5677276091783865
fr_deit_FR,fr_swin_EFS,0.0204953031596925,0.4816396242527754,0.4611443210930829
fr_deit_FR,fr_swin_FE,0.1602895553257497,0.3671147880041365,0.2068252326783868
fr_deit_FR,fr_swin_FR,0.0660569105691056,0.8089430894308943,0.7428861788617888
fr_deit_FR,fr_swin_FS,0.0143626570915619,0.4470377019748653,0.4326750448833034
fr_deit_FR,fr_vit_ALL,0.0428344791115811,0.3178212585933369,0.27498677948175576
fr_deit_FR,fr_vit_EFS,0.1674641148325359,0.7770334928229665,0.6095693779904306
fr_deit_FR,fr_vit_FE,0.040895061728395,0.0524691358024691,0.011574074074074098
fr_deit_FR,fr_vit_FR,0.5262449528936743,0.8559892328398385,0.3297442799461642
fr_deit_FR,fr_vit_FS,0.0240469208211143,0.3173020527859237,0.2932551319648094
fr_deit_FR,fr_xception_ALL,0.0,0.0011771630370806,0.0011771630370806
fr_deit_FR,fr_xception_EFS,0.0,0.0579831932773109,0.0579831932773109
fr_deit_FR,fr_xception_FE,0.0,0.0047438330170777,0.0047438330170777
fr_deit_FR,fr_xception_FR,0.0,0.0846560846560846,0.0846560846560846
fr_deit_FR,fr_xception_FS,0.0,0.2883116883116883,0.2883116883116883
fr_deit_FR,imgnet_deit_ALL,0.0006045949214026,0.0393224440411373,0.0387178491197347
fr_deit_FR,imgnet_deit_EFS,0.0,0.0437158469945355,0.0437158469945355
fr_deit_FR,imgnet_deit_FE,0.009090909090909,0.1972727272727272,0.1881818181818182
fr_deit_FR,imgnet_deit_FR,0.0,0.03954802259887,0.03954802259887
fr_deit_FR,imgnet_deit_FS,0.0,0.001527883880825,0.001527883880825
fr_deit_FR,imgnet_efficientnetb4_ALL,0.0090137857900318,0.0397667020148462,0.0307529162248144
fr_deit_FR,imgnet_efficientnetb4_EFS,0.0020590253946465,0.0768175582990397,0.0747585329043932
fr_deit_FR,imgnet_efficientnetb4_FE,0.0056537102473498,0.07773851590106,0.0720848056537102
fr_deit_FR,imgnet_efficientnetb4_FR,0.0007993605115907,0.0815347721822542,0.0807354116706635
fr_deit_FR,imgnet_efficientnetb4_FS,0.0,0.0010554089709762,0.0010554089709762
fr_deit_FR,imgnet_resnet34_ALL,0.0506410256410256,0.1288461538461538,0.0782051282051282
fr_deit_FR,imgnet_resnet34_EFS,0.0,0.1745513866231647,0.1745513866231647
fr_deit_FR,imgnet_resnet34_FE,0.0,0.0206084396467124,0.0206084396467124
fr_deit_FR,imgnet_resnet34_FR,0.0,0.0079808459696727,0.0079808459696727
fr_deit_FR,imgnet_resnet34_FS,0.0,0.0148883374689826,0.0148883374689826
fr_deit_FR,imgnet_swin_ALL,0.0005605381165919,0.0235426008968609,0.022982062780269
fr_deit_FR,imgnet_swin_EFS,0.0,0.0797047970479704,0.0797047970479704
fr_deit_FR,imgnet_swin_FE,0.0,0.006423982869379,0.006423982869379
fr_deit_FR,imgnet_swin_FR,0.0,0.006787330316742,0.006787330316742
fr_deit_FR,imgnet_swin_FS,0.0025062656641604,0.0269423558897243,0.024436090225563898
fr_deit_FR,imgnet_vit_ALL,0.0,0.0087583719732096,0.0087583719732096
fr_deit_FR,imgnet_vit_EFS,0.0,0.0416666666666666,0.0416666666666666
fr_deit_FR,imgnet_vit_FE,0.002827521206409,0.2018867924528302,0.1990592712464212
fr_deit_FR,imgnet_vit_FR,0.0,0.0044444444444444,0.0044444444444444
fr_deit_FR,imgnet_vit_FS,0.0,0.0067114093959731,0.0067114093959731
fr_deit_FR,imgnet_xception_ALL,0.0291689598238855,0.0941629955947136,0.0649940357708281
fr_deit_FR,imgnet_xception_EFS,0.0036923076923076,0.0116995073891625,0.0080071996968549
fr_deit_FR,imgnet_xception_FE,0.0007535795026375,0.0278614457831325,0.027107866280495
fr_deit_FR,imgnet_xception_FR,0.0116995073891625,0.0,-0.0116995073891625
fr_deit_FR,imgnet_xception_FS,0.0112866817155756,0.0547404063205417,0.043453724604966104
fr_deit_FS,fr_deit_ALL,0.4982231698649609,0.7782515991471215,0.2800284292821606
fr_deit_FS,fr_deit_EFS,0.5513918629550322,0.759914255091104,0.20852239213607182
fr_deit_FS,fr_deit_FE,0.1913841807909604,0.0967514124293785,-0.0946327683615819
fr_deit_FS,fr_deit_FR,0.4428294573643411,0.5901162790697675,0.1472868217054264
fr_deit_FS,fr_efficientnetb4_ALL,0.0008230452674897,0.0057613168724279,0.0049382716049381995
fr_deit_FS,fr_efficientnetb4_EFS,0.0,0.0435806831566548,0.0435806831566548
fr_deit_FS,fr_efficientnetb4_FE,0.0,0.0044117647058823,0.0044117647058823
fr_deit_FS,fr_efficientnetb4_FR,0.0,0.0060975609756097,0.0060975609756097
fr_deit_FS,fr_efficientnetb4_FS,0.0019467878001297,0.135064935064935,0.1331181472648053
fr_deit_FS,fr_resnet34_ALL,0.0007581501137225,0.2253414264036418,0.2245832762899193
fr_deit_FS,fr_resnet34_EFS,0.0,0.0100286532951289,0.0100286532951289
fr_deit_FS,fr_resnet34_FE,0.0078740157480314,0.0407433881343817,0.0328693723863503
fr_deit_FS,fr_resnet34_FR,0.0,0.0137812230835486,0.0137812230835486
fr_deit_FS,fr_resnet34_FS,0.0,0.2917795844625113,0.2917795844625113
fr_deit_FS,fr_swin_ALL,0.0199851961509992,0.4100666173205033,0.3900814211695041
fr_deit_FS,fr_swin_EFS,0.0170794192997438,0.2869342442356959,0.2698548249359521
fr_deit_FS,fr_swin_FE,0.1540847983453981,0.4115822130299896,0.25749741468459153
fr_deit_FS,fr_swin_FR,0.0182926829268292,0.3160569105691057,0.2977642276422765
fr_deit_FS,fr_swin_FS,0.118491921005386,0.9389587073608616,0.8204667863554757
fr_deit_FS,fr_vit_ALL,0.0253833950290851,0.2437863564251718,0.2184029613960867
fr_deit_FS,fr_vit_EFS,0.1588516746411483,0.7655502392344498,0.6066985645933014
fr_deit_FS,fr_vit_FE,0.0694444444444444,0.2152777777777778,0.14583333333333337
fr_deit_FS,fr_vit_FR,0.2032301480484522,0.5841184387617766,0.3808882907133244
fr_deit_FS,fr_vit_FS,0.1026392961876832,0.8510263929618769,0.7483870967741937
fr_deit_FS,fr_xception_ALL,0.0,0.0,0.0
fr_deit_FS,fr_xception_EFS,0.0,0.0067226890756302,0.0067226890756302
fr_deit_FS,fr_xception_FE,0.0009487666034155,0.0009487666034155,0.0
fr_deit_FS,fr_xception_FR,0.0008826125330979,0.0044091710758377,0.0035265585427397997
fr_deit_FS,fr_xception_FS,0.0,0.3385281385281385,0.3385281385281385
fr_deit_FS,imgnet_deit_ALL,0.0006045949214026,0.013309134906231,0.0127045399848284
fr_deit_FS,imgnet_deit_EFS,0.0,0.0039032006245121,0.0039032006245121
fr_deit_FS,imgnet_deit_FE,0.0081818181818181,0.0309090909090909,0.0227272727272728
fr_deit_FS,imgnet_deit_FR,0.0,0.0,0.0
fr_deit_FS,imgnet_deit_FS,0.0,0.0022918258212375,0.0022918258212375
fr_deit_FS,imgnet_efficientnetb4_ALL,0.0058324496288441,0.0084835630965005,0.0026511134676564
fr_deit_FS,imgnet_efficientnetb4_EFS,0.005490734385724,0.0205761316872428,0.015085397301518798
fr_deit_FS,imgnet_efficientnetb4_FE,0.004946996466431,0.0169611307420494,0.012014134275618399
fr_deit_FS,imgnet_efficientnetb4_FR,0.0,0.0047961630695443,0.0047961630695443
fr_deit_FS,imgnet_efficientnetb4_FS,0.0,0.0,0.0
fr_deit_FS,imgnet_resnet34_ALL,0.0326923076923076,0.0692307692307692,0.03653846153846161
fr_deit_FS,imgnet_resnet34_EFS,0.0016313213703099,0.0464926590538336,0.044861337683523704
fr_deit_FS,imgnet_resnet34_FE,0.0,0.0,0.0
fr_deit_FS,imgnet_resnet34_FR,0.0023923444976076,0.0,-0.0023923444976076
fr_deit_FS,imgnet_resnet34_FS,0.0006203473945409,0.0390818858560794,0.0384615384615385
fr_deit_FS,imgnet_swin_ALL,0.0011210762331838,0.0112107623318385,0.0100896860986547
fr_deit_FS,imgnet_swin_EFS,0.0,0.0095940959409594,0.0095940959409594
fr_deit_FS,imgnet_swin_FE,0.0,0.0010706638115631,0.0010706638115631
fr_deit_FS,imgnet_swin_FR,0.0,0.0,0.0
fr_deit_FS,imgnet_swin_FS,0.0087719298245614,0.0369674185463659,0.0281954887218045
fr_deit_FS,imgnet_vit_ALL,0.0,0.0041215868109222,0.0041215868109222
fr_deit_FS,imgnet_vit_EFS,0.0,0.0159722222222222,0.0159722222222222
fr_deit_FS,imgnet_vit_FE,0.000942507068803,0.0292452830188679,0.0283027759500649
fr_deit_FS,imgnet_vit_FR,0.0,0.0,0.0
fr_deit_FS,imgnet_vit_FS,0.0008389261744966,0.0293624161073825,0.0285234899328859
fr_deit_FS,imgnet_xception_ALL,0.0253164556962025,0.0870044052863436,0.061687949590141095
fr_deit_FS,imgnet_xception_EFS,0.0018461538461538,0.000615763546798,-0.0012303902993558
fr_deit_FS,imgnet_xception_FE,0.001507159005275,0.0120481927710843,0.0105410337658093
fr_deit_FS,imgnet_xception_FR,0.0086206896551724,0.0006161429451632,-0.0080045467100092
fr_deit_FS,imgnet_xception_FS,0.0180586907449209,0.0299097065462753,0.011851015801354399
fr_efficientnetb4_ALL,fr_deit_ALL,0.0440653873489694,0.2956645344705046,0.2515991471215352
fr_efficientnetb4_ALL,fr_deit_EFS,0.0342612419700214,0.1511254019292604,0.11686415995923902
fr_efficientnetb4_ALL,fr_deit_FE,0.0282485875706214,0.1285310734463277,0.10028248587570629
fr_efficientnetb4_ALL,fr_deit_FR,0.0968992248062015,0.250968992248062,0.15406976744186052
fr_efficientnetb4_ALL,fr_deit_FS,0.1111111111111111,0.3963963963963964,0.2852852852852853
fr_efficientnetb4_ALL,fr_efficientnetb4_EFS,0.0895170789163722,0.1896348645465253,0.10011778563015311
fr_efficientnetb4_ALL,fr_efficientnetb4_FE,0.0441176470588235,0.025,-0.019117647058823496
fr_efficientnetb4_ALL,fr_efficientnetb4_FR,0.7541984732824427,0.5396341463414634,-0.21456432694097927
fr_efficientnetb4_ALL,fr_efficientnetb4_FS,0.0298507462686567,0.1844155844155844,0.1545648381469277
fr_efficientnetb4_ALL,fr_resnet34_ALL,0.0333586050037907,0.4324734446130501,0.3991148396092594
fr_efficientnetb4_ALL,fr_resnet34_EFS,0.0,0.0057306590257879,0.0057306590257879
fr_efficientnetb4_ALL,fr_resnet34_FE,0.0078740157480314,0.1057898498927805,0.0979158341447491
fr_efficientnetb4_ALL,fr_resnet34_FR,0.0,0.1714039621016365,0.1714039621016365
fr_efficientnetb4_ALL,fr_resnet34_FS,0.0,0.1309846431797651,0.1309846431797651
fr_efficientnetb4_ALL,fr_swin_ALL,0.002220577350111,0.1909696521095484,0.1887490747594374
fr_efficientnetb4_ALL,fr_swin_EFS,0.0025619128949615,0.0777113578138343,0.07514944491887281
fr_efficientnetb4_ALL,fr_swin_FE,0.1509824198552223,0.4136504653567735,0.2626680455015512
fr_efficientnetb4_ALL,fr_swin_FR,0.0060975609756097,0.2052845528455284,0.1991869918699187
fr_efficientnetb4_ALL,fr_swin_FS,0.0107719928186714,0.0682226211849192,0.0574506283662478
fr_efficientnetb4_ALL,fr_vit_ALL,0.0068746694870438,0.0846113167636171,0.07773664727657331
fr_efficientnetb4_ALL,fr_vit_EFS,0.0574162679425837,0.2200956937799043,0.1626794258373206
fr_efficientnetb4_ALL,fr_vit_FE,0.044753086419753,0.2175925925925926,0.17283950617283958
fr_efficientnetb4_ALL,fr_vit_FR,0.1641991924629879,0.4602960969044414,0.29609690444145353
fr_efficientnetb4_ALL,fr_vit_FS,0.0187683284457478,0.1343108504398827,0.1155425219941349
fr_efficientnetb4_ALL,fr_xception_ALL,0.0,0.0170688640376692,0.0170688640376692
fr_efficientnetb4_ALL,fr_xception_EFS,0.0,0.0033613445378151,0.0033613445378151
fr_efficientnetb4_ALL,fr_xception_FE,0.0,0.0113851992409867,0.0113851992409867
fr_efficientnetb4_ALL,fr_xception_FR,0.0061782877316857,0.1552028218694885,0.1490245341378028
fr_efficientnetb4_ALL,fr_xception_FS,0.0017301038062283,0.2389610389610389,0.2372309351548106
fr_efficientnetb4_ALL,imgnet_deit_ALL,0.0,0.0254083484573502,0.0254083484573502
fr_efficientnetb4_ALL,imgnet_deit_EFS,0.0,0.0156128024980484,0.0156128024980484
fr_efficientnetb4_ALL,imgnet_deit_FE,0.0,0.0181818181818181,0.0181818181818181
fr_efficientnetb4_ALL,imgnet_deit_FR,0.0,0.0,0.0
fr_efficientnetb4_ALL,imgnet_deit_FS,0.0,0.0038197097020626,0.0038197097020626
fr_efficientnetb4_ALL,imgnet_efficientnetb4_ALL,0.0153764581124072,0.0540827147401908,0.0387062566277836
fr_efficientnetb4_ALL,imgnet_efficientnetb4_EFS,0.002745367192862,0.0329218106995884,0.030176443506726398
fr_efficientnetb4_ALL,imgnet_efficientnetb4_FE,0.0056537102473498,0.0572438162544169,0.0515901060070671
fr_efficientnetb4_ALL,imgnet_efficientnetb4_FR,0.0,0.0015987210231814,0.0015987210231814
fr_efficientnetb4_ALL,imgnet_efficientnetb4_FS,0.0,0.0,0.0
fr_efficientnetb4_ALL,imgnet_resnet34_ALL,0.0583333333333333,0.6096153846153847,0.5512820512820513
fr_efficientnetb4_ALL,imgnet_resnet34_EFS,0.0,0.1517128874388254,0.1517128874388254
fr_efficientnetb4_ALL,imgnet_resnet34_FE,0.0,0.0029440628066732,0.0029440628066732
fr_efficientnetb4_ALL,imgnet_resnet34_FR,0.0,0.0111731843575419,0.0111731843575419
fr_efficientnetb4_ALL,imgnet_resnet34_FS,0.0018610421836228,0.1017369727047146,0.0998759305210918
fr_efficientnetb4_ALL,imgnet_swin_ALL,0.0,0.0128923766816143,0.0128923766816143
fr_efficientnetb4_ALL,imgnet_swin_EFS,0.0,0.0309963099630996,0.0309963099630996
fr_efficientnetb4_ALL,imgnet_swin_FE,0.0,0.0,0.0
fr_efficientnetb4_ALL,imgnet_swin_FR,0.0,0.0,0.0
fr_efficientnetb4_ALL,imgnet_swin_FS,0.0,0.0050125313283208,0.0050125313283208
fr_efficientnetb4_ALL,imgnet_vit_ALL,0.0,0.0298815043791859,0.0298815043791859
fr_efficientnetb4_ALL,imgnet_vit_EFS,0.0,0.0277777777777777,0.0277777777777777
fr_efficientnetb4_ALL,imgnet_vit_FE,0.000942507068803,0.0160377358490566,0.0150952287802536
fr_efficientnetb4_ALL,imgnet_vit_FR,0.0,0.0017777777777777,0.0017777777777777
fr_efficientnetb4_ALL,imgnet_vit_FS,0.0016778523489932,0.0419463087248322,0.040268456375839
fr_efficientnetb4_ALL,imgnet_xception_ALL,0.1023665382498624,0.927863436123348,0.8254968978734856
fr_efficientnetb4_ALL,imgnet_xception_EFS,0.003076923076923,0.0369458128078817,0.0338688897309587
fr_efficientnetb4_ALL,imgnet_xception_FE,0.0007535795026375,0.0105421686746987,0.0097885891720612
fr_efficientnetb4_ALL,imgnet_xception_FR,0.0086206896551724,0.0,-0.0086206896551724
fr_efficientnetb4_ALL,imgnet_xception_FS,0.0163656884875846,0.1258465011286681,0.1094808126410835
fr_efficientnetb4_EFS,fr_deit_ALL,0.0170575692963752,0.4968017057569296,0.4797441364605544
fr_efficientnetb4_EFS,fr_deit_EFS,0.0246252676659528,0.5069667738478028,0.48234150618184995
fr_efficientnetb4_EFS,fr_deit_FE,0.0148305084745762,0.211864406779661,0.1970338983050848
fr_efficientnetb4_EFS,fr_deit_FR,0.0426356589147286,0.4835271317829457,0.4408914728682171
fr_efficientnetb4_EFS,fr_deit_FS,0.049049049049049,0.3793793793793794,0.3303303303303304
fr_efficientnetb4_EFS,fr_efficientnetb4_ALL,0.3111111111111111,0.4444444444444444,0.1333333333333333
fr_efficientnetb4_EFS,fr_efficientnetb4_FE,0.3514705882352941,0.3044117647058823,-0.047058823529411764
fr_efficientnetb4_EFS,fr_efficientnetb4_FR,0.233587786259542,0.1631097560975609,-0.07047803016198109
fr_efficientnetb4_EFS,fr_efficientnetb4_FS,0.0142764438676184,0.0811688311688311,0.06689238730121269
fr_efficientnetb4_EFS,fr_resnet34_ALL,0.0947687642153146,0.4461305007587253,0.3513617365434107
fr_efficientnetb4_EFS,fr_resnet34_EFS,0.0157593123209169,0.5272206303724928,0.5114613180515759
fr_efficientnetb4_EFS,fr_resnet34_FE,0.0279169649248389,0.1622587562544674,0.1343417913296285
fr_efficientnetb4_EFS,fr_resnet34_FR,0.0353143841515934,0.2532299741602067,0.2179155900086133
fr_efficientnetb4_EFS,fr_resnet34_FS,0.010840108401084,0.024390243902439,0.013550135501355
fr_efficientnetb4_EFS,fr_swin_ALL,0.0,0.4863064396743153,0.4863064396743153
fr_efficientnetb4_EFS,fr_swin_EFS,0.0025619128949615,0.502134927412468,0.4995730145175065
fr_efficientnetb4_EFS,fr_swin_FE,0.1582213029989658,0.562564632885212,0.40434332988624616
fr_efficientnetb4_EFS,fr_swin_FR,0.0182926829268292,0.2713414634146341,0.2530487804878049
fr_efficientnetb4_EFS,fr_swin_FS,0.0197486535008976,0.1382405745062836,0.118491921005386
fr_efficientnetb4_EFS,fr_vit_ALL,0.002644103648863,0.1274457958751983,0.1248016922263353
fr_efficientnetb4_EFS,fr_vit_EFS,0.031578947368421,0.5722488038277512,0.5406698564593302
fr_efficientnetb4_EFS,fr_vit_FE,0.0285493827160493,0.4467592592592592,0.4182098765432099
fr_efficientnetb4_EFS,fr_vit_FR,0.0551816958277254,0.5477792732166891,0.49259757738896365
fr_efficientnetb4_EFS,fr_vit_FS,0.019941348973607,0.1648093841642228,0.1448680351906158
fr_efficientnetb4_EFS,fr_xception_ALL,0.0,0.0247204237786933,0.0247204237786933
fr_efficientnetb4_EFS,fr_xception_EFS,0.0033613445378151,0.2899159663865546,0.2865546218487395
fr_efficientnetb4_EFS,fr_xception_FE,0.0132827324478178,0.0891840607210626,0.07590132827324479
fr_efficientnetb4_EFS,fr_xception_FR,0.029126213592233,0.1146384479717813,0.0855122343795483
fr_efficientnetb4_EFS,fr_xception_FS,0.0389273356401384,0.245021645021645,0.2060943093815066
fr_efficientnetb4_EFS,imgnet_deit_ALL,0.0096735187424425,0.0604960677555958,0.0508225490131533
fr_efficientnetb4_EFS,imgnet_deit_EFS,0.0,0.0109289617486338,0.0109289617486338
fr_efficientnetb4_EFS,imgnet_deit_FE,0.01,0.0263636363636363,0.016363636363636302
fr_efficientnetb4_EFS,imgnet_deit_FR,0.0045197740112994,0.0259887005649717,0.021468926553672302
fr_efficientnetb4_EFS,imgnet_deit_FS,0.0,0.0030557677616501,0.0030557677616501
fr_efficientnetb4_EFS,imgnet_efficientnetb4_ALL,0.0058324496288441,0.0302226935312831,0.024390243902438997
fr_efficientnetb4_EFS,imgnet_efficientnetb4_EFS,0.0020590253946465,0.1069958847736625,0.10493685937901599
fr_efficientnetb4_EFS,imgnet_efficientnetb4_FE,0.0056537102473498,0.0353356890459364,0.029681978798586597
fr_efficientnetb4_EFS,imgnet_efficientnetb4_FR,0.0031974420463629,0.0183852917665867,0.015187849720223799
fr_efficientnetb4_EFS,imgnet_efficientnetb4_FS,0.0,0.0005277044854881,0.0005277044854881
fr_efficientnetb4_EFS,imgnet_resnet34_ALL,0.0775641025641025,0.425,0.3474358974358975
fr_efficientnetb4_EFS,imgnet_resnet34_EFS,0.0008156606851549,0.3482871125611745,0.34747145187601963
fr_efficientnetb4_EFS,imgnet_resnet34_FE,0.0009823182711198,0.0196270853778213,0.0186447671067015
fr_efficientnetb4_EFS,imgnet_resnet34_FR,0.0007974481658692,0.0566640063846767,0.055866558218807504
fr_efficientnetb4_EFS,imgnet_resnet34_FS,0.0037220843672456,0.0707196029776675,0.0669975186104219
fr_efficientnetb4_EFS,imgnet_swin_ALL,0.0,0.0274663677130044,0.0274663677130044
fr_efficientnetb4_EFS,imgnet_swin_EFS,0.0,0.0797047970479704,0.0797047970479704
fr_efficientnetb4_EFS,imgnet_swin_FE,0.0,0.012847965738758,0.012847965738758
fr_efficientnetb4_EFS,imgnet_swin_FR,0.0015082956259426,0.0218702865761689,0.0203619909502263
fr_efficientnetb4_EFS,imgnet_swin_FS,0.0006265664160401,0.0106516290726817,0.0100250626566416
fr_efficientnetb4_EFS,imgnet_vit_ALL,0.0030911901081916,0.0231839258114374,0.020092735703245802
fr_efficientnetb4_EFS,imgnet_vit_EFS,0.0,0.0152777777777777,0.0152777777777777
fr_efficientnetb4_EFS,imgnet_vit_FE,0.0,0.0198113207547169,0.0198113207547169
fr_efficientnetb4_EFS,imgnet_vit_FR,0.0,0.016,0.016
fr_efficientnetb4_EFS,imgnet_vit_FS,0.0008389261744966,0.0142617449664429,0.0134228187919463
fr_efficientnetb4_EFS,imgnet_xception_ALL,0.1309851403412218,0.7604625550660793,0.6294774147248575
fr_efficientnetb4_EFS,imgnet_xception_EFS,0.0067692307692307,0.3953201970443349,0.3885509662751042
fr_efficientnetb4_EFS,imgnet_xception_FE,0.0022607385079125,0.0143072289156626,0.0120464904077501
fr_efficientnetb4_EFS,imgnet_xception_FR,0.0080049261083743,0.0030807147258163,-0.004924211382558
fr_efficientnetb4_EFS,imgnet_xception_FS,0.0197516930022573,0.3600451467268623,0.34029345372460496
fr_efficientnetb4_FE,fr_deit_ALL,0.0156361051883439,0.3447050461975835,0.3290689410092396
fr_efficientnetb4_FE,fr_deit_EFS,0.0203426124197002,0.3172561629153269,0.2969135504956267
fr_efficientnetb4_FE,fr_deit_FE,0.0056497175141242,0.3481638418079096,0.3425141242937854
fr_efficientnetb4_FE,fr_deit_FR,0.0271317829457364,0.1424418604651162,0.1153100775193798
fr_efficientnetb4_FE,fr_deit_FS,0.058058058058058,0.4544544544544545,0.39639639639639646
fr_efficientnetb4_FE,fr_efficientnetb4_ALL,0.1522633744855967,0.1111111111111111,-0.041152263374485604
fr_efficientnetb4_FE,fr_efficientnetb4_EFS,0.2497055359246172,0.3886925795053003,0.1389870435806831
fr_efficientnetb4_FE,fr_efficientnetb4_FR,0.1099236641221374,0.2682926829268293,0.1583690188046919
fr_efficientnetb4_FE,fr_efficientnetb4_FS,0.163530175210902,0.0785714285714285,-0.08495874663947349
fr_efficientnetb4_FE,fr_resnet34_ALL,0.0212282031842304,0.1798179059180576,0.1585897027338272
fr_efficientnetb4_FE,fr_resnet34_EFS,0.0,0.0128939828080229,0.0128939828080229
fr_efficientnetb4_FE,fr_resnet34_FE,0.0272011453113815,0.7583988563259471,0.7311977110145655
fr_efficientnetb4_FE,fr_resnet34_FR,0.0103359173126615,0.2248062015503876,0.2144702842377261
fr_efficientnetb4_FE,fr_resnet34_FS,0.006323396567299,0.018970189701897,0.012646793134598001
fr_efficientnetb4_FE,fr_swin_ALL,0.000740192450037,0.1450777202072538,0.14433752775721678
fr_efficientnetb4_FE,fr_swin_EFS,0.0008539709649871,0.1118701964133219,0.1110162254483348
fr_efficientnetb4_FE,fr_swin_FE,0.1003102378490175,0.7828335056876939,0.6825232678386765
fr_efficientnetb4_FE,fr_swin_FR,0.0152439024390243,0.1849593495934959,0.1697154471544716
fr_efficientnetb4_FE,fr_swin_FS,0.0053859964093357,0.1364452423698384,0.1310592459605027
fr_efficientnetb4_FE,fr_vit_ALL,0.0021152829190904,0.0756213643574828,0.0735060814383924
fr_efficientnetb4_FE,fr_vit_EFS,0.0373205741626794,0.3913875598086124,0.354066985645933
fr_efficientnetb4_FE,fr_vit_FE,0.0108024691358024,0.5455246913580247,0.5347222222222223
fr_efficientnetb4_FE,fr_vit_FR,0.0390309555854643,0.3768506056527591,0.33781965006729475
fr_efficientnetb4_FE,fr_vit_FS,0.0123167155425219,0.0961876832844574,0.0838709677419355
fr_efficientnetb4_FE,fr_xception_ALL,0.0447321954090641,0.0264861683343143,-0.018246027074749798
fr_efficientnetb4_FE,fr_xception_EFS,0.007563025210084,0.0462184873949579,0.0386554621848739
fr_efficientnetb4_FE,fr_xception_FE,0.0246679316888045,0.7476280834914611,0.7229601518026566
fr_efficientnetb4_FE,fr_xception_FR,0.0979699911738746,0.2028218694885361,0.10485187831466149
fr_efficientnetb4_FE,fr_xception_FS,0.0891003460207612,0.3662337662337662,0.277133420213005
fr_efficientnetb4_FE,imgnet_deit_ALL,0.0133010882708585,0.0780399274047187,0.0647388391338602
fr_efficientnetb4_FE,imgnet_deit_EFS,0.00078125,0.0046838407494145,0.0039025907494145
fr_efficientnetb4_FE,imgnet_deit_FE,0.0009090909090909,0.049090909090909,0.0481818181818181
fr_efficientnetb4_FE,imgnet_deit_FR,0.0033898305084745,0.0361581920903954,0.032768361581920896
fr_efficientnetb4_FE,imgnet_deit_FS,0.0015255530129672,0.014514896867838,0.0129893438548708
fr_efficientnetb4_FE,imgnet_efficientnetb4_ALL,0.0031813361611876,0.0233297985153764,0.0201484623541888
fr_efficientnetb4_FE,imgnet_efficientnetb4_EFS,0.002745367192862,0.0336076817558299,0.0308623145629679
fr_efficientnetb4_FE,imgnet_efficientnetb4_FE,0.0007067137809187,0.0671378091872791,0.0664310954063604
fr_efficientnetb4_FE,imgnet_efficientnetb4_FR,0.0007993605115907,0.0407673860911271,0.0399680255795364
fr_efficientnetb4_FE,imgnet_efficientnetb4_FS,0.0,0.0015831134564643,0.0015831134564643
fr_efficientnetb4_FE,imgnet_resnet34_ALL,0.0358974358974358,0.191025641025641,0.15512820512820522
fr_efficientnetb4_FE,imgnet_resnet34_EFS,0.0016313213703099,0.0595432300163132,0.057911908646003304
fr_efficientnetb4_FE,imgnet_resnet34_FE,0.0019646365422396,0.0225711481844946,0.020606511642255
fr_efficientnetb4_FE,imgnet_resnet34_FR,0.0015948963317384,0.0239425379090183,0.022347641577279902
fr_efficientnetb4_FE,imgnet_resnet34_FS,0.0024813895781637,0.0347394540942928,0.0322580645161291
fr_efficientnetb4_FE,imgnet_swin_ALL,0.0,0.0039237668161434,0.0039237668161434
fr_efficientnetb4_FE,imgnet_swin_EFS,0.0007380073800738,0.0280442804428044,0.027306273062730597
fr_efficientnetb4_FE,imgnet_swin_FE,0.0,0.0149892933618843,0.0149892933618843
fr_efficientnetb4_FE,imgnet_swin_FR,0.0,0.0075414781297134,0.0075414781297134
fr_efficientnetb4_FE,imgnet_swin_FS,0.0006265664160401,0.0162907268170426,0.0156641604010025
fr_efficientnetb4_FE,imgnet_vit_ALL,0.0010303967027305,0.0123647604327666,0.0113343637300361
fr_efficientnetb4_FE,imgnet_vit_EFS,0.0,0.0097222222222222,0.0097222222222222
fr_efficientnetb4_FE,imgnet_vit_FE,0.000942507068803,0.0160377358490566,0.0150952287802536
fr_efficientnetb4_FE,imgnet_vit_FR,0.0008873114463176,0.008,0.0071126885536824
fr_efficientnetb4_FE,imgnet_vit_FS,0.0016778523489932,0.0645973154362416,0.0629194630872484
fr_efficientnetb4_FE,imgnet_xception_ALL,0.0990643918547055,0.5462555066079295,0.44719111475322404
fr_efficientnetb4_FE,imgnet_xception_EFS,0.0073846153846153,0.1588669950738916,0.1514823796892763
fr_efficientnetb4_FE,imgnet_xception_FE,0.001507159005275,0.0406626506024096,0.039155491597134606
fr_efficientnetb4_FE,imgnet_xception_FR,0.0086206896551724,0.0061614294516327,-0.0024592602035396994
fr_efficientnetb4_FE,imgnet_xception_FS,0.0214446952595936,0.3137697516930022,0.2923250564334086
fr_efficientnetb4_FR,fr_deit_ALL,0.0120824449182658,0.1257995735607676,0.1137171286425018
fr_efficientnetb4_FR,fr_deit_EFS,0.0042826552462526,0.0568060021436227,0.0525233468973701
fr_efficientnetb4_FR,fr_deit_FE,0.0176553672316384,0.0932203389830508,0.07556497175141239
fr_efficientnetb4_FR,fr_deit_FR,0.0310077519379844,0.3275193798449612,0.2965116279069768
fr_efficientnetb4_FR,fr_deit_FS,0.037037037037037,0.1731731731731731,0.1361361361361361
fr_efficientnetb4_FR,fr_efficientnetb4_ALL,0.037037037037037,0.2987654320987654,0.2617283950617284
fr_efficientnetb4_FR,fr_efficientnetb4_EFS,0.0011778563015312,0.0318021201413427,0.030624263839811497
fr_efficientnetb4_FR,fr_efficientnetb4_FE,0.0014705882352941,0.0073529411764705,0.005882352941176399
fr_efficientnetb4_FR,fr_efficientnetb4_FS,0.0,0.0,0.0
fr_efficientnetb4_FR,fr_resnet34_ALL,0.0,0.2185128983308042,0.2185128983308042
fr_efficientnetb4_FR,fr_resnet34_EFS,0.0,0.0,0.0
fr_efficientnetb4_FR,fr_resnet34_FE,0.0021474588403722,0.0657612580414581,0.06361379920108591
fr_efficientnetb4_FR,fr_resnet34_FR,0.0,0.3359173126614987,0.3359173126614987
fr_efficientnetb4_FR,fr_resnet34_FS,0.0,0.002710027100271,0.002710027100271
fr_efficientnetb4_FR,fr_swin_ALL,0.0,0.0629163582531458,0.0629163582531458
fr_efficientnetb4_FR,fr_swin_EFS,0.0008539709649871,0.0426985482493595,0.0418445772843724
fr_efficientnetb4_FR,fr_swin_FE,0.0920372285418821,0.3991726990692864,0.3071354705274043
fr_efficientnetb4_FR,fr_swin_FR,0.0101626016260162,0.290650406504065,0.2804878048780488
fr_efficientnetb4_FR,fr_swin_FS,0.0017953321364452,0.0089766606822262,0.007181328545781
fr_efficientnetb4_FR,fr_vit_ALL,0.005288207297726,0.0576414595452141,0.0523532522474881
fr_efficientnetb4_FR,fr_vit_EFS,0.0153110047846889,0.1186602870813397,0.1033492822966508
fr_efficientnetb4_FR,fr_vit_FE,0.0223765432098765,0.1188271604938271,0.0964506172839506
fr_efficientnetb4_FR,fr_vit_FR,0.0457604306864064,0.440107671601615,0.3943472409152086
fr_efficientnetb4_FR,fr_vit_FS,0.0052785923753665,0.069208211143695,0.0639296187683285
fr_efficientnetb4_FR,fr_xception_ALL,0.0,0.009417304296645,0.009417304296645
fr_efficientnetb4_FR,fr_xception_EFS,0.0,0.0,0.0
fr_efficientnetb4_FR,fr_xception_FE,0.0,0.0018975332068311,0.0018975332068311
fr_efficientnetb4_FR,fr_xception_FR,0.0017652250661959,0.1904761904761904,0.18871096540999452
fr_efficientnetb4_FR,fr_xception_FS,0.0,0.1151515151515151,0.1151515151515151
fr_efficientnetb4_FR,imgnet_deit_ALL,0.0,0.0302480338777979,0.0302480338777979
fr_efficientnetb4_FR,imgnet_deit_EFS,0.0,0.0124902419984387,0.0124902419984387
fr_efficientnetb4_FR,imgnet_deit_FE,0.0,0.0109090909090909,0.0109090909090909
fr_efficientnetb4_FR,imgnet_deit_FR,0.0011299435028248,0.0101694915254237,0.0090395480225989
fr_efficientnetb4_FR,imgnet_deit_FS,0.0,0.0007639419404125,0.0007639419404125
fr_efficientnetb4_FR,imgnet_efficientnetb4_ALL,0.0090137857900318,0.0747613997879109,0.0657476139978791
fr_efficientnetb4_FR,imgnet_efficientnetb4_EFS,0.0020590253946465,0.0150891632373113,0.0130301378426648
fr_efficientnetb4_FR,imgnet_efficientnetb4_FE,0.0056537102473498,0.0374558303886925,0.0318021201413427
fr_efficientnetb4_FR,imgnet_efficientnetb4_FR,0.0,0.026378896882494,0.026378896882494
fr_efficientnetb4_FR,imgnet_efficientnetb4_FS,0.0,0.0,0.0
fr_efficientnetb4_FR,imgnet_resnet34_ALL,0.025,0.642948717948718,0.617948717948718
fr_efficientnetb4_FR,imgnet_resnet34_EFS,0.0008156606851549,0.0587275693311582,0.0579119086460033
fr_efficientnetb4_FR,imgnet_resnet34_FE,0.0,0.000981354268891,0.000981354268891
fr_efficientnetb4_FR,imgnet_resnet34_FR,0.0,0.0502793296089385,0.0502793296089385
fr_efficientnetb4_FR,imgnet_resnet34_FS,0.0,0.0738213399503722,0.0738213399503722
fr_efficientnetb4_FR,imgnet_swin_ALL,0.0,0.0056053811659192,0.0056053811659192
fr_efficientnetb4_FR,imgnet_swin_EFS,0.0,0.018450184501845,0.018450184501845
fr_efficientnetb4_FR,imgnet_swin_FE,0.0,0.0,0.0
fr_efficientnetb4_FR,imgnet_swin_FR,0.0,0.006787330316742,0.006787330316742
fr_efficientnetb4_FR,imgnet_swin_FS,0.0,0.0,0.0
fr_efficientnetb4_FR,imgnet_vit_ALL,0.0,0.0087583719732096,0.0087583719732096
fr_efficientnetb4_FR,imgnet_vit_EFS,0.0,0.0208333333333333,0.0208333333333333
fr_efficientnetb4_FR,imgnet_vit_FE,0.000942507068803,0.0075471698113207,0.0066046627425177
fr_efficientnetb4_FR,imgnet_vit_FR,0.0,0.0195555555555555,0.0195555555555555
fr_efficientnetb4_FR,imgnet_vit_FS,0.0,0.0016778523489932,0.0016778523489932
fr_efficientnetb4_FR,imgnet_xception_ALL,0.0434782608695652,0.9333700440528634,0.8898917831832982
fr_efficientnetb4_FR,imgnet_xception_EFS,0.0055384615384615,0.0092364532019704,0.003697991663508901
fr_efficientnetb4_FR,imgnet_xception_FE,0.0007535795026375,0.0052710843373493,0.0045175048347118
fr_efficientnetb4_FR,imgnet_xception_FR,0.0135467980295566,0.0,-0.0135467980295566
fr_efficientnetb4_FR,imgnet_xception_FS,0.0158013544018058,0.0406320541760722,0.0248306997742664
fr_efficientnetb4_FS,fr_deit_ALL,0.1023454157782516,0.4214641080312722,0.3191186922530206
fr_efficientnetb4_FS,fr_deit_EFS,0.0546038543897216,0.1661307609860664,0.11152690659634482
fr_efficientnetb4_FS,fr_deit_FE,0.0642655367231638,0.2033898305084746,0.13912429378531077
fr_efficientnetb4_FS,fr_deit_FR,0.064922480620155,0.3410852713178294,0.2761627906976744
fr_efficientnetb4_FS,fr_deit_FS,0.2562562562562562,0.7837837837837838,0.5275275275275275
fr_efficientnetb4_FS,fr_efficientnetb4_ALL,0.3506172839506173,0.3094650205761317,-0.04115226337448563
fr_efficientnetb4_FS,fr_efficientnetb4_EFS,0.1519434628975265,0.2367491166077738,0.08480565371024731
fr_efficientnetb4_FS,fr_efficientnetb4_FE,0.0161764705882352,0.0426470588235294,0.0264705882352942
fr_efficientnetb4_FS,fr_efficientnetb4_FR,0.3145038167938931,0.3643292682926829,0.04982545149878981
fr_efficientnetb4_FS,fr_resnet34_ALL,0.0295678544351781,0.3224582701062215,0.2928904156710434
fr_efficientnetb4_FS,fr_resnet34_EFS,0.0,0.0157593123209169,0.0157593123209169
fr_efficientnetb4_FS,fr_resnet34_FE,0.0186113099498926,0.3273766976411723,0.3087653876912797
fr_efficientnetb4_FS,fr_resnet34_FR,0.0043066322136089,0.3178294573643411,0.3135228251507322
fr_efficientnetb4_FS,fr_resnet34_FS,0.016260162601626,0.5709123757904245,0.5546522131887985
fr_efficientnetb4_FS,fr_swin_ALL,0.005921539600296,0.23019985196151,0.22427831236121398
fr_efficientnetb4_FS,fr_swin_EFS,0.0042698548249359,0.0691716481639624,0.0649017933390265
fr_efficientnetb4_FS,fr_swin_FE,0.2616339193381592,0.6287487073422957,0.3671147880041365
fr_efficientnetb4_FS,fr_swin_FR,0.0213414634146341,0.2296747967479674,0.2083333333333333
fr_efficientnetb4_FS,fr_swin_FS,0.044883303411131,0.5673249551166966,0.5224416517055656
fr_efficientnetb4_FS,fr_vit_ALL,0.0153358011634056,0.0904283447911158,0.0750925436277102
fr_efficientnetb4_FS,fr_vit_EFS,0.0708133971291866,0.215311004784689,0.1444976076555024
fr_efficientnetb4_FS,fr_vit_FE,0.1041666666666666,0.283179012345679,0.1790123456790124
fr_efficientnetb4_FS,fr_vit_FR,0.1695827725437416,0.5343203230148048,0.3647375504710632
fr_efficientnetb4_FS,fr_vit_FS,0.0592375366568914,0.3284457478005865,0.2692082111436951
fr_efficientnetb4_FS,fr_xception_ALL,0.0005885815185403,0.3072395526780459,0.3066509711595056
fr_efficientnetb4_FS,fr_xception_EFS,0.0,0.0327731092436974,0.0327731092436974
fr_efficientnetb4_FS,fr_xception_FE,0.0037950664136622,0.174573055028463,0.17077798861480079
fr_efficientnetb4_FS,fr_xception_FR,0.0008826125330979,0.0811287477954144,0.0802461352623165
fr_efficientnetb4_FS,fr_xception_FS,0.1124567474048442,0.8753246753246753,0.762867927919831
fr_efficientnetb4_FS,imgnet_deit_ALL,0.0018137847642079,0.1784633998790078,0.1766496151147999
fr_efficientnetb4_FS,imgnet_deit_EFS,0.0,0.0265417642466822,0.0265417642466822
fr_efficientnetb4_FS,imgnet_deit_FE,0.0036363636363636,0.0809090909090909,0.0772727272727273
fr_efficientnetb4_FS,imgnet_deit_FR,0.0,0.0542372881355932,0.0542372881355932
fr_efficientnetb4_FS,imgnet_deit_FS,0.0,0.0374331550802139,0.0374331550802139
fr_efficientnetb4_FS,imgnet_efficientnetb4_ALL,0.0047720042417815,0.1108165429480381,0.1060445387062566
fr_efficientnetb4_FS,imgnet_efficientnetb4_EFS,0.004118050789293,0.0802469135802469,0.07612886279095389
fr_efficientnetb4_FS,imgnet_efficientnetb4_FE,0.0190812720848056,0.2367491166077738,0.21766784452296822
fr_efficientnetb4_FS,imgnet_efficientnetb4_FR,0.0,0.0535571542765787,0.0535571542765787
fr_efficientnetb4_FS,imgnet_efficientnetb4_FS,0.0,0.0047493403693931,0.0047493403693931
fr_efficientnetb4_FS,imgnet_resnet34_ALL,0.0352564102564102,0.5256410256410257,0.4903846153846155
fr_efficientnetb4_FS,imgnet_resnet34_EFS,0.0057096247960848,0.2365415986949429,0.2308319738988581
fr_efficientnetb4_FS,imgnet_resnet34_FE,0.0,0.0677134445534838,0.0677134445534838
fr_efficientnetb4_FS,imgnet_resnet34_FR,0.0,0.0319233838786911,0.0319233838786911
fr_efficientnetb4_FS,imgnet_resnet34_FS,0.0,0.1606699751861042,0.1606699751861042
fr_efficientnetb4_FS,imgnet_swin_ALL,0.0,0.1109865470852018,0.1109865470852018
fr_efficientnetb4_FS,imgnet_swin_EFS,0.0,0.1077490774907749,0.1077490774907749
fr_efficientnetb4_FS,imgnet_swin_FE,0.0,0.0042826552462526,0.0042826552462526
fr_efficientnetb4_FS,imgnet_swin_FR,0.0,0.0874811463046757,0.0874811463046757
fr_efficientnetb4_FS,imgnet_swin_FS,0.0,0.0739348370927318,0.0739348370927318
fr_efficientnetb4_FS,imgnet_vit_ALL,0.0005151983513652,0.1221020092735703,0.12158681092220511
fr_efficientnetb4_FS,imgnet_vit_EFS,0.0,0.0847222222222222,0.0847222222222222
fr_efficientnetb4_FS,imgnet_vit_FE,0.001885014137606,0.0933962264150943,0.0915112122774883
fr_efficientnetb4_FS,imgnet_vit_FR,0.0,0.088,0.088
fr_efficientnetb4_FS,imgnet_vit_FS,0.0033557046979865,0.3859060402684564,0.38255033557046986
fr_efficientnetb4_FS,imgnet_xception_ALL,0.1221794166208035,0.9509911894273128,0.8288117728065092
fr_efficientnetb4_FS,imgnet_xception_EFS,0.0018461538461538,0.2487684729064039,0.24692231906025008
fr_efficientnetb4_FS,imgnet_xception_FE,0.0060286360211002,0.0203313253012048,0.014302689280104601
fr_efficientnetb4_FS,imgnet_xception_FR,0.001847290640394,0.0006161429451632,-0.0012311476952308
fr_efficientnetb4_FS,imgnet_xception_FS,0.0107223476297968,0.4599322799097065,0.4492099322799097
fr_resnet34_ALL,fr_deit_ALL,0.0909737029140014,0.5920398009950248,0.5010660980810234
fr_resnet34_ALL,fr_deit_EFS,0.0663811563169164,0.4319399785637727,0.3655588222468563
fr_resnet34_ALL,fr_deit_FE,0.0621468926553672,0.192090395480226,0.12994350282485878
fr_resnet34_ALL,fr_deit_FR,0.0978682170542635,0.4670542635658914,0.3691860465116279
fr_resnet34_ALL,fr_deit_FS,0.1541541541541541,0.7287287287287287,0.5745745745745746
fr_resnet34_ALL,fr_efficientnetb4_ALL,0.7588477366255144,0.7893004115226337,0.030452674897119336
fr_resnet34_ALL,fr_efficientnetb4_EFS,0.1896348645465253,0.5724381625441696,0.38280329799764423
fr_resnet34_ALL,fr_efficientnetb4_FE,0.2602941176470588,0.0411764705882352,-0.21911764705882358
fr_resnet34_ALL,fr_efficientnetb4_FR,0.6152671755725191,0.6341463414634146,0.018879165890895555
fr_resnet34_ALL,fr_efficientnetb4_FS,0.4438676184295911,0.7525974025974026,0.3087297841678115
fr_resnet34_ALL,fr_resnet34_EFS,0.8653295128939829,0.9512893982808024,0.08595988538681953
fr_resnet34_ALL,fr_resnet34_FE,0.7000715819613458,0.5854181558255898,-0.11465342613575602
fr_resnet34_ALL,fr_resnet34_FR,0.73557278208441,0.8320413436692506,0.09646856158484063
fr_resnet34_ALL,fr_resnet34_FS,0.7461607949412827,0.998193315266486,0.2520325203252033
fr_resnet34_ALL,fr_swin_ALL,0.0747594374537379,0.613619541080681,0.538860103626943
fr_resnet34_ALL,fr_swin_EFS,0.0256191289496157,0.3023057216054654,0.2766865926558497
fr_resnet34_ALL,fr_swin_FE,0.2916235780765253,0.3660806618407445,0.07445708376421922
fr_resnet34_ALL,fr_swin_FR,0.1036585365853658,0.5101626016260162,0.40650406504065045
fr_resnet34_ALL,fr_swin_FS,0.0754039497307001,0.5008976660682226,0.42549371633752253
fr_resnet34_ALL,fr_vit_ALL,0.0105764145954521,0.14806980433633,0.13749338974087788
fr_resnet34_ALL,fr_vit_EFS,0.0966507177033492,0.4593301435406698,0.3626794258373206
fr_resnet34_ALL,fr_vit_FE,0.0841049382716049,0.3580246913580246,0.2739197530864197
fr_resnet34_ALL,fr_vit_FR,0.2261103633916554,0.6446837146702558,0.41857335127860035
fr_resnet34_ALL,fr_vit_FS,0.0422287390029325,0.2228739002932551,0.1806451612903226
fr_resnet34_ALL,fr_xception_ALL,0.6904061212477928,0.4879340788699234,-0.20247204237786937
fr_resnet34_ALL,fr_xception_EFS,0.1865546218487395,0.4663865546218487,0.2798319327731092
fr_resnet34_ALL,fr_xception_FE,0.2703984819734345,0.1252371916508539,-0.14516129032258063
fr_resnet34_ALL,fr_xception_FR,0.7025595763459841,0.6578483245149912,-0.04471125183099289
fr_resnet34_ALL,fr_xception_FS,0.7413494809688581,0.90995670995671,0.16860722898785185
fr_resnet34_ALL,imgnet_deit_ALL,0.3821039903264812,0.396249243799153,0.014145253472671815
fr_resnet34_ALL,imgnet_deit_EFS,0.046875,0.0444964871194379,-0.0023785128805621017
fr_resnet34_ALL,imgnet_deit_FE,0.1172727272727272,0.0472727272727272,-0.06999999999999999
fr_resnet34_ALL,imgnet_deit_FR,0.2440677966101695,0.1050847457627118,-0.1389830508474577
fr_resnet34_ALL,imgnet_deit_FS,0.110602593440122,0.0924369747899159,-0.018165618650206092
fr_resnet34_ALL,imgnet_efficientnetb4_ALL,0.4231177094379639,0.1940615058324496,-0.2290562036055143
fr_resnet34_ALL,imgnet_efficientnetb4_EFS,0.1969800960878517,0.3614540466392318,0.16447395055138012
fr_resnet34_ALL,imgnet_efficientnetb4_FE,0.0798586572438162,0.0742049469964664,-0.0056537102473498
fr_resnet34_ALL,imgnet_efficientnetb4_FR,0.2925659472422062,0.0471622701838529,-0.2454036770583533
fr_resnet34_ALL,imgnet_efficientnetb4_FS,0.0116094986807387,0.0189973614775725,0.007387862796833799
fr_resnet34_ALL,imgnet_resnet34_ALL,0.6814102564102564,0.8846153846153846,0.20320512820512815
fr_resnet34_ALL,imgnet_resnet34_EFS,0.2618270799347471,0.7585644371941273,0.4967373572593802
fr_resnet34_ALL,imgnet_resnet34_FE,0.0324165029469548,0.0873405299313052,0.0549240269843504
fr_resnet34_ALL,imgnet_resnet34_FR,0.4282296650717703,0.2442138866719872,-0.1840157783997831
fr_resnet34_ALL,imgnet_resnet34_FS,0.336848635235732,0.6730769230769231,0.33622828784119113
fr_resnet34_ALL,imgnet_swin_ALL,0.2847533632286995,0.3548206278026906,0.0700672645739911
fr_resnet34_ALL,imgnet_swin_EFS,0.1638376383763837,0.3690036900369003,0.2051660516605166
fr_resnet34_ALL,imgnet_swin_FE,0.0117773019271948,0.0042826552462526,-0.007494646680942201
fr_resnet34_ALL,imgnet_swin_FR,0.0535444947209653,0.0173453996983408,-0.0361990950226245
fr_resnet34_ALL,imgnet_swin_FS,0.2807017543859649,0.3634085213032581,0.08270676691729323
fr_resnet34_ALL,imgnet_vit_ALL,0.2452344152498712,0.1952601751674394,-0.04997424008243179
fr_resnet34_ALL,imgnet_vit_EFS,0.0541666666666666,0.1340277777777777,0.07986111111111109
fr_resnet34_ALL,imgnet_vit_FE,0.0471253534401508,0.0952830188679245,0.048157665427773694
fr_resnet34_ALL,imgnet_vit_FR,0.0984915705412599,0.0275555555555555,-0.0709360149857044
fr_resnet34_ALL,imgnet_vit_FS,0.3154362416107382,0.3162751677852349,0.0008389261744967125
fr_resnet34_ALL,imgnet_xception_ALL,0.6708860759493671,0.960352422907489,0.2894663469581219
fr_resnet34_ALL,imgnet_xception_EFS,0.344,0.7025862068965517,0.35858620689655174
fr_resnet34_ALL,imgnet_xception_FE,0.0150715900527505,0.0090361445783132,-0.006035445474437299
fr_resnet34_ALL,imgnet_xception_FR,0.0338669950738916,0.0049291435613062,-0.0289378515125854
fr_resnet34_ALL,imgnet_xception_FS,0.4943566591422121,0.8498871331828443,0.35553047404063215
fr_resnet34_EFS,fr_deit_ALL,0.0262970859985785,0.5778251599147122,0.5515280739161337
fr_resnet34_EFS,fr_deit_EFS,0.0899357601713062,0.6495176848874598,0.5595819247161535
fr_resnet34_EFS,fr_deit_FE,0.0331920903954802,0.1405367231638418,0.1073446327683616
fr_resnet34_EFS,fr_deit_FR,0.0271317829457364,0.5581395348837209,0.5310077519379846
fr_resnet34_EFS,fr_deit_FS,0.044044044044044,0.5905905905905906,0.5465465465465466
fr_resnet34_EFS,fr_efficientnetb4_ALL,0.0559670781893004,0.2098765432098765,0.15390946502057612
fr_resnet34_EFS,fr_efficientnetb4_EFS,0.2108362779740871,0.5936395759717314,0.38280329799764434
fr_resnet34_EFS,fr_efficientnetb4_FE,0.1058823529411764,0.0338235294117647,-0.0720588235294117
fr_resnet34_EFS,fr_efficientnetb4_FR,0.1190839694656488,0.1783536585365853,0.05926968907093651
fr_resnet34_EFS,fr_efficientnetb4_FS,0.0395846852693056,0.0175324675324675,-0.0220522177368381
fr_resnet34_EFS,fr_resnet34_ALL,0.4488248673237301,0.779969650986343,0.33114478366261285
fr_resnet34_EFS,fr_resnet34_FE,0.3264137437365784,0.409578270192995,0.08316452645641659
fr_resnet34_EFS,fr_resnet34_FR,0.2928509905254091,0.5874246339362619,0.2945736434108528
fr_resnet34_EFS,fr_resnet34_FS,0.2637759710930442,0.1336946702800361,-0.1300813008130081
fr_resnet34_EFS,fr_swin_ALL,0.0192450037009622,0.5951147298297558,0.5758697261287936
fr_resnet34_EFS,fr_swin_EFS,0.0614859094790777,0.53800170794193,0.4765157984628523
fr_resnet34_EFS,fr_swin_FE,0.1726990692864529,0.2285418821096173,0.05584281282316439
fr_resnet34_EFS,fr_swin_FR,0.0579268292682926,0.4369918699186992,0.3790650406504066
fr_resnet34_EFS,fr_swin_FS,0.0233393177737881,0.2028725314183123,0.17953321364452418
fr_resnet34_EFS,fr_vit_ALL,0.0037017451084082,0.1295610787942887,0.12585933368588048
fr_resnet34_EFS,fr_vit_EFS,0.0956937799043062,0.6516746411483254,0.5559808612440192
fr_resnet34_EFS,fr_vit_FE,0.0339506172839506,0.3186728395061728,0.2847222222222222
fr_resnet34_EFS,fr_vit_FR,0.1022880215343203,0.6379542395693136,0.5356662180349934
fr_resnet34_EFS,fr_vit_FS,0.0158357771260997,0.1612903225806451,0.1454545454545454
fr_resnet34_EFS,fr_xception_ALL,0.174220129487934,0.0052972336668628,-0.1689228958210712
fr_resnet34_EFS,fr_xception_EFS,0.1932773109243697,0.5428571428571428,0.3495798319327731
fr_resnet34_EFS,fr_xception_FE,0.0901328273244781,0.0313092979127134,-0.0588235294117647
fr_resnet34_EFS,fr_xception_FR,0.294792586054722,0.1693121693121693,-0.12548041674255267
fr_resnet34_EFS,fr_xception_FS,0.1384083044982699,0.1844155844155844,0.046007279917314486
fr_resnet34_EFS,imgnet_deit_ALL,0.0743651753325272,0.1155474894131881,0.04118231408066089
fr_resnet34_EFS,imgnet_deit_EFS,0.00859375,0.0171740827478532,0.008580332747853199
fr_resnet34_EFS,imgnet_deit_FE,0.0727272727272727,0.0318181818181818,-0.040909090909090895
fr_resnet34_EFS,imgnet_deit_FR,0.0610169491525423,0.0259887005649717,-0.0350282485875706
fr_resnet34_EFS,imgnet_deit_FS,0.0015255530129672,0.0091673032849503,0.007641750271983099
fr_resnet34_EFS,imgnet_efficientnetb4_ALL,0.0238600212089077,0.0328738069989395,0.0090137857900318
fr_resnet34_EFS,imgnet_efficientnetb4_EFS,0.0260809883321894,0.2091906721536351,0.1831096838214457
fr_resnet34_EFS,imgnet_efficientnetb4_FE,0.0275618374558303,0.0374558303886925,0.009893992932862198
fr_resnet34_EFS,imgnet_efficientnetb4_FR,0.0767386091127098,0.0071942446043165,-0.0695443645083933
fr_resnet34_EFS,imgnet_efficientnetb4_FS,0.0010554089709762,0.0,-0.0010554089709762
fr_resnet34_EFS,imgnet_resnet34_ALL,0.25,0.6173076923076923,0.36730769230769234
fr_resnet34_EFS,imgnet_resnet34_EFS,0.0668841761827079,0.734910277324633,0.6680261011419251
fr_resnet34_EFS,imgnet_resnet34_FE,0.0284872298624754,0.113837095191364,0.0853498653288886
fr_resnet34_EFS,imgnet_resnet34_FR,0.2200956937799043,0.1093375897845171,-0.11075810399538719
fr_resnet34_EFS,imgnet_resnet34_FS,0.0260545905707196,0.1681141439205955,0.1420595533498759
fr_resnet34_EFS,imgnet_swin_ALL,0.0106502242152466,0.0381165919282511,0.0274663677130045
fr_resnet34_EFS,imgnet_swin_EFS,0.033210332103321,0.2457564575645756,0.2125461254612546
fr_resnet34_EFS,imgnet_swin_FE,0.0032119914346895,0.0160599571734475,0.012847965738757999
fr_resnet34_EFS,imgnet_swin_FR,0.0150829562594268,0.0090497737556561,-0.0060331825037706985
fr_resnet34_EFS,imgnet_swin_FS,0.0150375939849624,0.0181704260651629,0.0031328320802004993
fr_resnet34_EFS,imgnet_vit_ALL,0.0175167439464193,0.0123647604327666,-0.005151983513652699
fr_resnet34_EFS,imgnet_vit_EFS,0.0104166666666666,0.0736111111111111,0.0631944444444445
fr_resnet34_EFS,imgnet_vit_FE,0.0273327049952874,0.0528301886792452,0.0254974836839578
fr_resnet34_EFS,imgnet_vit_FR,0.0168589174800354,0.0106666666666666,-0.006192250813368801
fr_resnet34_EFS,imgnet_vit_FS,0.009228187919463,0.0251677852348993,0.015939597315436302
fr_resnet34_EFS,imgnet_xception_ALL,0.1750137589433131,0.7064977973568282,0.5314840384135151
fr_resnet34_EFS,imgnet_xception_EFS,0.0806153846153846,0.6564039408866995,0.5757885562713149
fr_resnet34_EFS,imgnet_xception_FE,0.0090429540316503,0.0150602409638554,0.0060172869322051015
fr_resnet34_EFS,imgnet_xception_FR,0.0123152709359605,0.0123228589032655,7.58796730499986e-06
fr_resnet34_EFS,imgnet_xception_FS,0.0598194130925507,0.4994356659142212,0.43961625282167055
fr_resnet34_FE,fr_deit_ALL,0.0469083155650319,0.3184079601990049,0.271499644633973
fr_resnet34_FE,fr_deit_EFS,0.038543897216274,0.2197213290460878,0.1811774318298138
fr_resnet34_FE,fr_deit_FE,0.0360169491525423,0.3142655367231638,0.27824858757062154
fr_resnet34_FE,fr_deit_FR,0.1046511627906976,0.3236434108527132,0.21899224806201562
fr_resnet34_FE,fr_deit_FS,0.1661661661661661,0.4424424424424424,0.27627627627627627
fr_resnet34_FE,fr_efficientnetb4_ALL,0.0238683127572016,0.0139917695473251,-0.0098765432098765
fr_resnet34_FE,fr_efficientnetb4_EFS,0.0,0.0094228504122497,0.0094228504122497
fr_resnet34_FE,fr_efficientnetb4_FE,0.0705882352941176,0.3779411764705882,0.3073529411764706
fr_resnet34_FE,fr_efficientnetb4_FR,0.2824427480916031,0.1814024390243902,-0.10104030906721287
fr_resnet34_FE,fr_efficientnetb4_FS,0.0240103828682673,0.022077922077922,-0.0019324607903453
fr_resnet34_FE,fr_resnet34_ALL,0.2501895375284306,0.1661608497723824,-0.08402868775604819
fr_resnet34_FE,fr_resnet34_EFS,0.0071633237822349,0.0186246418338108,0.011461318051575898
fr_resnet34_FE,fr_resnet34_FR,0.5925925925925926,0.3548664944013781,-0.23772609819121449
fr_resnet34_FE,fr_resnet34_FS,0.024390243902439,0.011743450767841,-0.012646793134598001
fr_resnet34_FE,fr_swin_ALL,0.002220577350111,0.0851221317542561,0.08290155440414511
fr_resnet34_FE,fr_swin_EFS,0.0068317677198975,0.0222032450896669,0.015371477369769399
fr_resnet34_FE,fr_swin_FE,0.3712512926577042,0.7704239917269907,0.39917269906928654
fr_resnet34_FE,fr_swin_FR,0.0396341463414634,0.1524390243902439,0.1128048780487805
fr_resnet34_FE,fr_swin_FS,0.0305206463195691,0.1561938958707361,0.125673249551167
fr_resnet34_FE,fr_vit_ALL,0.005288207297726,0.0613432046536224,0.0560549973558964
fr_resnet34_FE,fr_vit_EFS,0.0555023923444976,0.2287081339712918,0.1732057416267942
fr_resnet34_FE,fr_vit_FE,0.0547839506172839,0.3688271604938271,0.31404320987654316
fr_resnet34_FE,fr_vit_FR,0.1574697173620457,0.477792732166891,0.32032301480484526
fr_resnet34_FE,fr_vit_FS,0.0357771260997067,0.1167155425219941,0.08093841642228741
fr_resnet34_FE,fr_xception_ALL,0.1324308416715715,0.0135373749264273,-0.11889346674514419
fr_resnet34_FE,fr_xception_EFS,0.0142857142857142,0.0168067226890756,0.002521008403361398
fr_resnet34_FE,fr_xception_FE,0.2296015180265654,0.5151802656546489,0.28557874762808355
fr_resnet34_FE,fr_xception_FR,0.4474845542806708,0.2037037037037037,-0.2437808505769671
fr_resnet34_FE,fr_xception_FS,0.2275086505190311,0.174025974025974,-0.0534826764930571
fr_resnet34_FE,imgnet_deit_ALL,0.1178960096735187,0.1415607985480943,0.023664788874575612
fr_resnet34_FE,imgnet_deit_EFS,0.00546875,0.009367681498829,0.0038989314988290003
fr_resnet34_FE,imgnet_deit_FE,0.0172727272727272,0.039090909090909,0.021818181818181803
fr_resnet34_FE,imgnet_deit_FR,0.047457627118644,0.0338983050847457,-0.0135593220338983
fr_resnet34_FE,imgnet_deit_FS,0.0045766590389016,0.0053475935828877,0.0007709345439861001
fr_resnet34_FE,imgnet_efficientnetb4_ALL,0.0296924708377518,0.0493107104984093,0.0196182396606575
fr_resnet34_FE,imgnet_efficientnetb4_EFS,0.005490734385724,0.098079561042524,0.09258882665679999
fr_resnet34_FE,imgnet_efficientnetb4_FE,0.0296819787985865,0.1300353356890459,0.1003533568904594
fr_resnet34_FE,imgnet_efficientnetb4_FR,0.0023980815347721,0.005595523581135,0.0031974420463629
fr_resnet34_FE,imgnet_efficientnetb4_FS,0.0,0.0031662269129287,0.0031662269129287
fr_resnet34_FE,imgnet_resnet34_ALL,0.3051282051282051,0.5782051282051283,0.27307692307692316
fr_resnet34_FE,imgnet_resnet34_EFS,0.0269168026101141,0.433931484502447,0.4070146818923329
fr_resnet34_FE,imgnet_resnet34_FE,0.018664047151277,0.1952894995093228,0.1766254523580458
fr_resnet34_FE,imgnet_resnet34_FR,0.0350877192982456,0.1109337589784517,0.0758460396802061
fr_resnet34_FE,imgnet_resnet34_FS,0.0353598014888337,0.2289081885856079,0.19354838709677422
fr_resnet34_FE,imgnet_swin_ALL,0.0033632286995515,0.0504484304932735,0.047085201793722
fr_resnet34_FE,imgnet_swin_EFS,0.0088560885608856,0.0974169741697417,0.0885608856088561
fr_resnet34_FE,imgnet_swin_FE,0.0010706638115631,0.0331905781584582,0.0321199143468951
fr_resnet34_FE,imgnet_swin_FR,0.0037707390648567,0.0361990950226244,0.032428355957767704
fr_resnet34_FE,imgnet_swin_FS,0.006265664160401,0.0194235588972431,0.0131578947368421
fr_resnet34_FE,imgnet_vit_ALL,0.0097887686759402,0.0123647604327666,0.0025759917568264
fr_resnet34_FE,imgnet_vit_EFS,0.00625,0.0486111111111111,0.0423611111111111
fr_resnet34_FE,imgnet_vit_FE,0.0103675777568331,0.0537735849056603,0.043406007148827204
fr_resnet34_FE,imgnet_vit_FR,0.0115350488021295,0.0088888888888888,-0.0026461599132407004
fr_resnet34_FE,imgnet_vit_FS,0.0184563758389261,0.0377516778523489,0.019295302013422798
fr_resnet34_FE,imgnet_xception_ALL,0.4413869014859659,0.8149779735682819,0.37359107208231607
fr_resnet34_FE,imgnet_xception_EFS,0.1304615384615384,0.5252463054187192,0.3947847669571808
fr_resnet34_FE,imgnet_xception_FE,0.0037678975131876,0.0210843373493975,0.0173164398362099
fr_resnet34_FE,imgnet_xception_FR,0.0043103448275862,0.0080098582871226,0.0036995134595364
fr_resnet34_FE,imgnet_xception_FS,0.1015801354401805,0.5569977426636569,0.45541760722347635
fr_resnet34_FR,fr_deit_ALL,0.0739161336176261,0.5671641791044776,0.49324804548685147
fr_resnet34_FR,fr_deit_EFS,0.0963597430406852,0.3612004287245445,0.2648406856838593
fr_resnet34_FR,fr_deit_FE,0.0254237288135593,0.0734463276836158,0.0480225988700565
fr_resnet34_FR,fr_deit_FR,0.0988372093023255,0.7189922480620154,0.6201550387596899
fr_resnet34_FR,fr_deit_FS,0.086086086086086,0.5875875875875876,0.5015015015015015
fr_resnet34_FR,fr_efficientnetb4_ALL,0.442798353909465,0.9349794238683128,0.4921810699588478
fr_resnet34_FR,fr_efficientnetb4_EFS,0.0259128386336866,0.6183745583038869,0.5924617196702002
fr_resnet34_FR,fr_efficientnetb4_FE,0.1176470588235294,0.3073529411764706,0.18970588235294122
fr_resnet34_FR,fr_efficientnetb4_FR,0.8,0.9466463414634146,0.1466463414634146
fr_resnet34_FR,fr_efficientnetb4_FS,0.1576898118105126,0.8,0.6423101881894875
fr_resnet34_FR,fr_resnet34_ALL,0.6482183472327521,0.9984825493171472,0.3502642020843951
fr_resnet34_FR,fr_resnet34_EFS,0.5573065902578797,1.0,0.44269340974212035
fr_resnet34_FR,fr_resnet34_FE,0.5898353614889048,0.7441029306647605,0.1542675691758557
fr_resnet34_FR,fr_resnet34_FS,0.6874435411020777,1.0,0.3125564588979223
fr_resnet34_FR,fr_swin_ALL,0.0444115470022205,0.7113249444855663,0.6669133974833458
fr_resnet34_FR,fr_swin_EFS,0.0222032450896669,0.3108454312553373,0.2886421861656704
fr_resnet34_FR,fr_swin_FE,0.2730093071354705,0.3319544984488107,0.058945191313340195
fr_resnet34_FR,fr_swin_FR,0.258130081300813,0.9207317073170732,0.6626016260162602
fr_resnet34_FR,fr_swin_FS,0.0341113105924596,0.5745062836624776,0.5403949730700179
fr_resnet34_FR,fr_vit_ALL,0.005288207297726,0.1433104177683765,0.1380222104706505
fr_resnet34_FR,fr_vit_EFS,0.0746411483253588,0.3062200956937799,0.2315789473684211
fr_resnet34_FR,fr_vit_FE,0.0324074074074074,0.1674382716049382,0.1350308641975308
fr_resnet34_FR,fr_vit_FR,0.1991924629878869,0.7388963660834454,0.5397039030955586
fr_resnet34_FR,fr_vit_FS,0.0158357771260997,0.1824046920821114,0.1665689149560117
fr_resnet34_FR,fr_xception_ALL,0.5632725132430841,0.955267804590936,0.3919952913478518
fr_resnet34_FR,fr_xception_EFS,0.0865546218487395,0.6521008403361345,0.565546218487395
fr_resnet34_FR,fr_xception_FE,0.1394686907020872,0.4250474383301708,0.28557874762808355
fr_resnet34_FR,fr_xception_FR,0.735216240070609,0.9664902998236332,0.23127405975302417
fr_resnet34_FR,fr_xception_FS,0.6470588235294118,0.9904761904761904,0.3434173669467786
fr_resnet34_FR,imgnet_deit_ALL,0.3288996372430471,0.7519661222020568,0.4230664849590097
fr_resnet34_FR,imgnet_deit_EFS,0.03671875,0.2529274004683841,0.21620865046838408
fr_resnet34_FR,imgnet_deit_FE,0.069090909090909,0.2554545454545454,0.1863636363636364
fr_resnet34_FR,imgnet_deit_FR,0.343502824858757,0.6124293785310735,0.2689265536723165
fr_resnet34_FR,imgnet_deit_FS,0.0556826849733028,0.322383498854087,0.2667008138807842
fr_resnet34_FR,imgnet_efficientnetb4_ALL,0.1845174973488865,0.6299045599151644,0.44538706256627786
fr_resnet34_FR,imgnet_efficientnetb4_EFS,0.0583390528483184,0.5102880658436214,0.451949012995303
fr_resnet34_FR,imgnet_efficientnetb4_FE,0.0883392226148409,0.2628975265017668,0.1745583038869259
fr_resnet34_FR,imgnet_efficientnetb4_FR,0.3844924060751399,0.7665867306155076,0.38209432454036774
fr_resnet34_FR,imgnet_efficientnetb4_FS,0.0021108179419525,0.0480211081794195,0.045910290237467
fr_resnet34_FR,imgnet_resnet34_ALL,0.532051282051282,0.9314102564102564,0.3993589743589744
fr_resnet34_FR,imgnet_resnet34_EFS,0.0285481239804241,0.4869494290375203,0.4584013050570962
fr_resnet34_FR,imgnet_resnet34_FE,0.0206286836935167,0.2580961727183513,0.23746748902483458
fr_resnet34_FR,imgnet_resnet34_FR,0.5303030303030303,0.9233838786911412,0.39308084838811097
fr_resnet34_FR,imgnet_resnet34_FS,0.0601736972704714,0.5601736972704715,0.5000000000000001
fr_resnet34_FR,imgnet_swin_ALL,0.1300448430493273,0.7247757847533632,0.594730941704036
fr_resnet34_FR,imgnet_swin_EFS,0.0826568265682656,0.7365313653136532,0.6538745387453876
fr_resnet34_FR,imgnet_swin_FE,0.0042826552462526,0.1531049250535331,0.1488222698072805
fr_resnet34_FR,imgnet_swin_FR,0.1659125188536953,0.7941176470588235,0.6282051282051282
fr_resnet34_FR,imgnet_swin_FS,0.1447368421052631,0.5325814536340853,0.38784461152882216
fr_resnet34_FR,imgnet_vit_ALL,0.1179804224626481,0.4703760947964966,0.3523956723338485
fr_resnet34_FR,imgnet_vit_EFS,0.03125,0.2416666666666666,0.2104166666666666
fr_resnet34_FR,imgnet_vit_FE,0.0226201696512723,0.1886792452830188,0.1660590756317465
fr_resnet34_FR,imgnet_vit_FR,0.1339840283939662,0.6488888888888888,0.5149048604949227
fr_resnet34_FR,imgnet_vit_FS,0.0763422818791946,0.2894295302013422,0.2130872483221476
fr_resnet34_FR,imgnet_xception_ALL,0.5608145294441387,0.99284140969163,0.43202688024749136
fr_resnet34_FR,imgnet_xception_EFS,0.2596923076923076,0.791871921182266,0.5321796134899583
fr_resnet34_FR,imgnet_xception_FE,0.0075357950263752,0.0421686746987951,0.0346328796724199
fr_resnet34_FR,imgnet_xception_FR,0.0301724137931034,0.4171287738755391,0.38695636008243567
fr_resnet34_FR,imgnet_xception_FS,0.2432279909706546,0.9531602708803611,0.7099322799097065
fr_resnet34_FS,fr_deit_ALL,0.0511727078891258,0.3013503909026297,0.2501776830135039
fr_resnet34_FS,fr_deit_EFS,0.012847965738758,0.0685959271168274,0.055747961378069394
fr_resnet34_FS,fr_deit_FE,0.030367231638418,0.1094632768361582,0.07909604519774019
fr_resnet34_FS,fr_deit_FR,0.0406976744186046,0.1937984496124031,0.1531007751937985
fr_resnet34_FS,fr_deit_FS,0.1401401401401401,0.6186186186186187,0.4784784784784786
fr_resnet34_FS,fr_efficientnetb4_ALL,0.339917695473251,0.1967078189300411,-0.1432098765432099
fr_resnet34_FS,fr_efficientnetb4_EFS,0.0106007067137809,0.0035335689045936,-0.0070671378091873
fr_resnet34_FS,fr_efficientnetb4_FE,0.0397058823529411,0.0029411764705882,-0.0367647058823529
fr_resnet34_FS,fr_efficientnetb4_FR,0.4183206106870229,0.1143292682926829,-0.30399134239434
fr_resnet34_FS,fr_efficientnetb4_FS,0.445165476963011,0.6811688311688312,0.2360033542058202
fr_resnet34_FS,fr_resnet34_ALL,0.576194086429113,0.6980273141122914,0.12183322768317839
fr_resnet34_FS,fr_resnet34_EFS,0.4068767908309456,0.0845272206303724,-0.3223495702005732
fr_resnet34_FS,fr_resnet34_FE,0.5547602004294918,0.0700500357398141,-0.4847101646896777
fr_resnet34_FS,fr_resnet34_FR,0.6313522825150732,0.3083548664944013,-0.32299741602067195
fr_resnet34_FS,fr_swin_ALL,0.0140636565507031,0.2287194670614359,0.2146558105107328
fr_resnet34_FS,fr_swin_EFS,0.0034158838599487,0.0222032450896669,0.0187873612297182
fr_resnet34_FS,fr_swin_FE,0.2895553257497414,0.3195449844881075,0.029989658738366065
fr_resnet34_FS,fr_swin_FR,0.0457317073170731,0.1626016260162601,0.116869918699187
fr_resnet34_FS,fr_swin_FS,0.0610412926391382,0.6427289048473968,0.5816876122082586
fr_resnet34_FS,fr_vit_ALL,0.002644103648863,0.0576414595452141,0.0549973558963511
fr_resnet34_FS,fr_vit_EFS,0.0306220095693779,0.1339712918660287,0.10334928229665082
fr_resnet34_FS,fr_vit_FE,0.0385802469135802,0.1427469135802469,0.10416666666666671
fr_resnet34_FS,fr_vit_FR,0.1184387617765814,0.3916554508748318,0.27321668909825036
fr_resnet34_FS,fr_vit_FS,0.0310850439882697,0.2334310850439882,0.20234604105571852
fr_resnet34_FS,fr_xception_ALL,0.5150088287227781,0.0288404944084755,-0.48616833431430256
fr_resnet34_FS,fr_xception_EFS,0.0100840336134453,0.0092436974789915,-0.0008403361344538011
fr_resnet34_FS,fr_xception_FE,0.0977229601518026,0.0056925996204933,-0.0920303605313093
fr_resnet34_FS,fr_xception_FR,0.5481023830538394,0.0388007054673721,-0.5093016775864673
fr_resnet34_FS,fr_xception_FS,0.7378892733564014,0.8441558441558441,0.10626657079944268
fr_resnet34_FS,imgnet_deit_ALL,0.2980652962515115,0.1155474894131881,-0.18251780683832342
fr_resnet34_FS,imgnet_deit_EFS,0.02109375,0.0101483216237314,-0.010945428376268601
fr_resnet34_FS,imgnet_deit_FE,0.059090909090909,0.0072727272727272,-0.0518181818181818
fr_resnet34_FS,imgnet_deit_FR,0.1672316384180791,0.0112994350282485,-0.15593220338983058
fr_resnet34_FS,imgnet_deit_FS,0.1250953470633104,0.0328495034377387,-0.0922458436255717
fr_resnet34_FS,imgnet_efficientnetb4_ALL,0.1394485683987274,0.0535524920466596,-0.08589607635206781
fr_resnet34_FS,imgnet_efficientnetb4_EFS,0.0233356211393273,0.1138545953360768,0.0905189741967495
fr_resnet34_FS,imgnet_efficientnetb4_FE,0.0734982332155477,0.0106007067137809,-0.0628975265017668
fr_resnet34_FS,imgnet_efficientnetb4_FR,0.1798561151079136,0.0063948840927258,-0.17346123101518782
fr_resnet34_FS,imgnet_efficientnetb4_FS,0.0147757255936675,0.0232189973614775,0.008443271767809998
fr_resnet34_FS,imgnet_resnet34_ALL,0.4865384615384615,0.4788461538461538,-0.007692307692307665
fr_resnet34_FS,imgnet_resnet34_EFS,0.030179445350734,0.4371941272430669,0.40701468189233286
fr_resnet34_FS,imgnet_resnet34_FE,0.0117878192534381,0.0196270853778213,0.007839266124383201
fr_resnet34_FS,imgnet_resnet34_FR,0.1650717703349282,0.0079808459696727,-0.1570909243652555
fr_resnet34_FS,imgnet_resnet34_FS,0.1904466501240694,0.4820099255583127,0.2915632754342433
fr_resnet34_FS,imgnet_swin_ALL,0.0829596412556053,0.1059417040358744,0.022982062780269097
fr_resnet34_FS,imgnet_swin_EFS,0.0280442804428044,0.0309963099630996,0.002952029520295201
fr_resnet34_FS,imgnet_swin_FE,0.0021413276231263,0.0010706638115631,-0.0010706638115631998
fr_resnet34_FS,imgnet_swin_FR,0.0641025641025641,0.0060331825037707,-0.05806938159879339
fr_resnet34_FS,imgnet_swin_FS,0.3333333333333333,0.2619047619047619,-0.0714285714285714
fr_resnet34_FS,imgnet_vit_ALL,0.0556414219474497,0.0211231324059763,-0.0345182895414734
fr_resnet34_FS,imgnet_vit_EFS,0.0194444444444444,0.0381944444444444,0.01875
fr_resnet34_FS,imgnet_vit_FE,0.0226201696512723,0.0188679245283018,-0.0037522451229704996
fr_resnet34_FS,imgnet_vit_FR,0.0337178349600709,0.0026666666666666,-0.0310511682934043
fr_resnet34_FS,imgnet_vit_FS,0.2298657718120805,0.3355704697986577,0.10570469798657717
fr_resnet34_FS,imgnet_xception_ALL,0.527242707760044,0.5275330396475771,0.0002903318875331351
fr_resnet34_FS,imgnet_xception_EFS,0.2818461538461538,0.4008620689655172,0.11901591511936338
fr_resnet34_FS,imgnet_xception_FE,0.0173323285606631,0.0082831325301204,-0.009049196030542701
fr_resnet34_FS,imgnet_xception_FR,0.0129310344827586,0.0006161429451632,-0.0123148915375954
fr_resnet34_FS,imgnet_xception_FS,0.4204288939051919,0.536117381489842,0.11568848758465011
fr_swin_ALL,fr_deit_ALL,0.0390902629708599,0.84363894811656,0.8045486851457001
fr_swin_ALL,fr_deit_EFS,0.032119914346895,0.7727759914255091,0.7406560770786141
fr_swin_ALL,fr_deit_FE,0.0374293785310734,0.2132768361581921,0.1758474576271187
fr_swin_ALL,fr_deit_FR,0.0310077519379844,0.8178294573643411,0.7868217054263567
fr_swin_ALL,fr_deit_FS,0.085085085085085,0.914914914914915,0.8298298298298299
fr_swin_ALL,fr_efficientnetb4_ALL,0.0008230452674897,0.7078189300411523,0.7069958847736626
fr_swin_ALL,fr_efficientnetb4_EFS,0.0023557126030624,0.6666666666666666,0.6643109540636042
fr_swin_ALL,fr_efficientnetb4_FE,0.0,0.0867647058823529,0.0867647058823529
fr_swin_ALL,fr_efficientnetb4_FR,0.0045801526717557,0.4725609756097561,0.46798082293800036
fr_swin_ALL,fr_efficientnetb4_FS,0.0,0.6616883116883117,0.6616883116883117
fr_swin_ALL,fr_resnet34_ALL,0.0,0.7867981790591806,0.7867981790591806
fr_swin_ALL,fr_resnet34_EFS,0.0,0.7378223495702005,0.7378223495702005
fr_swin_ALL,fr_resnet34_FE,0.0042949176807444,0.2037169406719085,0.1994220229911641
fr_swin_ALL,fr_resnet34_FR,0.0,0.5960378983634798,0.5960378983634798
fr_swin_ALL,fr_resnet34_FS,0.0,0.8084914182475158,0.8084914182475158
fr_swin_ALL,fr_swin_EFS,0.8215200683176772,0.9854824935952178,0.16396242527754057
fr_swin_ALL,fr_swin_FE,0.7683557394002068,0.9203722854188212,0.15201654601861436
fr_swin_ALL,fr_swin_FR,0.7896341463414634,0.9847560975609756,0.19512195121951215
fr_swin_ALL,fr_swin_FS,0.7845601436265709,0.9964093357271095,0.21184919210053865
fr_swin_ALL,fr_vit_ALL,0.0063458487572712,0.2982548915917504,0.2919090428344792
fr_swin_ALL,fr_vit_EFS,0.0545454545454545,0.8267942583732057,0.7722488038277513
fr_swin_ALL,fr_vit_FE,0.0324074074074074,0.4614197530864197,0.4290123456790123
fr_swin_ALL,fr_vit_FR,0.1157469717362045,0.7254374158815612,0.6096904441453567
fr_swin_ALL,fr_vit_FS,0.0269794721407624,0.5378299120234604,0.5108504398826981
fr_swin_ALL,fr_xception_ALL,0.0,0.2307239552678046,0.2307239552678046
fr_swin_ALL,fr_xception_EFS,0.0,0.5789915966386555,0.5789915966386555
fr_swin_ALL,fr_xception_FE,0.0,0.1157495256166983,0.1157495256166983
fr_swin_ALL,fr_xception_FR,0.0008826125330979,0.5317460317460317,0.5308634192129339
fr_swin_ALL,fr_xception_FS,0.0,0.8692640692640693,0.8692640692640693
fr_swin_ALL,imgnet_deit_ALL,0.0012091898428053,0.1839080459770115,0.1826988561342062
fr_swin_ALL,imgnet_deit_EFS,0.0,0.0288836846213895,0.0288836846213895
fr_swin_ALL,imgnet_deit_FE,0.0027272727272727,0.1081818181818181,0.1054545454545454
fr_swin_ALL,imgnet_deit_FR,0.0,0.1367231638418079,0.1367231638418079
fr_swin_ALL,imgnet_deit_FS,0.0,0.0565317035905271,0.0565317035905271
fr_swin_ALL,imgnet_efficientnetb4_ALL,0.0190880169671261,0.1643690349946977,0.1452810180275716
fr_swin_ALL,imgnet_efficientnetb4_EFS,0.001372683596431,0.0761316872427983,0.0747590036463673
fr_swin_ALL,imgnet_efficientnetb4_FE,0.0014134275618374,0.0664310954063604,0.065017667844523
fr_swin_ALL,imgnet_efficientnetb4_FR,0.0007993605115907,0.1199040767386091,0.1191047162270184
fr_swin_ALL,imgnet_efficientnetb4_FS,0.0,0.0153034300791556,0.0153034300791556
fr_swin_ALL,imgnet_resnet34_ALL,0.0493589743589743,0.6557692307692308,0.6064102564102565
fr_swin_ALL,imgnet_resnet34_EFS,0.0,0.2357259380097879,0.2357259380097879
fr_swin_ALL,imgnet_resnet34_FE,0.0,0.0343473994111874,0.0343473994111874
fr_swin_ALL,imgnet_resnet34_FR,0.0015948963317384,0.0662410215482841,0.0646461252165457
fr_swin_ALL,imgnet_resnet34_FS,0.0037220843672456,0.1929280397022332,0.1892059553349876
fr_swin_ALL,imgnet_swin_ALL,0.0,0.1900224215246636,0.1900224215246636
fr_swin_ALL,imgnet_swin_EFS,0.0,0.1062730627306273,0.1062730627306273
fr_swin_ALL,imgnet_swin_FE,0.0,0.0203426124197002,0.0203426124197002
fr_swin_ALL,imgnet_swin_FR,0.0,0.0188536953242835,0.0188536953242835
fr_swin_ALL,imgnet_swin_FS,0.0075187969924812,0.1854636591478696,0.1779448621553884
fr_swin_ALL,imgnet_vit_ALL,0.0,0.0984028851107676,0.0984028851107676
fr_swin_ALL,imgnet_vit_EFS,0.0,0.0319444444444444,0.0319444444444444
fr_swin_ALL,imgnet_vit_FE,0.0,0.0962264150943396,0.0962264150943396
fr_swin_ALL,imgnet_vit_FR,0.0,0.0097777777777777,0.0097777777777777
fr_swin_ALL,imgnet_vit_FS,0.0008389261744966,0.0528523489932885,0.0520134228187919
fr_swin_ALL,imgnet_xception_ALL,0.0236653824986241,0.5991189427312775,0.5754535602326534
fr_swin_ALL,imgnet_xception_EFS,0.003076923076923,0.0437192118226601,0.0406422887457371
fr_swin_ALL,imgnet_xception_FE,0.0022607385079125,0.0602409638554216,0.0579802253475091
fr_swin_ALL,imgnet_xception_FR,0.0080049261083743,0.0006161429451632,-0.0073887831632111
fr_swin_ALL,imgnet_xception_FS,0.0124153498871331,0.0705417607223476,0.05812641083521449
fr_swin_EFS,fr_deit_ALL,0.0248756218905472,0.5835110163468372,0.5586353944562901
fr_swin_EFS,fr_deit_EFS,0.0931477516059957,0.789924973204716,0.6967772215987202
fr_swin_EFS,fr_deit_FE,0.0211864406779661,0.1278248587570621,0.10663841807909599
fr_swin_EFS,fr_deit_FR,0.0513565891472868,0.4699612403100775,0.4186046511627907
fr_swin_EFS,fr_deit_FS,0.027027027027027,0.6136136136136137,0.5865865865865867
fr_swin_EFS,fr_efficientnetb4_ALL,0.0008230452674897,0.0362139917695473,0.0353909465020576
fr_swin_EFS,fr_efficientnetb4_EFS,0.0035335689045936,0.5017667844522968,0.4982332155477032
fr_swin_EFS,fr_efficientnetb4_FE,0.0,0.0235294117647058,0.0235294117647058
fr_swin_EFS,fr_efficientnetb4_FR,0.0015267175572519,0.0228658536585365,0.0213391361012846
fr_swin_EFS,fr_efficientnetb4_FS,0.0,0.0188311688311688,0.0188311688311688
fr_swin_EFS,fr_resnet34_ALL,0.0,0.2845220030349014,0.2845220030349014
fr_swin_EFS,fr_resnet34_EFS,0.0,0.4498567335243553,0.4498567335243553
fr_swin_EFS,fr_resnet34_FE,0.0021474588403722,0.0564689063616869,0.0543214475213147
fr_swin_EFS,fr_resnet34_FR,0.0,0.0938845822566752,0.0938845822566752
fr_swin_EFS,fr_resnet34_FS,0.0,0.024390243902439,0.024390243902439
fr_swin_EFS,fr_swin_ALL,0.6861584011843079,0.840858623242043,0.15470022205773504
fr_swin_EFS,fr_swin_FE,0.7228541882109617,0.9565667011375388,0.23371251292657713
fr_swin_EFS,fr_swin_FR,0.6280487804878049,0.7926829268292683,0.16463414634146345
fr_swin_EFS,fr_swin_FS,0.7073608617594255,0.8725314183123878,0.1651705565529623
fr_swin_EFS,fr_vit_ALL,0.0015864621893178,0.1723955579058699,0.17080909571655212
fr_swin_EFS,fr_vit_EFS,0.077511961722488,0.8421052631578947,0.7645933014354067
fr_swin_EFS,fr_vit_FE,0.0254629629629629,0.2631172839506173,0.23765432098765438
fr_swin_EFS,fr_vit_FR,0.0686406460296096,0.5114401076716016,0.442799461641992
fr_swin_EFS,fr_vit_FS,0.0087976539589442,0.1530791788856305,0.1442815249266863
fr_swin_EFS,fr_xception_ALL,0.0,0.0,0.0
fr_swin_EFS,fr_xception_EFS,0.0,0.1546218487394958,0.1546218487394958
fr_swin_EFS,fr_xception_FE,0.0,0.0161290322580645,0.0161290322580645
fr_swin_EFS,fr_xception_FR,0.0,0.0202821869488536,0.0202821869488536
fr_swin_EFS,fr_xception_FS,0.0,0.1012987012987013,0.1012987012987013
fr_swin_EFS,imgnet_deit_ALL,0.0024183796856106,0.0084694494857834,0.0060510698001728005
fr_swin_EFS,imgnet_deit_EFS,0.0,0.0023419203747072,0.0023419203747072
fr_swin_EFS,imgnet_deit_FE,0.0036363636363636,0.05,0.046363636363636405
fr_swin_EFS,imgnet_deit_FR,0.0,0.0090395480225988,0.0090395480225988
fr_swin_EFS,imgnet_deit_FS,0.0,0.0,0.0
fr_swin_EFS,imgnet_efficientnetb4_ALL,0.0233297985153764,0.0471898197242841,0.0238600212089077
fr_swin_EFS,imgnet_efficientnetb4_EFS,0.001372683596431,0.0075445816186556,0.006171898022224599
fr_swin_EFS,imgnet_efficientnetb4_FE,0.0021201413427561,0.0204946996466431,0.018374558303886998
fr_swin_EFS,imgnet_efficientnetb4_FR,0.0031974420463629,0.023181454836131,0.019984012789768097
fr_swin_EFS,imgnet_efficientnetb4_FS,0.0015831134564643,0.0015831134564643,0.0
fr_swin_EFS,imgnet_resnet34_ALL,0.0634615384615384,0.1352564102564102,0.07179487179487179
fr_swin_EFS,imgnet_resnet34_EFS,0.0,0.0415986949429037,0.0415986949429037
fr_swin_EFS,imgnet_resnet34_FE,0.0,0.0029440628066732,0.0029440628066732
fr_swin_EFS,imgnet_resnet34_FR,0.0031897926634768,0.0071827613727055,0.0039929687092287005
fr_swin_EFS,imgnet_resnet34_FS,0.0006203473945409,0.0018610421836228,0.0012406947890819
fr_swin_EFS,imgnet_swin_ALL,0.0005605381165919,0.0033632286995515,0.0028026905829596
fr_swin_EFS,imgnet_swin_EFS,0.0,0.014760147601476,0.014760147601476
fr_swin_EFS,imgnet_swin_FE,0.0010706638115631,0.0074946466809421,0.006423982869379
fr_swin_EFS,imgnet_swin_FR,0.0,0.0007541478129713,0.0007541478129713
fr_swin_EFS,imgnet_swin_FS,0.0018796992481203,0.0025062656641604,0.0006265664160401
fr_swin_EFS,imgnet_vit_ALL,0.0,0.0005151983513652,0.0005151983513652
fr_swin_EFS,imgnet_vit_EFS,0.0,0.00625,0.00625
fr_swin_EFS,imgnet_vit_FE,0.0,0.0349056603773584,0.0349056603773584
fr_swin_EFS,imgnet_vit_FR,0.0,0.0,0.0
fr_swin_EFS,imgnet_vit_FS,0.0,0.0,0.0
fr_swin_EFS,imgnet_xception_ALL,0.0148596587782058,0.1029735682819383,0.08811390950373249
fr_swin_EFS,imgnet_xception_EFS,0.0061538461538461,0.0,-0.0061538461538461
fr_swin_EFS,imgnet_xception_FE,0.0007535795026375,0.0090361445783132,0.0082825650756757
fr_swin_EFS,imgnet_xception_FR,0.0086206896551724,0.0,-0.0086206896551724
fr_swin_EFS,imgnet_xception_FS,0.0163656884875846,0.0016930022573363,-0.0146726862302483
fr_swin_FE,fr_deit_ALL,0.005685856432125,0.2786069651741293,0.2729211087420043
fr_swin_FE,fr_deit_EFS,0.0107066381156316,0.1039657020364415,0.09325906392080989
fr_swin_FE,fr_deit_FE,0.0211864406779661,0.3806497175141243,0.3594632768361582
fr_swin_FE,fr_deit_FR,0.0155038759689922,0.2122093023255813,0.1967054263565891
fr_swin_FE,fr_deit_FS,0.007007007007007,0.2312312312312312,0.22422422422422422
fr_swin_FE,fr_efficientnetb4_ALL,0.0,0.0008230452674897,0.0008230452674897
fr_swin_FE,fr_efficientnetb4_EFS,0.0023557126030624,0.0400471142520612,0.0376914016489988
fr_swin_FE,fr_efficientnetb4_FE,0.0,0.0220588235294117,0.0220588235294117
fr_swin_FE,fr_efficientnetb4_FR,0.0,0.0076219512195121,0.0076219512195121
fr_swin_FE,fr_efficientnetb4_FS,0.0,0.0266233766233766,0.0266233766233766
fr_swin_FE,fr_resnet34_ALL,0.0,0.0128983308042488,0.0128983308042488
fr_swin_FE,fr_resnet34_EFS,0.0,0.0014326647564469,0.0014326647564469
fr_swin_FE,fr_resnet34_FE,0.003579098067287,0.1443888491779842,0.14080975111069718
fr_swin_FE,fr_resnet34_FR,0.0,0.0043066322136089,0.0043066322136089
fr_swin_FE,fr_resnet34_FS,0.0,0.009936766034327,0.009936766034327
fr_swin_FE,fr_swin_ALL,0.0251665433012583,0.2220577350111028,0.19689119170984448
fr_swin_FE,fr_swin_EFS,0.5832621690862511,0.5243381725021349,-0.05892399658411618
fr_swin_FE,fr_swin_FR,0.4563008130081301,0.4867886178861789,0.030487804878048808
fr_swin_FE,fr_swin_FS,0.5080789946140036,0.7396768402154399,0.23159784560143626
fr_swin_FE,fr_vit_ALL,0.0021152829190904,0.0745637228979376,0.0724484399788472
fr_swin_FE,fr_vit_EFS,0.0220095693779904,0.3904306220095693,0.36842105263157887
fr_swin_FE,fr_vit_FE,0.0177469135802469,0.4807098765432099,0.462962962962963
fr_swin_FE,fr_vit_FR,0.0228802153432032,0.3593539703903095,0.33647375504710625
fr_swin_FE,fr_vit_FS,0.0087976539589442,0.1237536656891495,0.1149560117302053
fr_swin_FE,fr_xception_ALL,0.0,0.0,0.0
fr_swin_FE,fr_xception_EFS,0.0,0.0,0.0
fr_swin_FE,fr_xception_FE,0.0,0.0275142314990512,0.0275142314990512
fr_swin_FE,fr_xception_FR,0.0,0.0008818342151675,0.0008818342151675
fr_swin_FE,fr_xception_FS,0.0,0.0606060606060606,0.0606060606060606
fr_swin_FE,imgnet_deit_ALL,0.0,0.0006049606775559,0.0006049606775559
fr_swin_FE,imgnet_deit_EFS,0.0,0.0,0.0
fr_swin_FE,imgnet_deit_FE,0.0,0.0072727272727272,0.0072727272727272
fr_swin_FE,imgnet_deit_FR,0.0,0.0011299435028248,0.0011299435028248
fr_swin_FE,imgnet_deit_FS,0.0,0.0,0.0
fr_swin_FE,imgnet_efficientnetb4_ALL,0.0217391304347826,0.0227995758218451,0.0010604453870625002
fr_swin_FE,imgnet_efficientnetb4_EFS,0.0,0.0013717421124828,0.0013717421124828
fr_swin_FE,imgnet_efficientnetb4_FE,0.0007067137809187,0.015547703180212,0.014840989399293299
fr_swin_FE,imgnet_efficientnetb4_FR,0.0047961630695443,0.0031974420463629,-0.0015987210231814
fr_swin_FE,imgnet_efficientnetb4_FS,0.0005277044854881,0.0005277044854881,0.0
fr_swin_FE,imgnet_resnet34_ALL,0.0429487179487179,0.0487179487179487,0.005769230769230797
fr_swin_FE,imgnet_resnet34_EFS,0.0,0.0032626427406199,0.0032626427406199
fr_swin_FE,imgnet_resnet34_FE,0.0,0.0,0.0
fr_swin_FE,imgnet_resnet34_FR,0.0023923444976076,0.0,-0.0023923444976076
fr_swin_FE,imgnet_resnet34_FS,0.0024813895781637,0.0062034739454094,0.0037220843672457
fr_swin_FE,imgnet_swin_ALL,0.0,0.0005605381165919,0.0005605381165919
fr_swin_FE,imgnet_swin_EFS,0.0,0.0,0.0
fr_swin_FE,imgnet_swin_FE,0.0010706638115631,0.0032119914346895,0.0021413276231264
fr_swin_FE,imgnet_swin_FR,0.0,0.0,0.0
fr_swin_FE,imgnet_swin_FS,0.0,0.0,0.0
fr_swin_FE,imgnet_vit_ALL,0.0,0.0,0.0
fr_swin_FE,imgnet_vit_EFS,0.0,0.0,0.0
fr_swin_FE,imgnet_vit_FE,0.0,0.0018867924528301,0.0018867924528301
fr_swin_FE,imgnet_vit_FR,0.0,0.0,0.0
fr_swin_FE,imgnet_vit_FS,0.0,0.0,0.0
fr_swin_FE,imgnet_xception_ALL,0.0126582278481012,0.1062775330396475,0.0936193051915463
fr_swin_FE,imgnet_xception_EFS,0.0055384615384615,0.0,-0.0055384615384615
fr_swin_FE,imgnet_xception_FE,0.0007535795026375,0.0112951807228915,0.010541601220254
fr_swin_FE,imgnet_xception_FR,0.0061576354679802,0.0,-0.0061576354679802
fr_swin_FE,imgnet_xception_FS,0.0146726862302483,0.0005643340857787,-0.0141083521444696
fr_swin_FR,fr_deit_ALL,0.0170575692963752,0.5138592750533049,0.49680170575692967
fr_swin_FR,fr_deit_EFS,0.0053533190578158,0.412647374062165,0.40729405500434923
fr_swin_FR,fr_deit_FE,0.0120056497175141,0.0225988700564971,0.010593220338982998
fr_swin_FR,fr_deit_FR,0.0455426356589147,0.7141472868217055,0.6686046511627908
fr_swin_FR,fr_deit_FS,0.036036036036036,0.6606606606606606,0.6246246246246246
fr_swin_FR,fr_efficientnetb4_ALL,0.0008230452674897,0.1020576131687242,0.1012345679012345
fr_swin_FR,fr_efficientnetb4_EFS,0.0023557126030624,0.143698468786808,0.14134275618374562
fr_swin_FR,fr_efficientnetb4_FE,0.0,0.0073529411764705,0.0073529411764705
fr_swin_FR,fr_efficientnetb4_FR,0.0015267175572519,0.2454268292682926,0.2439001117110407
fr_swin_FR,fr_efficientnetb4_FS,0.0,0.1155844155844155,0.1155844155844155
fr_swin_FR,fr_resnet34_ALL,0.0,0.3732928679817905,0.3732928679817905
fr_swin_FR,fr_resnet34_EFS,0.0,0.1361031518624642,0.1361031518624642
fr_swin_FR,fr_resnet34_FE,0.0014316392269148,0.0364546104360257,0.0350229712091109
fr_swin_FR,fr_resnet34_FR,0.0,0.5012919896640827,0.5012919896640827
fr_swin_FR,fr_resnet34_FS,0.0,0.1933152664859982,0.1933152664859982
fr_swin_FR,fr_swin_ALL,0.5129533678756477,0.7520355292376018,0.23908216136195404
fr_swin_FR,fr_swin_EFS,0.5277540563620837,0.7950469684030743,0.2672929120409906
fr_swin_FR,fr_swin_FE,0.4725956566701138,0.9162357807652534,0.4436401240951396
fr_swin_FR,fr_swin_FS,0.6606822262118492,0.971274685816876,0.3105924596050268
fr_swin_FR,fr_vit_ALL,0.0005288207297726,0.1597038603913273,0.15917503966155472
fr_swin_FR,fr_vit_EFS,0.0200956937799043,0.538755980861244,0.5186602870813397
fr_swin_FR,fr_vit_FE,0.007716049382716,0.0864197530864197,0.0787037037037037
fr_swin_FR,fr_vit_FR,0.1063257065948856,0.7052489905787349,0.5989232839838493
fr_swin_FR,fr_vit_FS,0.0070381231671554,0.2228739002932551,0.2158357771260997
fr_swin_FR,fr_xception_ALL,0.0,0.0070629782224838,0.0070629782224838
fr_swin_FR,fr_xception_EFS,0.0,0.0470588235294117,0.0470588235294117
fr_swin_FR,fr_xception_FE,0.0,0.0,0.0
fr_swin_FR,fr_xception_FR,0.0008826125330979,0.2989417989417989,0.298059186408701
fr_swin_FR,fr_xception_FS,0.0,0.4562770562770563,0.4562770562770563
fr_swin_FR,imgnet_deit_ALL,0.0,0.0369026013309134,0.0369026013309134
fr_swin_FR,imgnet_deit_EFS,0.0,0.0046838407494145,0.0046838407494145
fr_swin_FR,imgnet_deit_FE,0.0018181818181818,0.0154545454545454,0.0136363636363636
fr_swin_FR,imgnet_deit_FR,0.0,0.0745762711864406,0.0745762711864406
fr_swin_FR,imgnet_deit_FS,0.0,0.001527883880825,0.001527883880825
fr_swin_FR,imgnet_efficientnetb4_ALL,0.0376458112407211,0.0747613997879109,0.0371155885471898
fr_swin_FR,imgnet_efficientnetb4_EFS,0.0020590253946465,0.017832647462277,0.015773622067630503
fr_swin_FR,imgnet_efficientnetb4_FE,0.0014134275618374,0.004946996466431,0.0035335689045936
fr_swin_FR,imgnet_efficientnetb4_FR,0.0031974420463629,0.123101518784972,0.1199040767386091
fr_swin_FR,imgnet_efficientnetb4_FS,0.0,0.0,0.0
fr_swin_FR,imgnet_resnet34_ALL,0.05,0.3211538461538462,0.2711538461538462
fr_swin_FR,imgnet_resnet34_EFS,0.0,0.0261011419249592,0.0261011419249592
fr_swin_FR,imgnet_resnet34_FE,0.0,0.0,0.0
fr_swin_FR,imgnet_resnet34_FR,0.0031897926634768,0.0319233838786911,0.0287335912152143
fr_swin_FR,imgnet_resnet34_FS,0.0012406947890818,0.0260545905707196,0.0248138957816378
fr_swin_FR,imgnet_swin_ALL,0.0005605381165919,0.0302690582959641,0.0297085201793722
fr_swin_FR,imgnet_swin_EFS,0.0,0.0125461254612546,0.0125461254612546
fr_swin_FR,imgnet_swin_FE,0.0,0.0,0.0
fr_swin_FR,imgnet_swin_FR,0.0,0.0007541478129713,0.0007541478129713
fr_swin_FR,imgnet_swin_FS,0.0,0.012531328320802,0.012531328320802
fr_swin_FR,imgnet_vit_ALL,0.0,0.0061823802163833,0.0061823802163833
fr_swin_FR,imgnet_vit_EFS,0.0,0.0048611111111111,0.0048611111111111
fr_swin_FR,imgnet_vit_FE,0.0,0.0160377358490566,0.0160377358490566
fr_swin_FR,imgnet_vit_FR,0.0,0.0008888888888888,0.0008888888888888
fr_swin_FR,imgnet_vit_FS,0.0,0.0016778523489932,0.0016778523489932
fr_swin_FR,imgnet_xception_ALL,0.0165107319757842,0.3408590308370044,0.32434829886122024
fr_swin_FR,imgnet_xception_EFS,0.0049230769230769,0.001847290640394,-0.0030757862826829
fr_swin_FR,imgnet_xception_FE,0.0007535795026375,0.0015060240963855,0.000752444593748
fr_swin_FR,imgnet_xception_FR,0.0135467980295566,0.0,-0.0135467980295566
fr_swin_FR,imgnet_xception_FS,0.0118510158013544,0.0028216704288939,-0.009029345372460501
fr_swin_FS,fr_deit_ALL,0.0078180525941719,0.5081734186211798,0.5003553660270079
fr_swin_FS,fr_deit_EFS,0.0042826552462526,0.3494105037513397,0.3451278485050871
fr_swin_FS,fr_deit_FE,0.010593220338983,0.1172316384180791,0.1066384180790961
fr_swin_FS,fr_deit_FR,0.0145348837209302,0.2267441860465116,0.21220930232558138
fr_swin_FS,fr_deit_FS,0.035035035035035,0.8988988988988988,0.8638638638638638
fr_swin_FS,fr_efficientnetb4_ALL,0.0,0.0082304526748971,0.0082304526748971
fr_swin_FS,fr_efficientnetb4_EFS,0.0011778563015312,0.0212014134275618,0.0200235571260306
fr_swin_FS,fr_efficientnetb4_FE,0.0,0.0,0.0
fr_swin_FS,fr_efficientnetb4_FR,0.0015267175572519,0.0045731707317073,0.0030464531744554004
fr_swin_FS,fr_efficientnetb4_FS,0.0,0.1246753246753246,0.1246753246753246
fr_swin_FS,fr_resnet34_ALL,0.0,0.125948406676783,0.125948406676783
fr_swin_FS,fr_resnet34_EFS,0.0,0.0014326647564469,0.0014326647564469
fr_swin_FS,fr_resnet34_FE,0.0014316392269148,0.0128663330950679,0.0114346938681531
fr_swin_FS,fr_resnet34_FR,0.0,0.0094745908699397,0.0094745908699397
fr_swin_FS,fr_resnet34_FS,0.0,0.2646793134598013,0.2646793134598013
fr_swin_FS,fr_swin_ALL,0.2760917838638045,0.4951887490747594,0.2190969652109549
fr_swin_FS,fr_swin_EFS,0.336464560204953,0.5175064047822374,0.1810418445772844
fr_swin_FS,fr_swin_FE,0.2926577042399172,0.8686659772492245,0.5760082730093072
fr_swin_FS,fr_swin_FR,0.3739837398373983,0.5965447154471545,0.22256097560975618
fr_swin_FS,fr_vit_ALL,0.0010576414595452,0.1110523532522475,0.10999471179270229
fr_swin_FS,fr_vit_EFS,0.016267942583732,0.4822966507177033,0.4660287081339713
fr_swin_FS,fr_vit_FE,0.0185185185185185,0.2268518518518518,0.20833333333333331
fr_swin_FS,fr_vit_FR,0.0417227456258411,0.4306864064602961,0.388963660834455
fr_swin_FS,fr_vit_FS,0.0058651026392961,0.5237536656891496,0.5178885630498535
fr_swin_FS,fr_xception_ALL,0.0,0.0,0.0
fr_swin_FS,fr_xception_EFS,0.0,0.0067226890756302,0.0067226890756302
fr_swin_FS,fr_xception_FE,0.0,0.0009487666034155,0.0009487666034155
fr_swin_FS,fr_xception_FR,0.0,0.0008818342151675,0.0008818342151675
fr_swin_FS,fr_xception_FS,0.0,0.2216450216450216,0.2216450216450216
fr_swin_FS,imgnet_deit_ALL,0.0006045949214026,0.0030248033877797,0.0024202084663770998
fr_swin_FS,imgnet_deit_EFS,0.0,0.0,0.0
fr_swin_FS,imgnet_deit_FE,0.0018181818181818,0.0009090909090909,-0.0009090909090909
fr_swin_FS,imgnet_deit_FR,0.0,0.0,0.0
fr_swin_FS,imgnet_deit_FS,0.0015255530129672,0.001527883880825,2.3308678577999876e-06
fr_swin_FS,imgnet_efficientnetb4_ALL,0.0233297985153764,0.0259809119830328,0.0026511134676564
fr_swin_FS,imgnet_efficientnetb4_EFS,0.0006863417982155,0.0013717421124828,0.0006854003142673
fr_swin_FS,imgnet_efficientnetb4_FE,0.0007067137809187,0.0056537102473498,0.0049469964664311
fr_swin_FS,imgnet_efficientnetb4_FR,0.0047961630695443,0.0007993605115907,-0.0039968025579536
fr_swin_FS,imgnet_efficientnetb4_FS,0.0005277044854881,0.0031662269129287,0.0026385224274406
fr_swin_FS,imgnet_resnet34_ALL,0.0339743589743589,0.125,0.09102564102564109
fr_swin_FS,imgnet_resnet34_EFS,0.0,0.0008156606851549,0.0008156606851549
fr_swin_FS,imgnet_resnet34_FE,0.0,0.0,0.0
fr_swin_FS,imgnet_resnet34_FR,0.0023923444976076,0.0,-0.0023923444976076
fr_swin_FS,imgnet_resnet34_FS,0.0006203473945409,0.0204714640198511,0.0198511166253102
fr_swin_FS,imgnet_swin_ALL,0.0005605381165919,0.0022421524663677,0.0016816143497758
fr_swin_FS,imgnet_swin_EFS,0.0,0.0007380073800738,0.0007380073800738
fr_swin_FS,imgnet_swin_FE,0.0,0.0,0.0
fr_swin_FS,imgnet_swin_FR,0.0,0.0,0.0
fr_swin_FS,imgnet_swin_FS,0.0031328320802005,0.0081453634085213,0.005012531328320799
fr_swin_FS,imgnet_vit_ALL,0.0,0.0025759917568263,0.0025759917568263
fr_swin_FS,imgnet_vit_EFS,0.0,0.0013888888888888,0.0013888888888888
fr_swin_FS,imgnet_vit_FE,0.0,0.0028301886792452,0.0028301886792452
fr_swin_FS,imgnet_vit_FR,0.0,0.0,0.0
fr_swin_FS,imgnet_vit_FS,0.0,0.0109060402684563,0.0109060402684563
fr_swin_FS,imgnet_xception_ALL,0.0077050082553659,0.1503303964757709,0.142625388220405
fr_swin_FS,imgnet_xception_EFS,0.0049230769230769,0.000615763546798,-0.0043073133762789
fr_swin_FS,imgnet_xception_FE,0.001507159005275,0.003012048192771,0.001504889187496
fr_swin_FS,imgnet_xception_FR,0.0123152709359605,0.0,-0.0123152709359605
fr_swin_FS,imgnet_xception_FS,0.0197516930022573,0.0039503386004514,-0.015801354401805898
fr_vit_ALL,fr_deit_ALL,0.1918976545842217,0.9147121535181236,0.7228144989339019
fr_vit_ALL,fr_deit_EFS,0.2301927194860813,0.8713826366559485,0.6411899171698672
fr_vit_ALL,fr_deit_FE,0.1278248587570621,0.3312146892655367,0.20338983050847462
fr_vit_ALL,fr_deit_FR,0.0581395348837209,0.8488372093023255,0.7906976744186046
fr_vit_ALL,fr_deit_FS,0.2342342342342342,0.9469469469469468,0.7127127127127126
fr_vit_ALL,fr_efficientnetb4_ALL,0.0008230452674897,0.2238683127572016,0.2230452674897119
fr_vit_ALL,fr_efficientnetb4_EFS,0.0082449941107184,0.7078916372202592,0.6996466431095407
fr_vit_ALL,fr_efficientnetb4_FE,0.0029411764705882,0.3147058823529411,0.3117647058823529
fr_vit_ALL,fr_efficientnetb4_FR,0.0015267175572519,0.0503048780487804,0.0487781604915285
fr_vit_ALL,fr_efficientnetb4_FS,0.0012978585334198,0.135064935064935,0.1337670765315152
fr_vit_ALL,fr_resnet34_ALL,0.0,0.6562974203338392,0.6562974203338392
fr_vit_ALL,fr_resnet34_EFS,0.0,0.6303724928366762,0.6303724928366762
fr_vit_ALL,fr_resnet34_FE,0.0064423765211166,0.3030736240171551,0.2966312474960385
fr_vit_ALL,fr_resnet34_FR,0.0,0.3092161929371231,0.3092161929371231
fr_vit_ALL,fr_resnet34_FS,0.0,0.4299909665763324,0.4299909665763324
fr_vit_ALL,fr_swin_ALL,0.0096225018504811,0.8001480384900074,0.7905255366395263
fr_vit_ALL,fr_swin_EFS,0.0170794192997438,0.6840307429547395,0.6669513236549958
fr_vit_ALL,fr_swin_FE,0.3412616339193381,0.6163391933815926,0.2750775594622545
fr_vit_ALL,fr_swin_FR,0.0447154471544715,0.7134146341463414,0.6686991869918699
fr_vit_ALL,fr_swin_FS,0.0323159784560143,0.7360861759425493,0.703770197486535
fr_vit_ALL,fr_vit_EFS,0.6842105263157895,0.998086124401914,0.31387559808612453
fr_vit_ALL,fr_vit_FE,0.2908950617283951,0.7484567901234568,0.4575617283950617
fr_vit_ALL,fr_vit_FR,0.6621803499327052,0.8936742934051144,0.23149394347240915
fr_vit_ALL,fr_vit_FS,0.8217008797653959,0.910850439882698,0.08914956011730213
fr_vit_ALL,fr_xception_ALL,0.0,0.1748087110064744,0.1748087110064744
fr_vit_ALL,fr_xception_EFS,0.0,0.4386554621848739,0.4386554621848739
fr_vit_ALL,fr_xception_FE,0.0,0.1859582542694497,0.1859582542694497
fr_vit_ALL,fr_xception_FR,0.0,0.2583774250440917,0.2583774250440917
fr_vit_ALL,fr_xception_FS,0.0,0.3619047619047619,0.3619047619047619
fr_vit_ALL,imgnet_deit_ALL,0.0006045949214026,0.131276467029643,0.13067187210824038
fr_vit_ALL,imgnet_deit_EFS,0.00078125,0.0999219359875097,0.0991406859875097
fr_vit_ALL,imgnet_deit_FE,0.0054545454545454,0.2609090909090909,0.25545454545454555
fr_vit_ALL,imgnet_deit_FR,0.0,0.0757062146892655,0.0757062146892655
fr_vit_ALL,imgnet_deit_FS,0.0,0.0206264323911382,0.0206264323911382
fr_vit_ALL,imgnet_efficientnetb4_ALL,0.04135737009544,0.1426299045599151,0.1012725344644751
fr_vit_ALL,imgnet_efficientnetb4_EFS,0.0020590253946465,0.1920438957475994,0.1899848703529529
fr_vit_ALL,imgnet_efficientnetb4_FE,0.0035335689045936,0.2685512367491166,0.26501766784452296
fr_vit_ALL,imgnet_efficientnetb4_FR,0.0047961630695443,0.4940047961630695,0.48920863309352525
fr_vit_ALL,imgnet_efficientnetb4_FS,0.0010554089709762,0.0158311345646438,0.014775725593667601
fr_vit_ALL,imgnet_resnet34_ALL,0.1474358974358974,0.6224358974358974,0.47500000000000003
fr_vit_ALL,imgnet_resnet34_EFS,0.0,0.5261011419249593,0.5261011419249593
fr_vit_ALL,imgnet_resnet34_FE,0.0,0.2796859666339548,0.2796859666339548
fr_vit_ALL,imgnet_resnet34_FR,0.0031897926634768,0.3894652833200319,0.3862754906565551
fr_vit_ALL,imgnet_resnet34_FS,0.0018610421836228,0.1178660049627791,0.1160049627791563
fr_vit_ALL,imgnet_swin_ALL,0.0028026905829596,0.179372197309417,0.1765695067264574
fr_vit_ALL,imgnet_swin_EFS,0.0,0.2929889298892988,0.2929889298892988
fr_vit_ALL,imgnet_swin_FE,0.0,0.0738758029978586,0.0738758029978586
fr_vit_ALL,imgnet_swin_FR,0.0,0.1070889894419306,0.1070889894419306
fr_vit_ALL,imgnet_swin_FS,0.0081453634085213,0.1309523809523809,0.1228070175438596
fr_vit_ALL,imgnet_vit_ALL,0.0,0.050489438433797,0.050489438433797
fr_vit_ALL,imgnet_vit_EFS,0.0,0.0722222222222222,0.0722222222222222
fr_vit_ALL,imgnet_vit_FE,0.0,0.2415094339622641,0.2415094339622641
fr_vit_ALL,imgnet_vit_FR,0.0,0.0222222222222222,0.0222222222222222
fr_vit_ALL,imgnet_vit_FS,0.0008389261744966,0.0444630872483221,0.043624161073825496
fr_vit_ALL,imgnet_xception_ALL,0.0517336268574573,0.6018722466960352,0.5501386198385779
fr_vit_ALL,imgnet_xception_EFS,0.0006153846153846,0.2666256157635468,0.26601023114816225
fr_vit_ALL,imgnet_xception_FE,0.0007535795026375,0.1618975903614457,0.1611440108588082
fr_vit_ALL,imgnet_xception_FR,0.001231527093596,0.2667898952556993,0.2655583681621033
fr_vit_ALL,imgnet_xception_FS,0.0095936794582392,0.4926636568848758,0.4830699774266366
fr_vit_EFS,fr_deit_ALL,0.1009239516702203,0.7135749822316987,0.6126510305614784
fr_vit_EFS,fr_deit_EFS,0.2880085653104925,0.8563772775991425,0.56836871228865
fr_vit_EFS,fr_deit_FE,0.1094632768361582,0.144774011299435,0.035310734463276816
fr_vit_EFS,fr_deit_FR,0.0523255813953488,0.4069767441860465,0.3546511627906977
fr_vit_EFS,fr_deit_FS,0.1081081081081081,0.5305305305305306,0.42242242242242245
fr_vit_EFS,fr_efficientnetb4_ALL,0.0008230452674897,0.0074074074074074,0.0065843621399177
fr_vit_EFS,fr_efficientnetb4_EFS,0.0117785630153121,0.3698468786808009,0.3580683156654888
fr_vit_EFS,fr_efficientnetb4_FE,0.0,0.0838235294117647,0.0838235294117647
fr_vit_EFS,fr_efficientnetb4_FR,0.0,0.0121951219512195,0.0121951219512195
fr_vit_EFS,fr_efficientnetb4_FS,0.0,0.0032467532467532,0.0032467532467532
fr_vit_EFS,fr_resnet34_ALL,0.0,0.1919575113808801,0.1919575113808801
fr_vit_EFS,fr_resnet34_EFS,0.0,0.2106017191977077,0.2106017191977077
fr_vit_EFS,fr_resnet34_FE,0.0014316392269148,0.0957827019299499,0.0943510627030351
fr_vit_EFS,fr_resnet34_FR,0.0,0.0146425495262704,0.0146425495262704
fr_vit_EFS,fr_resnet34_FS,0.0,0.009936766034327,0.009936766034327
fr_vit_EFS,fr_swin_ALL,0.002220577350111,0.5980754996299038,0.5958549222797928
fr_vit_EFS,fr_swin_EFS,0.0187873612297181,0.6695132365499573,0.6507258753202392
fr_vit_EFS,fr_swin_FE,0.2533609100310238,0.4570837642192347,0.2037228541882109
fr_vit_EFS,fr_swin_FR,0.0020325203252032,0.25,0.2479674796747968
fr_vit_EFS,fr_swin_FS,0.0233393177737881,0.289048473967684,0.2657091561938959
fr_vit_EFS,fr_vit_ALL,0.3257535695399259,0.43204653622422,0.10629296668429411
fr_vit_EFS,fr_vit_FE,0.5694444444444444,0.6141975308641975,0.04475308641975306
fr_vit_EFS,fr_vit_FR,0.4656796769851951,0.6554508748317631,0.18977119784656804
fr_vit_EFS,fr_vit_FS,0.5026392961876833,0.3671554252199413,-0.135483870967742
fr_vit_EFS,fr_xception_ALL,0.0,0.0,0.0
fr_vit_EFS,fr_xception_EFS,0.0,0.0781512605042016,0.0781512605042016
fr_vit_EFS,fr_xception_FE,0.0,0.0388994307400379,0.0388994307400379
fr_vit_EFS,fr_xception_FR,0.0,0.0088183421516754,0.0088183421516754
fr_vit_EFS,fr_xception_FS,0.0,0.0034632034632034,0.0034632034632034
fr_vit_EFS,imgnet_deit_ALL,0.0,0.0120992135511191,0.0120992135511191
fr_vit_EFS,imgnet_deit_EFS,0.0,0.0085870413739266,0.0085870413739266
fr_vit_EFS,imgnet_deit_FE,0.0045454545454545,0.0663636363636363,0.06181818181818181
fr_vit_EFS,imgnet_deit_FR,0.0,0.0045197740112994,0.0045197740112994
fr_vit_EFS,imgnet_deit_FS,0.0,0.0,0.0
fr_vit_EFS,imgnet_efficientnetb4_ALL,0.0090137857900318,0.0609756097560975,0.0519618239660657
fr_vit_EFS,imgnet_efficientnetb4_EFS,0.0006863417982155,0.0246913580246913,0.0240050162264758
fr_vit_EFS,imgnet_efficientnetb4_FE,0.0014134275618374,0.0727915194346289,0.0713780918727915
fr_vit_EFS,imgnet_efficientnetb4_FR,0.0007993605115907,0.1007194244604316,0.0999200639488409
fr_vit_EFS,imgnet_efficientnetb4_FS,0.0,0.004221635883905,0.004221635883905
fr_vit_EFS,imgnet_resnet34_ALL,0.05,0.1134615384615384,0.0634615384615384
fr_vit_EFS,imgnet_resnet34_EFS,0.0,0.0603588907014681,0.0603588907014681
fr_vit_EFS,imgnet_resnet34_FE,0.0,0.0068694798822374,0.0068694798822374
fr_vit_EFS,imgnet_resnet34_FR,0.0,0.0039904229848363,0.0039904229848363
fr_vit_EFS,imgnet_resnet34_FS,0.0,0.0068238213399503,0.0068238213399503
fr_vit_EFS,imgnet_swin_ALL,0.0,0.007286995515695,0.007286995515695
fr_vit_EFS,imgnet_swin_EFS,0.0,0.0132841328413284,0.0132841328413284
fr_vit_EFS,imgnet_swin_FE,0.0,0.0171306209850107,0.0171306209850107
fr_vit_EFS,imgnet_swin_FR,0.0,0.0,0.0
fr_vit_EFS,imgnet_swin_FS,0.0018796992481203,0.0043859649122807,0.0025062656641604
fr_vit_EFS,imgnet_vit_ALL,0.0,0.0036063884595569,0.0036063884595569
fr_vit_EFS,imgnet_vit_EFS,0.0,0.0152777777777777,0.0152777777777777
fr_vit_EFS,imgnet_vit_FE,0.0,0.030188679245283,0.030188679245283
fr_vit_EFS,imgnet_vit_FR,0.0,0.0008888888888888,0.0008888888888888
fr_vit_EFS,imgnet_vit_FS,0.0,0.0,0.0
fr_vit_EFS,imgnet_xception_ALL,0.0220143093010456,0.0842511013215859,0.062236792020540305
fr_vit_EFS,imgnet_xception_EFS,0.0055384615384615,0.0,-0.0055384615384615
fr_vit_EFS,imgnet_xception_FE,0.0007535795026375,0.0271084337349397,0.026354854232302202
fr_vit_EFS,imgnet_xception_FR,0.0092364532019704,0.0024645717806531,-0.006771881421317301
fr_vit_EFS,imgnet_xception_FS,0.0191873589164785,0.010158013544018,-0.0090293453724605
fr_vit_FE,fr_deit_ALL,0.1478322672352523,0.5714285714285714,0.42359630419331906
fr_vit_FE,fr_deit_EFS,0.2194860813704496,0.5702036441586281,0.35071756278817856
fr_vit_FE,fr_deit_FE,0.2853107344632768,0.6080508474576272,0.32274011299435035
fr_vit_FE,fr_deit_FR,0.0532945736434108,0.064922480620155,0.0116279069767442
fr_vit_FE,fr_deit_FS,0.1571571571571571,0.3073073073073073,0.1501501501501502
fr_vit_FE,fr_efficientnetb4_ALL,0.0008230452674897,0.0016460905349794,0.0008230452674897
fr_vit_FE,fr_efficientnetb4_EFS,0.0082449941107184,0.3663133097762073,0.3580683156654889
fr_vit_FE,fr_efficientnetb4_FE,0.0029411764705882,0.2411764705882353,0.2382352941176471
fr_vit_FE,fr_efficientnetb4_FR,0.0,0.0076219512195121,0.0076219512195121
fr_vit_FE,fr_efficientnetb4_FS,0.0,0.024025974025974,0.024025974025974
fr_vit_FE,fr_resnet34_ALL,0.0,0.090288315629742,0.090288315629742
fr_vit_FE,fr_resnet34_EFS,0.0,0.0300859598853868,0.0300859598853868
fr_vit_FE,fr_resnet34_FE,0.0078740157480314,0.3016440314510364,0.293770015703005
fr_vit_FE,fr_resnet34_FR,0.0,0.0017226528854435,0.0017226528854435
fr_vit_FE,fr_resnet34_FS,0.0,0.015356820234869,0.015356820234869
fr_vit_FE,fr_swin_ALL,0.005181347150259,0.4011843079200592,0.39600296076980024
fr_vit_FE,fr_swin_EFS,0.0256191289496157,0.2843723313407344,0.2587532023911187
fr_vit_FE,fr_swin_FE,0.4229576008273009,0.8779731127197518,0.4550155118924509
fr_vit_FE,fr_swin_FR,0.0101626016260162,0.1026422764227642,0.092479674796748
fr_vit_FE,fr_swin_FS,0.03770197486535,0.1741472172351885,0.13644524236983852
fr_vit_FE,fr_vit_ALL,0.0967741935483871,0.3262823902696986,0.22950819672131148
fr_vit_FE,fr_vit_EFS,0.724401913875598,0.8995215311004785,0.17511961722488045
fr_vit_FE,fr_vit_FR,0.3674293405114401,0.3687752355316285,0.0013458950201883924
fr_vit_FE,fr_vit_FS,0.5847507331378299,0.2181818181818181,-0.3665689149560118
fr_vit_FE,fr_xception_ALL,0.0,0.0005885815185403,0.0005885815185403
fr_vit_FE,fr_xception_EFS,0.0,0.0277310924369747,0.0277310924369747
fr_vit_FE,fr_xception_FE,0.0018975332068311,0.206831119544592,0.2049335863377609
fr_vit_FE,fr_xception_FR,0.0,0.0,0.0
fr_vit_FE,fr_xception_FS,0.0,0.0034632034632034,0.0034632034632034
fr_vit_FE,imgnet_deit_ALL,0.0006045949214026,0.0036297640653357,0.0030251691439331
fr_vit_FE,imgnet_deit_EFS,0.0,0.0078064012490242,0.0078064012490242
fr_vit_FE,imgnet_deit_FE,0.0109090909090909,0.0609090909090909,0.05
fr_vit_FE,imgnet_deit_FR,0.0,0.0,0.0
fr_vit_FE,imgnet_deit_FS,0.0,0.0,0.0
fr_vit_FE,imgnet_efficientnetb4_ALL,0.024390243902439,0.0328738069989395,0.008483563096500498
fr_vit_FE,imgnet_efficientnetb4_EFS,0.0020590253946465,0.0171467764060356,0.0150877510113891
fr_vit_FE,imgnet_efficientnetb4_FE,0.0035335689045936,0.1053003533568904,0.10176678445229681
fr_vit_FE,imgnet_efficientnetb4_FR,0.0079936051159072,0.014388489208633,0.006394884092725801
fr_vit_FE,imgnet_efficientnetb4_FS,0.0005277044854881,0.0036939313984168,0.0031662269129287
fr_vit_FE,imgnet_resnet34_ALL,0.0865384615384615,0.0429487179487179,-0.043589743589743594
fr_vit_FE,imgnet_resnet34_EFS,0.0008156606851549,0.0285481239804241,0.0277324632952692
fr_vit_FE,imgnet_resnet34_FE,0.0,0.0117762512266928,0.0117762512266928
fr_vit_FE,imgnet_resnet34_FR,0.0023923444976076,0.0,-0.0023923444976076
fr_vit_FE,imgnet_resnet34_FS,0.0024813895781637,0.0080645161290322,0.005583126550868501
fr_vit_FE,imgnet_swin_ALL,0.0016816143497757,0.0022421524663677,0.0005605381165919999
fr_vit_FE,imgnet_swin_EFS,0.0,0.0169741697416974,0.0169741697416974
fr_vit_FE,imgnet_swin_FE,0.0,0.0396145610278372,0.0396145610278372
fr_vit_FE,imgnet_swin_FR,0.0,0.0,0.0
fr_vit_FE,imgnet_swin_FS,0.0037593984962406,0.0018796992481203,-0.0018796992481203
fr_vit_FE,imgnet_vit_ALL,0.0,0.0030911901081916,0.0030911901081916
fr_vit_FE,imgnet_vit_EFS,0.0,0.0118055555555555,0.0118055555555555
fr_vit_FE,imgnet_vit_FE,0.0,0.0481132075471698,0.0481132075471698
fr_vit_FE,imgnet_vit_FR,0.0,0.0,0.0
fr_vit_FE,imgnet_vit_FS,0.0,0.0008389261744966,0.0008389261744966
fr_vit_FE,imgnet_xception_ALL,0.0341221794166208,0.0225770925110132,-0.011545086905607602
fr_vit_FE,imgnet_xception_EFS,0.0036923076923076,0.000615763546798,-0.0030765441455095997
fr_vit_FE,imgnet_xception_FE,0.0007535795026375,0.0519578313253012,0.0512042518226637
fr_vit_FE,imgnet_xception_FR,0.0036945812807881,0.0006161429451632,-0.0030784383356249
fr_vit_FE,imgnet_xception_FS,0.0129796839729119,0.005079006772009,-0.0079006772009029
fr_vit_FR,fr_deit_ALL,0.0618336886993603,0.6830135039090263,0.6211798152096659
fr_vit_FR,fr_deit_EFS,0.0653104925053533,0.3987138263665595,0.3334033338612062
fr_vit_FR,fr_deit_FE,0.0338983050847457,0.0176553672316384,-0.0162429378531073
fr_vit_FR,fr_deit_FR,0.0281007751937984,0.9069767441860463,0.878875968992248
fr_vit_FR,fr_deit_FS,0.1101101101101101,0.6076076076076076,0.4974974974974975
fr_vit_FR,fr_efficientnetb4_ALL,0.0008230452674897,0.0362139917695473,0.0353909465020576
fr_vit_FR,fr_efficientnetb4_EFS,0.0011778563015312,0.2061248527679623,0.2049469964664311
fr_vit_FR,fr_efficientnetb4_FE,0.0,0.0088235294117647,0.0088235294117647
fr_vit_FR,fr_efficientnetb4_FR,0.0,0.0594512195121951,0.0594512195121951
fr_vit_FR,fr_efficientnetb4_FS,0.0,0.048051948051948,0.048051948051948
fr_vit_FR,fr_resnet34_ALL,0.0,0.381638846737481,0.381638846737481
fr_vit_FR,fr_resnet34_EFS,0.0,0.1948424068767908,0.1948424068767908
fr_vit_FR,fr_resnet34_FE,0.0,0.0407433881343817,0.0407433881343817
fr_vit_FR,fr_resnet34_FR,0.0,0.4263565891472868,0.4263565891472868
fr_vit_FR,fr_resnet34_FS,0.0,0.077687443541102,0.077687443541102
fr_vit_FR,fr_swin_ALL,0.002220577350111,0.4840858623242043,0.4818652849740933
fr_vit_FR,fr_swin_EFS,0.0059777967549103,0.3304867634500427,0.3245089666951324
fr_vit_FR,fr_swin_FE,0.1292657704239917,0.4033092037228541,0.2740434332988624
fr_vit_FR,fr_swin_FR,0.0172764227642276,0.7977642276422764,0.7804878048780488
fr_vit_FR,fr_swin_FS,0.0179533213644524,0.2549371633752244,0.23698384201077197
fr_vit_FR,fr_vit_ALL,0.0650449497620306,0.4965626652564781,0.4315177154944475
fr_vit_FR,fr_vit_EFS,0.308133971291866,0.8650717703349282,0.5569377990430622
fr_vit_FR,fr_vit_FE,0.0432098765432098,0.0794753086419753,0.0362654320987655
fr_vit_FR,fr_vit_FS,0.3483870967741935,0.6299120234604105,0.28152492668621704
fr_vit_FR,fr_xception_ALL,0.0,0.0088287227781047,0.0088287227781047
fr_vit_FR,fr_xception_EFS,0.0,0.0663865546218487,0.0663865546218487
fr_vit_FR,fr_xception_FE,0.0,0.0047438330170777,0.0047438330170777
fr_vit_FR,fr_xception_FR,0.0,0.2627865961199294,0.2627865961199294
fr_vit_FR,fr_xception_FS,0.0,0.2701298701298701,0.2701298701298701
fr_vit_FR,imgnet_deit_ALL,0.0,0.0592861464004839,0.0592861464004839
fr_vit_FR,imgnet_deit_EFS,0.0,0.0468384074941452,0.0468384074941452
fr_vit_FR,imgnet_deit_FE,0.0027272727272727,0.1354545454545454,0.13272727272727272
fr_vit_FR,imgnet_deit_FR,0.0,0.0293785310734463,0.0293785310734463
fr_vit_FR,imgnet_deit_FS,0.0,0.0045836516424751,0.0045836516424751
fr_vit_FR,imgnet_efficientnetb4_ALL,0.0121951219512195,0.108695652173913,0.0965005302226935
fr_vit_FR,imgnet_efficientnetb4_EFS,0.002745367192862,0.0445816186556927,0.041836251462830695
fr_vit_FR,imgnet_efficientnetb4_FE,0.0042402826855123,0.0431095406360424,0.0388692579505301
fr_vit_FR,imgnet_efficientnetb4_FR,0.0007993605115907,0.3389288569144684,0.3381294964028777
fr_vit_FR,imgnet_efficientnetb4_FS,0.0005277044854881,0.0068601583113456,0.0063324538258575005
fr_vit_FR,imgnet_resnet34_ALL,0.0583333333333333,0.3025641025641025,0.2442307692307692
fr_vit_FR,imgnet_resnet34_EFS,0.0,0.1525285481239804,0.1525285481239804
fr_vit_FR,imgnet_resnet34_FE,0.0,0.0461236506378802,0.0461236506378802
fr_vit_FR,imgnet_resnet34_FR,0.0,0.0845969672785315,0.0845969672785315
fr_vit_FR,imgnet_resnet34_FS,0.0006203473945409,0.0390818858560794,0.0384615384615385
fr_vit_FR,imgnet_swin_ALL,0.0005605381165919,0.0633408071748879,0.06278026905829599
fr_vit_FR,imgnet_swin_EFS,0.0,0.1055350553505535,0.1055350553505535
fr_vit_FR,imgnet_swin_FE,0.0,0.0085653104925053,0.0085653104925053
fr_vit_FR,imgnet_swin_FR,0.0,0.0377073906485671,0.0377073906485671
fr_vit_FR,imgnet_swin_FS,0.0012531328320802,0.0670426065162907,0.0657894736842105
fr_vit_FR,imgnet_vit_ALL,0.0005151983513652,0.0139103554868624,0.0133951571354972
fr_vit_FR,imgnet_vit_EFS,0.0,0.0256944444444444,0.0256944444444444
fr_vit_FR,imgnet_vit_FE,0.0,0.0811320754716981,0.0811320754716981
fr_vit_FR,imgnet_vit_FR,0.0,0.0053333333333333,0.0053333333333333
fr_vit_FR,imgnet_vit_FS,0.0016778523489932,0.0125838926174496,0.0109060402684564
fr_vit_FR,imgnet_xception_ALL,0.0170610897083104,0.3843612334801762,0.3673001437718658
fr_vit_FR,imgnet_xception_EFS,0.0043076923076923,0.0375615763546798,0.0332538840469875
fr_vit_FR,imgnet_xception_FE,0.0007535795026375,0.0338855421686747,0.0331319626660372
fr_vit_FR,imgnet_xception_FR,0.0135467980295566,0.0437461491065927,0.0301993510770361
fr_vit_FR,imgnet_xception_FS,0.0163656884875846,0.2093679458239277,0.1930022573363431
fr_vit_FS,fr_deit_ALL,0.1243781094527363,0.6730632551528074,0.5486851457000711
fr_vit_FS,fr_deit_EFS,0.1659528907922912,0.4683815648445874,0.3024286740522962
fr_vit_FS,fr_deit_FE,0.0769774011299435,0.1581920903954802,0.08121468926553671
fr_vit_FS,fr_deit_FR,0.0300387596899224,0.4040697674418604,0.374031007751938
fr_vit_FS,fr_deit_FS,0.3833833833833834,0.965965965965966,0.5825825825825826
fr_vit_FS,fr_efficientnetb4_ALL,0.0008230452674897,0.0057613168724279,0.0049382716049381995
fr_vit_FS,fr_efficientnetb4_EFS,0.0047114252061248,0.1484098939929328,0.143698468786808
fr_vit_FS,fr_efficientnetb4_FE,0.0029411764705882,0.0117647058823529,0.008823529411764699
fr_vit_FS,fr_efficientnetb4_FR,0.0,0.0045731707317073,0.0045731707317073
fr_vit_FS,fr_efficientnetb4_FS,0.0012978585334198,0.161038961038961,0.15974110250554122
fr_vit_FS,fr_resnet34_ALL,0.0,0.2207890743550834,0.2207890743550834
fr_vit_FS,fr_resnet34_EFS,0.0,0.0128939828080229,0.0128939828080229
fr_vit_FS,fr_resnet34_FE,0.0028632784538296,0.041458184417441,0.0385949059636114
fr_vit_FS,fr_resnet34_FR,0.0,0.020671834625323,0.020671834625323
fr_vit_FS,fr_resnet34_FS,0.001806684733514,0.3297199638663053,0.32791327913279134
fr_vit_FS,fr_swin_ALL,0.006661732050333,0.4300518134715025,0.4233900814211695
fr_vit_FS,fr_swin_EFS,0.0119555935098206,0.2553373185311699,0.24338172502134933
fr_vit_FS,fr_swin_FE,0.3505687693898656,0.6452947259565667,0.2947259565667011
fr_vit_FS,fr_swin_FR,0.0172764227642276,0.2957317073170731,0.2784552845528455
fr_vit_FS,fr_swin_FS,0.0700179533213644,0.919210053859964,0.8491921005385996
fr_vit_FS,fr_vit_ALL,0.1163405605499735,0.363299841353781,0.24695928080380752
fr_vit_FS,fr_vit_EFS,0.6746411483253588,0.8267942583732057,0.15215311004784693
fr_vit_FS,fr_vit_FE,0.3834876543209876,0.4058641975308642,0.022376543209876643
fr_vit_FS,fr_vit_FR,0.5921938088829072,0.7227456258411844,0.13055181695827722
fr_vit_FS,fr_xception_ALL,0.0,0.0,0.0
fr_vit_FS,fr_xception_EFS,0.0,0.007563025210084,0.007563025210084
fr_vit_FS,fr_xception_FE,0.0,0.0094876660341555,0.0094876660341555
fr_vit_FS,fr_xception_FR,0.0,0.0114638447971781,0.0114638447971781
fr_vit_FS,fr_xception_FS,0.0,0.2917748917748918,0.2917748917748918
fr_vit_FS,imgnet_deit_ALL,0.0006045949214026,0.0127041742286751,0.0120995793072725
fr_vit_FS,imgnet_deit_EFS,0.0,0.0046838407494145,0.0046838407494145
fr_vit_FS,imgnet_deit_FE,0.0045454545454545,0.0481818181818181,0.0436363636363636
fr_vit_FS,imgnet_deit_FR,0.0,0.0033898305084745,0.0033898305084745
fr_vit_FS,imgnet_deit_FS,0.0015255530129672,0.0038197097020626,0.0022941566890954
fr_vit_FS,imgnet_efficientnetb4_ALL,0.0365853658536585,0.0503711558854719,0.013785790031813398
fr_vit_FS,imgnet_efficientnetb4_EFS,0.0034317089910775,0.0102880658436214,0.006856356852543899
fr_vit_FS,imgnet_efficientnetb4_FE,0.0028268551236749,0.0247349823321554,0.0219081272084805
fr_vit_FS,imgnet_efficientnetb4_FR,0.0119904076738609,0.0799360511590727,0.06794564348521179
fr_vit_FS,imgnet_efficientnetb4_FS,0.0010554089709762,0.0089709762532981,0.0079155672823219
fr_vit_FS,imgnet_resnet34_ALL,0.1467948717948718,0.1705128205128205,0.02371794871794869
fr_vit_FS,imgnet_resnet34_EFS,0.0008156606851549,0.0154975530179445,0.0146818923327896
fr_vit_FS,imgnet_resnet34_FE,0.0,0.000981354268891,0.000981354268891
fr_vit_FS,imgnet_resnet34_FR,0.0055821371610845,0.0015961691939345,-0.00398596796715
fr_vit_FS,imgnet_resnet34_FS,0.0024813895781637,0.053349875930521,0.0508684863523573
fr_vit_FS,imgnet_swin_ALL,0.0033632286995515,0.0173766816143497,0.014013452914798202
fr_vit_FS,imgnet_swin_EFS,0.0,0.0081180811808118,0.0081180811808118
fr_vit_FS,imgnet_swin_FE,0.0,0.0010706638115631,0.0010706638115631
fr_vit_FS,imgnet_swin_FR,0.0007541478129713,0.0015082956259426,0.0007541478129713
fr_vit_FS,imgnet_swin_FS,0.012531328320802,0.0570175438596491,0.0444862155388471
fr_vit_FS,imgnet_vit_ALL,0.0005151983513652,0.0046367851622874,0.0041215868109222
fr_vit_FS,imgnet_vit_EFS,0.0,0.0055555555555555,0.0055555555555555
fr_vit_FS,imgnet_vit_FE,0.0,0.0264150943396226,0.0264150943396226
fr_vit_FS,imgnet_vit_FR,0.0,0.0,0.0
fr_vit_FS,imgnet_vit_FS,0.0008389261744966,0.0268456375838926,0.026006711409395998
fr_vit_FS,imgnet_xception_ALL,0.0588882773802971,0.138215859030837,0.0793275816505399
fr_vit_FS,imgnet_xception_EFS,0.0012307692307692,0.0,-0.0012307692307692
fr_vit_FS,imgnet_xception_FE,0.0007535795026375,0.0165662650602409,0.0158126855576034
fr_vit_FS,imgnet_xception_FR,0.0036945812807881,0.0073937153419593,0.0036991340611712
fr_vit_FS,imgnet_xception_FS,0.0135440180586907,0.0474040632054176,0.0338600451467269
fr_xception_ALL,fr_deit_ALL,0.0454868514570007,0.4406538734896943,0.3951670220326936
fr_xception_ALL,fr_deit_EFS,0.0149892933618843,0.30010718113612,0.2851178877742357
fr_xception_ALL,fr_deit_FE,0.0508474576271186,0.1574858757062147,0.1066384180790961
fr_xception_ALL,fr_deit_FR,0.1114341085271317,0.2577519379844961,0.14631782945736438
fr_xception_ALL,fr_deit_FS,0.067067067067067,0.5155155155155156,0.44844844844844856
fr_xception_ALL,fr_efficientnetb4_ALL,0.0814814814814814,0.854320987654321,0.7728395061728396
fr_xception_ALL,fr_efficientnetb4_EFS,0.0164899882214369,0.2661955241460542,0.24970553592461728
fr_xception_ALL,fr_efficientnetb4_FE,0.0102941176470588,0.0985294117647058,0.088235294117647
fr_xception_ALL,fr_efficientnetb4_FR,0.5267175572519084,0.8170731707317073,0.2903556134797989
fr_xception_ALL,fr_efficientnetb4_FS,0.0123296560674886,0.5707792207792208,0.5584495647117322
fr_xception_ALL,fr_resnet34_ALL,0.1705837755875663,0.7314112291350531,0.5608274535474868
fr_xception_ALL,fr_resnet34_EFS,0.0,0.0343839541547277,0.0343839541547277
fr_xception_ALL,fr_resnet34_FE,0.0944881889763779,0.3902787705503931,0.2957905815740152
fr_xception_ALL,fr_resnet34_FR,0.0129198966408268,0.8251507321274764,0.8122308354866495
fr_xception_ALL,fr_resnet34_FS,0.012646793134598,0.5420054200542005,0.5293586269196024
fr_xception_ALL,fr_swin_ALL,0.002220577350111,0.4196891191709844,0.4174685418208734
fr_xception_ALL,fr_swin_EFS,0.0051238257899231,0.1656703672075149,0.1605465414175918
fr_xception_ALL,fr_swin_FE,0.3236814891416752,0.4643226473629783,0.14064115822130308
fr_xception_ALL,fr_swin_FR,0.0335365853658536,0.5142276422764228,0.48069105691056924
fr_xception_ALL,fr_swin_FS,0.0161579892280071,0.2836624775583483,0.2675044883303412
fr_xception_ALL,fr_vit_ALL,0.0084611316763617,0.0994182971972501,0.0909571655208884
fr_xception_ALL,fr_vit_EFS,0.0688995215311004,0.3435406698564593,0.2746411483253589
fr_xception_ALL,fr_vit_FE,0.0709876543209876,0.2476851851851851,0.17669753086419748
fr_xception_ALL,fr_vit_FR,0.1534320323014804,0.5585464333781965,0.40511440107671615
fr_xception_ALL,fr_vit_FS,0.0228739002932551,0.2058651026392962,0.1829912023460411
fr_xception_ALL,fr_xception_EFS,0.034453781512605,0.2941176470588235,0.25966386554621845
fr_xception_ALL,fr_xception_FE,0.135673624288425,0.2561669829222011,0.12049335863377608
fr_xception_ALL,fr_xception_FR,0.909973521624007,0.948853615520282,0.038880093896275
fr_xception_ALL,fr_xception_FS,0.6176470588235294,0.9982683982683984,0.380621339444869
fr_xception_ALL,imgnet_deit_ALL,0.0399032648125755,0.6158499697519662,0.5759467049393907
fr_xception_ALL,imgnet_deit_EFS,0.00390625,0.0928961748633879,0.0889899248633879
fr_xception_ALL,imgnet_deit_FE,0.0027272727272727,0.0545454545454545,0.0518181818181818
fr_xception_ALL,imgnet_deit_FR,0.0056497175141242,0.3005649717514124,0.2949152542372882
fr_xception_ALL,imgnet_deit_FS,0.0015255530129672,0.2345301757066463,0.2330046226936791
fr_xception_ALL,imgnet_efficientnetb4_ALL,0.0466595970307529,0.6118769883351007,0.5652173913043479
fr_xception_ALL,imgnet_efficientnetb4_EFS,0.0020590253946465,0.4204389574759945,0.41837993208134805
fr_xception_ALL,imgnet_efficientnetb4_FE,0.0091872791519434,0.1215547703180212,0.1123674911660778
fr_xception_ALL,imgnet_efficientnetb4_FR,0.0031974420463629,0.2430055955235811,0.2398081534772182
fr_xception_ALL,imgnet_efficientnetb4_FS,0.0005277044854881,0.0364116094986807,0.0358839050131926
fr_xception_ALL,imgnet_resnet34_ALL,0.1897435897435897,0.9057692307692308,0.716025641025641
fr_xception_ALL,imgnet_resnet34_EFS,0.0040783034257748,0.5203915171288744,0.5163132137030997
fr_xception_ALL,imgnet_resnet34_FE,0.0,0.0372914622178606,0.0372914622178606
fr_xception_ALL,imgnet_resnet34_FR,0.0031897926634768,0.4006384676775738,0.397448675014097
fr_xception_ALL,imgnet_resnet34_FS,0.0024813895781637,0.4088089330024814,0.4063275434243177
fr_xception_ALL,imgnet_swin_ALL,0.0,0.4602017937219731,0.4602017937219731
fr_xception_ALL,imgnet_swin_EFS,0.0,0.233210332103321,0.233210332103321
fr_xception_ALL,imgnet_swin_FE,0.0,0.0042826552462526,0.0042826552462526
fr_xception_ALL,imgnet_swin_FR,0.0007541478129713,0.0995475113122171,0.0987933634992458
fr_xception_ALL,imgnet_swin_FS,0.0012531328320802,0.3421052631578947,0.3408521303258145
fr_xception_ALL,imgnet_vit_ALL,0.0005151983513652,0.4023699124162803,0.4018547140649151
fr_xception_ALL,imgnet_vit_EFS,0.0020833333333333,0.1284722222222222,0.1263888888888889
fr_xception_ALL,imgnet_vit_FE,0.000942507068803,0.0169811320754716,0.0160386250066686
fr_xception_ALL,imgnet_vit_FR,0.0,0.2071111111111111,0.2071111111111111
fr_xception_ALL,imgnet_vit_FS,0.0025167785234899,0.4916107382550335,0.48909395973154357
fr_xception_ALL,imgnet_xception_ALL,0.3692900385250413,0.9955947136563876,0.6263046751313464
fr_xception_ALL,imgnet_xception_EFS,0.0024615384615384,0.4895320197044335,0.4870704812428951
fr_xception_ALL,imgnet_xception_FE,0.001507159005275,0.0105421686746987,0.0090350096694237
fr_xception_ALL,imgnet_xception_FR,0.0043103448275862,0.0462107208872458,0.0419003760596596
fr_xception_ALL,imgnet_xception_FS,0.010158013544018,0.8019187358916479,0.7917607223476298
fr_xception_EFS,fr_deit_ALL,0.1158493248045486,0.6453447050461976,0.529495380241649
fr_xception_EFS,fr_deit_EFS,0.1284796573875803,0.5787781350482315,0.45029847766065123
fr_xception_EFS,fr_deit_FE,0.0748587570621469,0.1843220338983051,0.1094632768361582
fr_xception_EFS,fr_deit_FR,0.1124031007751938,0.4147286821705426,0.3023255813953488
fr_xception_EFS,fr_deit_FS,0.1761761761761761,0.6566566566566566,0.48048048048048053
fr_xception_EFS,fr_efficientnetb4_ALL,0.1094650205761317,0.4584362139917695,0.34897119341563776
fr_xception_EFS,fr_efficientnetb4_EFS,0.1578327444051825,0.6584216725559482,0.5005889281507657
fr_xception_EFS,fr_efficientnetb4_FE,0.0426470588235294,0.1794117647058823,0.1367647058823529
fr_xception_EFS,fr_efficientnetb4_FR,0.1404580152671755,0.2073170731707317,0.0668590579035562
fr_xception_EFS,fr_efficientnetb4_FS,0.0194678780012978,0.1785714285714285,0.1591035505701307
fr_xception_EFS,fr_resnet34_ALL,0.3047763457164518,0.625948406676783,0.3211720609603312
fr_xception_EFS,fr_resnet34_EFS,0.4498567335243553,0.8825214899713467,0.4326647564469914
fr_xception_EFS,fr_resnet34_FE,0.250536864710093,0.4281629735525375,0.1776261088424445
fr_xception_EFS,fr_resnet34_FR,0.1386735572782084,0.595176571920758,0.4565030146425496
fr_xception_EFS,fr_resnet34_FS,0.040650406504065,0.1445347786811201,0.10388437217705511
fr_xception_EFS,fr_swin_ALL,0.0177646188008882,0.5951147298297558,0.5773501110288676
fr_xception_EFS,fr_swin_EFS,0.0264730999146029,0.5730145175064048,0.5465414175918019
fr_xception_EFS,fr_swin_FE,0.2554291623578076,0.4198552223371251,0.16442605997931747
fr_xception_EFS,fr_swin_FR,0.0497967479674796,0.4613821138211382,0.41158536585365857
fr_xception_EFS,fr_swin_FS,0.0664272890484739,0.4219030520646319,0.355475763016158
fr_xception_EFS,fr_vit_ALL,0.0079323109465891,0.1406663141195135,0.1327340031729244
fr_xception_EFS,fr_vit_EFS,0.1224880382775119,0.6057416267942584,0.4832535885167465
fr_xception_EFS,fr_vit_FE,0.0933641975308642,0.3804012345679012,0.287037037037037
fr_xception_EFS,fr_vit_FR,0.1924629878869448,0.6083445491251682,0.4158815612382234
fr_xception_EFS,fr_vit_FS,0.0404692082111436,0.2093841642228739,0.1689149560117303
fr_xception_EFS,fr_xception_ALL,0.5603296056503826,0.1912889935256033,-0.3690406121247793
fr_xception_EFS,fr_xception_FE,0.6214421252371917,0.4212523719165085,-0.20018975332068317
fr_xception_EFS,fr_xception_FR,0.5322153574580759,0.5097001763668431,-0.02251518109123285
fr_xception_EFS,fr_xception_FS,0.596885813148789,0.7896103896103897,0.19272457646160068
fr_xception_EFS,imgnet_deit_ALL,0.094316807738815,0.4361766485178463,0.3418598407790313
fr_xception_EFS,imgnet_deit_EFS,0.003125,0.0967993754879,0.0936743754879
fr_xception_EFS,imgnet_deit_FE,0.019090909090909,0.0954545454545454,0.07636363636363641
fr_xception_EFS,imgnet_deit_FR,0.0135593220338983,0.0711864406779661,0.057627118644067804
fr_xception_EFS,imgnet_deit_FS,0.0183066361556064,0.1207028265851795,0.1023961904295731
fr_xception_EFS,imgnet_efficientnetb4_ALL,0.0312831389183457,0.2057264050901378,0.1744432661717921
fr_xception_EFS,imgnet_efficientnetb4_EFS,0.0205902539464653,0.4705075445816186,0.4499172906351533
fr_xception_EFS,imgnet_efficientnetb4_FE,0.0070671378091872,0.0904593639575971,0.0833922261484099
fr_xception_EFS,imgnet_efficientnetb4_FR,0.0007993605115907,0.026378896882494,0.0255795363709033
fr_xception_EFS,imgnet_efficientnetb4_FS,0.0,0.0089709762532981,0.0089709762532981
fr_xception_EFS,imgnet_resnet34_ALL,0.1923076923076923,0.8794871794871795,0.6871794871794872
fr_xception_EFS,imgnet_resnet34_EFS,0.0497553017944535,0.768352365415987,0.7185970636215334
fr_xception_EFS,imgnet_resnet34_FE,0.0019646365422396,0.2090284592737978,0.20706382273155818
fr_xception_EFS,imgnet_resnet34_FR,0.0023923444976076,0.1787709497206704,0.17637860522306278
fr_xception_EFS,imgnet_resnet34_FS,0.0130272952853598,0.3728287841191067,0.3598014888337469
fr_xception_EFS,imgnet_swin_ALL,0.0005605381165919,0.234304932735426,0.2337443946188341
fr_xception_EFS,imgnet_swin_EFS,0.018450184501845,0.3896678966789668,0.3712177121771218
fr_xception_EFS,imgnet_swin_FE,0.0010706638115631,0.032119914346895,0.031049250535331897
fr_xception_EFS,imgnet_swin_FR,0.0,0.0460030165912518,0.0460030165912518
fr_xception_EFS,imgnet_swin_FS,0.0018796992481203,0.0921052631578947,0.0902255639097744
fr_xception_EFS,imgnet_vit_ALL,0.0108191653786707,0.091705306543019,0.08088614116434831
fr_xception_EFS,imgnet_vit_EFS,0.0034722222222222,0.1083333333333333,0.1048611111111111
fr_xception_EFS,imgnet_vit_FE,0.005655042412818,0.0877358490566037,0.0820808066437857
fr_xception_EFS,imgnet_vit_FR,0.0,0.0168888888888888,0.0168888888888888
fr_xception_EFS,imgnet_vit_FS,0.011744966442953,0.1904362416107382,0.17869127516778519
fr_xception_EFS,imgnet_xception_ALL,0.3813979086406164,0.9669603524229076,0.5855624437822912
fr_xception_EFS,imgnet_xception_EFS,0.04,0.8589901477832512,0.8189901477832512
fr_xception_EFS,imgnet_xception_FE,0.0030143180105501,0.0203313253012048,0.0173170072906547
fr_xception_EFS,imgnet_xception_FR,0.0080049261083743,0.0264941466420209,0.0184892205336466
fr_xception_EFS,imgnet_xception_FS,0.0428893905191873,0.8589164785553047,0.8160270880361175
fr_xception_FE,fr_deit_ALL,0.0561478322672352,0.3987206823027718,0.3425728500355366
fr_xception_FE,fr_deit_EFS,0.0835117773019272,0.277599142550911,0.1940873652489838
fr_xception_FE,fr_deit_FE,0.0988700564971751,0.3884180790960452,0.2895480225988701
fr_xception_FE,fr_deit_FR,0.0077519379844961,0.2073643410852713,0.1996124031007752
fr_xception_FE,fr_deit_FS,0.084084084084084,0.4964964964964965,0.41241241241241255
fr_xception_FE,fr_efficientnetb4_ALL,0.0386831275720164,0.0148148148148148,-0.023868312757201596
fr_xception_FE,fr_efficientnetb4_EFS,0.1696113074204947,0.0848056537102473,-0.08480565371024741
fr_xception_FE,fr_efficientnetb4_FE,0.5470588235294118,0.5426470588235294,-0.004411764705882448
fr_xception_FE,fr_efficientnetb4_FR,0.0412213740458015,0.0137195121951219,-0.0275018618506796
fr_xception_FE,fr_efficientnetb4_FS,0.3056456846203764,0.185064935064935,-0.1205807495554414
fr_xception_FE,fr_resnet34_ALL,0.1402577710386656,0.1191198786039453,-0.021137892434720307
fr_xception_FE,fr_resnet34_EFS,0.0257879656160458,0.0,-0.0257879656160458
fr_xception_FE,fr_resnet34_FE,0.4652827487473157,0.8141529664045747,0.348870217657259
fr_xception_FE,fr_resnet34_FR,0.0068906115417743,0.0956072351421188,0.0887166236003445
fr_xception_FE,fr_resnet34_FS,0.047877145438121,0.037037037037037,-0.010840108401084
fr_xception_FE,fr_swin_ALL,0.005181347150259,0.1428571428571428,0.1376757957068838
fr_xception_FE,fr_swin_EFS,0.0102476515798462,0.0563620836891545,0.046114432109308295
fr_xception_FE,fr_swin_FE,0.327817993795243,0.7880041365046536,0.4601861427094106
fr_xception_FE,fr_swin_FR,0.0071138211382113,0.0833333333333333,0.076219512195122
fr_xception_FE,fr_swin_FS,0.0161579892280071,0.1938958707360861,0.177737881508079
fr_xception_FE,fr_vit_ALL,0.0137493389740877,0.0824960338445267,0.068746694870439
fr_xception_FE,fr_vit_EFS,0.0956937799043062,0.3100478468899521,0.21435406698564585
fr_xception_FE,fr_vit_FE,0.1813271604938271,0.4907407407407407,0.30941358024691357
fr_xception_FE,fr_vit_FR,0.0726783310901749,0.4306864064602961,0.3580080753701212
fr_xception_FE,fr_vit_FS,0.0222873900293255,0.1296187683284457,0.1073313782991202
fr_xception_FE,fr_xception_ALL,0.4785167745732784,0.0117716303708063,-0.4667451442024721
fr_xception_FE,fr_xception_EFS,0.4142857142857143,0.0722689075630252,-0.3420168067226891
fr_xception_FE,fr_xception_FR,0.4165931156222418,0.0167548500881834,-0.39983826553405843
fr_xception_FE,fr_xception_FS,0.4930795847750865,0.6935064935064935,0.200426908731407
fr_xception_FE,imgnet_deit_ALL,0.0513905683192261,0.1712038717483363,0.11981330342911019
fr_xception_FE,imgnet_deit_EFS,0.00234375,0.0054644808743169,0.0031207308743169
fr_xception_FE,imgnet_deit_FE,0.0254545454545454,0.0463636363636363,0.0209090909090909
fr_xception_FE,imgnet_deit_FR,0.0169491525423728,0.0192090395480226,0.0022598870056497987
fr_xception_FE,imgnet_deit_FS,0.0175438596491228,0.0847975553857906,0.06725369573666781
fr_xception_FE,imgnet_efficientnetb4_ALL,0.0121951219512195,0.0397667020148462,0.0275715800636267
fr_xception_FE,imgnet_efficientnetb4_EFS,0.0061770761839396,0.0480109739368998,0.0418338977529602
fr_xception_FE,imgnet_efficientnetb4_FE,0.0303886925795053,0.1081272084805653,0.07773851590106
fr_xception_FE,imgnet_efficientnetb4_FR,0.005595523581135,0.0023980815347721,-0.0031974420463629
fr_xception_FE,imgnet_efficientnetb4_FS,0.0063324538258575,0.0068601583113456,0.0005277044854881006
fr_xception_FE,imgnet_resnet34_ALL,0.0358974358974358,0.3724358974358974,0.33653846153846156
fr_xception_FE,imgnet_resnet34_EFS,0.0097879282218597,0.2797716150081566,0.2699836867862969
fr_xception_FE,imgnet_resnet34_FE,0.0088408644400785,0.112855740922473,0.10401487648239449
fr_xception_FE,imgnet_resnet34_FR,0.0,0.0111731843575419,0.0111731843575419
fr_xception_FE,imgnet_resnet34_FS,0.0161290322580645,0.216501240694789,0.20037220843672449
fr_xception_FE,imgnet_swin_ALL,0.0005605381165919,0.0269058295964125,0.0263452914798206
fr_xception_FE,imgnet_swin_EFS,0.0088560885608856,0.0568265682656826,0.047970479704797
fr_xception_FE,imgnet_swin_FE,0.006423982869379,0.0374732334047109,0.031049250535331897
fr_xception_FE,imgnet_swin_FR,0.0037707390648567,0.0037707390648567,0.0
fr_xception_FE,imgnet_swin_FS,0.0206766917293233,0.0783208020050125,0.0576441102756892
fr_xception_FE,imgnet_vit_ALL,0.0010303967027305,0.0092735703245749,0.0082431736218444
fr_xception_FE,imgnet_vit_EFS,0.0048611111111111,0.0173611111111111,0.0125
fr_xception_FE,imgnet_vit_FE,0.0084825636192271,0.0396226415094339,0.0311400778902068
fr_xception_FE,imgnet_vit_FR,0.0008873114463176,0.0,-0.0008873114463176
fr_xception_FE,imgnet_vit_FS,0.0276845637583892,0.1879194630872483,0.1602348993288591
fr_xception_FE,imgnet_xception_ALL,0.1045679691799669,0.637114537444934,0.532546568264967
fr_xception_FE,imgnet_xception_EFS,0.0166153846153846,0.375615763546798,0.3590003789314134
fr_xception_FE,imgnet_xception_FE,0.0263752825923134,0.0414156626506024,0.015040380058288998
fr_xception_FE,imgnet_xception_FR,0.0092364532019704,0.0012322858903265,-0.008004167311643901
fr_xception_FE,imgnet_xception_FS,0.0378103837471783,0.5118510158013544,0.47404063205417607
fr_xception_FR,fr_deit_ALL,0.0184790334044065,0.2892679459843639,0.2707889125799574
fr_xception_FR,fr_deit_EFS,0.0053533190578158,0.0803858520900321,0.0750325330322163
fr_xception_FR,fr_deit_FE,0.0233050847457627,0.0790960451977401,0.05579096045197741
fr_xception_FR,fr_deit_FR,0.0145348837209302,0.5232558139534884,0.5087209302325583
fr_xception_FR,fr_deit_FS,0.039039039039039,0.3623623623623623,0.3233233233233233
fr_xception_FR,fr_efficientnetb4_ALL,0.5037037037037037,0.7358024691358025,0.23209876543209884
fr_xception_FR,fr_efficientnetb4_EFS,0.0023557126030624,0.0164899882214369,0.014134275618374501
fr_xception_FR,fr_efficientnetb4_FE,0.0308823529411764,0.0058823529411764,-0.024999999999999998
fr_xception_FR,fr_efficientnetb4_FR,0.8763358778625954,0.8948170731707317,0.0184811953081363
fr_xception_FR,fr_efficientnetb4_FS,0.0155743024010382,0.0792207792207792,0.063646476819741
fr_xception_FR,fr_resnet34_ALL,0.3752843062926459,0.5895295902883156,0.21424528399566972
fr_xception_FR,fr_resnet34_EFS,0.0042979942693409,0.0042979942693409,0.0
fr_xception_FR,fr_resnet34_FE,0.2698639942734431,0.2087205146533238,-0.06114347962011929
fr_xception_FR,fr_resnet34_FR,0.4677002583979328,0.8311800172265289,0.3634797588285961
fr_xception_FR,fr_resnet34_FS,0.025293586269196,0.1300813008130081,0.10478771454381208
fr_xception_FR,fr_swin_ALL,0.004441154700222,0.2568467801628423,0.2524056254626203
fr_xception_FR,fr_swin_EFS,0.0042698548249359,0.0606319385140905,0.0563620836891546
fr_xception_FR,fr_swin_FE,0.2461220268872802,0.3464322647362978,0.1003102378490176
fr_xception_FR,fr_swin_FR,0.0914634146341463,0.6839430894308943,0.592479674796748
fr_xception_FR,fr_swin_FS,0.0287253141831238,0.0897666068222621,0.06104129263913831
fr_xception_FR,fr_vit_ALL,0.0047593865679534,0.0835536753040719,0.0787942887361185
fr_xception_FR,fr_vit_EFS,0.0239234449760765,0.1023923444976076,0.0784688995215311
fr_xception_FR,fr_vit_FE,0.0169753086419753,0.0802469135802469,0.0632716049382716
fr_xception_FR,fr_vit_FR,0.1547779273216689,0.6137281292059219,0.458950201884253
fr_xception_FR,fr_vit_FS,0.019941348973607,0.1278592375366569,0.1079178885630499
fr_xception_FR,fr_xception_ALL,0.6150676868746321,0.9140670982931136,0.2989994114184815
fr_xception_FR,fr_xception_EFS,0.1126050420168067,0.0294117647058823,-0.0831932773109244
fr_xception_FR,fr_xception_FE,0.1707779886148007,0.0142314990512333,-0.1565464895635674
fr_xception_FR,fr_xception_FS,0.6695501730103807,0.9134199134199136,0.2438697404095329
fr_xception_FR,imgnet_deit_ALL,0.087061668681983,0.4482758620689655,0.3612141933869825
fr_xception_FR,imgnet_deit_EFS,0.00078125,0.0663544106167057,0.0655731606167057
fr_xception_FR,imgnet_deit_FE,0.0009090909090909,0.0281818181818181,0.0272727272727272
fr_xception_FR,imgnet_deit_FR,0.1005649717514124,0.4203389830508474,0.319774011299435
fr_xception_FR,imgnet_deit_FS,0.0015255530129672,0.0359052711993888,0.0343797181864216
fr_xception_FR,imgnet_efficientnetb4_ALL,0.136797454931071,0.5349946977730647,0.39819724284199376
fr_xception_FR,imgnet_efficientnetb4_EFS,0.0597117364447494,0.3230452674897119,0.2633335310449625
fr_xception_FR,imgnet_efficientnetb4_FE,0.0084805653710247,0.0325088339222614,0.0240282685512367
fr_xception_FR,imgnet_efficientnetb4_FR,0.1183053557154276,0.328537170263789,0.21023181454836137
fr_xception_FR,imgnet_efficientnetb4_FS,0.0010554089709762,0.0036939313984168,0.0026385224274406
fr_xception_FR,imgnet_resnet34_ALL,0.3993589743589744,0.8903846153846153,0.49102564102564095
fr_xception_FR,imgnet_resnet34_EFS,0.0024469820554649,0.4070146818923328,0.4045676998368679
fr_xception_FR,imgnet_resnet34_FE,0.0,0.0039254170755642,0.0039254170755642
fr_xception_FR,imgnet_resnet34_FR,0.1889952153110047,0.6121308858739026,0.4231356705628979
fr_xception_FR,imgnet_resnet34_FS,0.009925558312655,0.2531017369727047,0.2431761786600497
fr_xception_FR,imgnet_swin_ALL,0.0022421524663677,0.2090807174887892,0.2068385650224215
fr_xception_FR,imgnet_swin_EFS,0.0022140221402214,0.0575645756457564,0.055350553505535
fr_xception_FR,imgnet_swin_FE,0.0,0.0,0.0
fr_xception_FR,imgnet_swin_FR,0.0,0.3009049773755656,0.3009049773755656
fr_xception_FR,imgnet_swin_FS,0.0031328320802005,0.0169172932330827,0.013784461152882198
fr_xception_FR,imgnet_vit_ALL,0.0278207109737248,0.2292632663575476,0.2014425553838228
fr_xception_FR,imgnet_vit_EFS,0.0111111111111111,0.0736111111111111,0.0625
fr_xception_FR,imgnet_vit_FE,0.001885014137606,0.0094339622641509,0.007548948126544899
fr_xception_FR,imgnet_vit_FR,0.0177462289263531,0.3511111111111111,0.333364882184758
fr_xception_FR,imgnet_vit_FS,0.011744966442953,0.0201342281879194,0.0083892617449664
fr_xception_FR,imgnet_xception_ALL,0.3324160704457897,0.9851321585903084,0.6527160881445188
fr_xception_FR,imgnet_xception_EFS,0.008,0.3928571428571428,0.3848571428571428
fr_xception_FR,imgnet_xception_FE,0.0,0.0022590361445783,0.0022590361445783
fr_xception_FR,imgnet_xception_FR,0.0123152709359605,0.0751694393099199,0.06285416837395941
fr_xception_FR,imgnet_xception_FS,0.0220090293453724,0.4887133182844244,0.46670428893905197
fr_xception_FS,fr_deit_ALL,0.0902629708599857,0.4200426439232409,0.32977967306325523
fr_xception_FS,fr_deit_EFS,0.025695931477516,0.112540192926045,0.086844261448529
fr_xception_FS,fr_deit_FE,0.059322033898305,0.1843220338983051,0.12500000000000008
fr_xception_FS,fr_deit_FR,0.1308139534883721,0.3449612403100775,0.21414728682170542
fr_xception_FS,fr_deit_FS,0.3093093093093093,0.7887887887887888,0.4794794794794795
fr_xception_FS,fr_efficientnetb4_ALL,0.4806584362139918,0.1753086419753086,-0.3053497942386832
fr_xception_FS,fr_efficientnetb4_EFS,0.005889281507656,0.0047114252061248,-0.0011778563015311999
fr_xception_FS,fr_efficientnetb4_FE,0.0029411764705882,0.0029411764705882,0.0
fr_xception_FS,fr_efficientnetb4_FR,0.5709923664122137,0.1006097560975609,-0.47038261031465284
fr_xception_FS,fr_efficientnetb4_FS,0.582089552238806,0.2331168831168831,-0.3489726691219229
fr_xception_FS,fr_resnet34_ALL,0.5261561789234268,0.3330804248861912,-0.1930757540372356
fr_xception_FS,fr_resnet34_EFS,0.0028653295128939,0.0028653295128939,0.0
fr_xception_FS,fr_resnet34_FE,0.1338582677165354,0.0464617583988563,-0.08739650931767909
fr_xception_FS,fr_resnet34_FR,0.2161929371231696,0.1136950904392764,-0.10249784668389318
fr_xception_FS,fr_resnet34_FS,0.7226738934056007,0.4995483288166215,-0.22312556458897925
fr_xception_FS,fr_swin_ALL,0.0236861584011843,0.233160621761658,0.2094744633604737
fr_xception_FS,fr_swin_EFS,0.0008539709649871,0.0512382578992314,0.0503842869342443
fr_xception_FS,fr_swin_FE,0.2306101344364012,0.4632885211995863,0.2326783867631851
fr_xception_FS,fr_swin_FR,0.0335365853658536,0.214430894308943,0.1808943089430894
fr_xception_FS,fr_swin_FS,0.1490125673249551,0.585278276481149,0.43626570915619395
fr_xception_FS,fr_vit_ALL,0.0142781597038603,0.0512956107879428,0.0370174510840825
fr_xception_FS,fr_vit_EFS,0.0535885167464114,0.1435406698564593,0.0899521531100479
fr_xception_FS,fr_vit_FE,0.0594135802469135,0.2152777777777778,0.15586419753086428
fr_xception_FS,fr_vit_FR,0.1682368775235531,0.5612382234185733,0.3930013458950202
fr_xception_FS,fr_vit_FS,0.0469208211143695,0.3202346041055718,0.2733137829912023
fr_xception_FS,fr_xception_ALL,0.607416127133608,0.0070629782224838,-0.6003531489111242
fr_xception_FS,fr_xception_EFS,0.3277310924369748,0.0033613445378151,-0.3243697478991597
fr_xception_FS,fr_xception_FE,0.3149905123339658,0.0132827324478178,-0.301707779886148
fr_xception_FS,fr_xception_FR,0.6769638128861429,0.0573192239858906,-0.6196445889002523
fr_xception_FS,imgnet_deit_ALL,0.1723095525997581,0.2686025408348457,0.09629298823508758
fr_xception_FS,imgnet_deit_EFS,0.00703125,0.0210772833723653,0.014046033372365301
fr_xception_FS,imgnet_deit_FE,0.0109090909090909,0.0172727272727272,0.0063636363636363005
fr_xception_FS,imgnet_deit_FR,0.0338983050847457,0.0112994350282485,-0.0225988700564972
fr_xception_FS,imgnet_deit_FS,0.11441647597254,0.2253628724216959,0.1109463964491559
fr_xception_FS,imgnet_efficientnetb4_ALL,0.0917285259809119,0.0493107104984093,-0.0424178154825026
fr_xception_FS,imgnet_efficientnetb4_EFS,0.0363761153054221,0.0871056241426611,0.050729508837239
fr_xception_FS,imgnet_efficientnetb4_FE,0.0106007067137809,0.0134275618374558,0.0028268551236749
fr_xception_FS,imgnet_efficientnetb4_FR,0.0103916866506794,0.0007993605115907,-0.0095923261390887
fr_xception_FS,imgnet_efficientnetb4_FS,0.0052770448548812,0.0052770448548812,0.0
fr_xception_FS,imgnet_resnet34_ALL,0.4108974358974359,0.7038461538461539,0.292948717948718
fr_xception_FS,imgnet_resnet34_EFS,0.0244698205546492,0.5350734094616639,0.5106035889070147
fr_xception_FS,imgnet_resnet34_FE,0.0009823182711198,0.0107948969578017,0.009812578686681901
fr_xception_FS,imgnet_resnet34_FR,0.0071770334928229,0.0039904229848363,-0.0031866105079866
fr_xception_FS,imgnet_resnet34_FS,0.1581885856079404,0.4906947890818858,0.3325062034739454
fr_xception_FS,imgnet_swin_ALL,0.0022421524663677,0.0711883408071748,0.0689461883408071
fr_xception_FS,imgnet_swin_EFS,0.0007380073800738,0.0169741697416974,0.016236162361623598
fr_xception_FS,imgnet_swin_FE,0.0010706638115631,0.0010706638115631,0.0
fr_xception_FS,imgnet_swin_FR,0.0,0.0,0.0
fr_xception_FS,imgnet_swin_FS,0.06265664160401,0.2387218045112782,0.1760651629072682
fr_xception_FS,imgnet_vit_ALL,0.0334878928387429,0.0432766615146831,0.009788768675940203
fr_xception_FS,imgnet_vit_EFS,0.0048611111111111,0.0486111111111111,0.04375
fr_xception_FS,imgnet_vit_FE,0.002827521206409,0.020754716981132,0.017927195774723
fr_xception_FS,imgnet_vit_FR,0.0,0.0,0.0
fr_xception_FS,imgnet_vit_FS,0.2189597315436241,0.5830536912751678,0.3640939597315437
fr_xception_FS,imgnet_xception_ALL,0.5046780407264722,0.8579295154185022,0.35325147469203
fr_xception_FS,imgnet_xception_EFS,0.0726153846153846,0.5141625615763546,0.44154717696097007
fr_xception_FS,imgnet_xception_FE,0.0067822155237377,0.0037650602409638,-0.0030171552827739003
fr_xception_FS,imgnet_xception_FR,0.0061576354679802,0.0018484288354898,-0.0043092066324904
fr_xception_FS,imgnet_xception_FS,0.1738148984198645,0.7206546275395034,0.5468397291196389
imgnet_deit_ALL,fr_deit_ALL,0.0845771144278607,0.1833688699360341,0.0987917555081734
imgnet_deit_ALL,fr_deit_EFS,0.0685224839400428,0.1307609860664523,0.06223850212640951
imgnet_deit_ALL,fr_deit_FE,0.0741525423728813,0.0932203389830508,0.019067796610169496
imgnet_deit_ALL,fr_deit_FR,0.1308139534883721,0.1986434108527131,0.06782945736434098
imgnet_deit_ALL,fr_deit_FS,0.1941941941941942,0.3293293293293293,0.1351351351351351
imgnet_deit_ALL,fr_efficientnetb4_ALL,0.0008230452674897,0.042798353909465,0.0419753086419753
imgnet_deit_ALL,fr_efficientnetb4_EFS,0.0106007067137809,0.0212014134275618,0.0106007067137809
imgnet_deit_ALL,fr_efficientnetb4_FE,0.0014705882352941,0.0058823529411764,0.0044117647058823
imgnet_deit_ALL,fr_efficientnetb4_FR,0.0045801526717557,0.1524390243902439,0.1478588717184882
imgnet_deit_ALL,fr_efficientnetb4_FS,0.0,0.072077922077922,0.072077922077922
imgnet_deit_ALL,fr_resnet34_ALL,0.0022744503411675,0.2389984825493171,0.2367240322081496
imgnet_deit_ALL,fr_resnet34_EFS,0.0,0.0028653295128939,0.0028653295128939
imgnet_deit_ALL,fr_resnet34_FE,0.007158196134574,0.0664760543245175,0.059317858189943506
imgnet_deit_ALL,fr_resnet34_FR,0.0,0.0482342807924203,0.0482342807924203
imgnet_deit_ALL,fr_resnet34_FS,0.0,0.1111111111111111,0.1111111111111111
imgnet_deit_ALL,fr_swin_ALL,0.0103626943005181,0.0754996299037749,0.0651369356032568
imgnet_deit_ALL,fr_swin_EFS,0.0111016225448334,0.0375747224594363,0.0264730999146029
imgnet_deit_ALL,fr_swin_FE,0.2512926577042399,0.3929679420889349,0.14167528438469495
imgnet_deit_ALL,fr_swin_FR,0.0304878048780487,0.1077235772357723,0.07723577235772361
imgnet_deit_ALL,fr_swin_FS,0.0323159784560143,0.1759425493716337,0.1436265709156194
imgnet_deit_ALL,fr_vit_ALL,0.0126916975145425,0.0438921205711263,0.031200423056583798
imgnet_deit_ALL,fr_vit_EFS,0.0641148325358851,0.1961722488038277,0.1320574162679426
imgnet_deit_ALL,fr_vit_FE,0.0501543209876543,0.1527777777777778,0.1026234567901235
imgnet_deit_ALL,fr_vit_FR,0.2234185733512786,0.3499327052489905,0.1265141318977119
imgnet_deit_ALL,fr_vit_FS,0.0469208211143695,0.113782991202346,0.0668621700879765
imgnet_deit_ALL,fr_xception_ALL,0.0,0.0041200706297822,0.0041200706297822
imgnet_deit_ALL,fr_xception_EFS,0.0,0.0084033613445378,0.0084033613445378
imgnet_deit_ALL,fr_xception_FE,0.0,0.0094876660341555,0.0094876660341555
imgnet_deit_ALL,fr_xception_FR,0.0035304501323918,0.0749559082892416,0.07142545815684981
imgnet_deit_ALL,fr_xception_FS,0.0008650519031141,0.2588744588744588,0.2580094069713447
imgnet_deit_ALL,imgnet_deit_EFS,0.91171875,0.8274785323965652,-0.08424021760343481
imgnet_deit_ALL,imgnet_deit_FE,0.8636363636363636,0.0763636363636363,-0.7872727272727273
imgnet_deit_ALL,imgnet_deit_FR,0.9299435028248588,0.8689265536723164,-0.06101694915254241
imgnet_deit_ALL,imgnet_deit_FS,0.9038901601830664,0.9778456837280368,0.07395552354497037
imgnet_deit_ALL,imgnet_efficientnetb4_ALL,0.0323435843054082,0.7014846235418876,0.6691410392364794
imgnet_deit_ALL,imgnet_efficientnetb4_EFS,0.0034317089910775,0.2407407407407407,0.2373090317496632
imgnet_deit_ALL,imgnet_efficientnetb4_FE,0.0,0.1328621908127208,0.1328621908127208
imgnet_deit_ALL,imgnet_efficientnetb4_FR,0.0319744204636291,0.4788169464428457,0.44684252597921664
imgnet_deit_ALL,imgnet_efficientnetb4_FS,0.0021108179419525,0.2733509234828496,0.2712401055408971
imgnet_deit_ALL,imgnet_resnet34_ALL,0.4532051282051282,0.914102564102564,0.46089743589743576
imgnet_deit_ALL,imgnet_resnet34_EFS,0.0440456769983686,0.4698205546492659,0.42577487765089733
imgnet_deit_ALL,imgnet_resnet34_FE,0.0,0.0343473994111874,0.0343473994111874
imgnet_deit_ALL,imgnet_resnet34_FR,0.0143540669856459,0.2146847565841979,0.200330689598552
imgnet_deit_ALL,imgnet_resnet34_FS,0.0310173697270471,0.6265508684863523,0.5955334987593053
imgnet_deit_ALL,imgnet_swin_ALL,0.0330717488789237,0.7724215246636771,0.7393497757847534
imgnet_deit_ALL,imgnet_swin_EFS,0.0059040590405904,0.5409594095940959,0.5350553505535055
imgnet_deit_ALL,imgnet_swin_FE,0.0053533190578158,0.038543897216274,0.033190578158458196
imgnet_deit_ALL,imgnet_swin_FR,0.0128205128205128,0.4834087481146304,0.47058823529411764
imgnet_deit_ALL,imgnet_swin_FS,0.0808270676691729,0.9097744360902256,0.8289473684210527
imgnet_deit_ALL,imgnet_vit_ALL,0.0298815043791859,0.652241112828439,0.6223596084492531
imgnet_deit_ALL,imgnet_vit_EFS,0.0659722222222222,0.2875,0.22152777777777777
imgnet_deit_ALL,imgnet_vit_FE,0.0254476908576814,0.0490566037735849,0.0236089129159035
imgnet_deit_ALL,imgnet_vit_FR,0.0488021295474711,0.384,0.3351978704525289
imgnet_deit_ALL,imgnet_vit_FS,0.212248322147651,0.7969798657718121,0.5847315436241611
imgnet_deit_ALL,imgnet_xception_ALL,0.2718767198679141,0.9691629955947136,0.6972862757267995
imgnet_deit_ALL,imgnet_xception_EFS,0.008,0.3208128078817734,0.3128128078817734
imgnet_deit_ALL,imgnet_xception_FE,0.001507159005275,0.0301204819277108,0.0286133229224358
imgnet_deit_ALL,imgnet_xception_FR,0.0030788177339901,0.1947011706715958,0.1916223529376057
imgnet_deit_ALL,imgnet_xception_FS,0.0158013544018058,0.7832957110609481,0.7674943566591423
imgnet_deit_EFS,fr_deit_ALL,0.0497512437810945,0.1172707889125799,0.06751954513148539
imgnet_deit_EFS,fr_deit_EFS,0.0792291220556745,0.1907824222936763,0.1115533002380018
imgnet_deit_EFS,fr_deit_FE,0.0529661016949152,0.0451977401129943,-0.007768361581920902
imgnet_deit_EFS,fr_deit_FR,0.0503875968992248,0.1046511627906976,0.0542635658914728
imgnet_deit_EFS,fr_deit_FS,0.1011011011011011,0.1681681681681681,0.067067067067067
imgnet_deit_EFS,fr_efficientnetb4_ALL,0.0008230452674897,0.0082304526748971,0.007407407407407399
imgnet_deit_EFS,fr_efficientnetb4_EFS,0.0082449941107184,0.055359246171967,0.0471142520612486
imgnet_deit_EFS,fr_efficientnetb4_FE,0.0,0.0073529411764705,0.0073529411764705
imgnet_deit_EFS,fr_efficientnetb4_FR,0.0,0.0304878048780487,0.0304878048780487
imgnet_deit_EFS,fr_efficientnetb4_FS,0.0006489292667099,0.0318181818181818,0.0311692525514719
imgnet_deit_EFS,fr_resnet34_ALL,0.001516300227445,0.165402124430956,0.163885824203511
imgnet_deit_EFS,fr_resnet34_EFS,0.0,0.0143266475644699,0.0143266475644699
imgnet_deit_EFS,fr_resnet34_FE,0.0042949176807444,0.0300214438884917,0.025726526207747298
imgnet_deit_EFS,fr_resnet34_FR,0.0,0.0335917312661498,0.0335917312661498
imgnet_deit_EFS,fr_resnet34_FS,0.0,0.032520325203252,0.032520325203252
imgnet_deit_EFS,fr_swin_ALL,0.001480384900074,0.0429311621021465,0.0414507772020725
imgnet_deit_EFS,fr_swin_EFS,0.0085397096498719,0.0623398804440649,0.053800170794193004
imgnet_deit_EFS,fr_swin_FE,0.218200620475698,0.2585315408479834,0.04033092037228542
imgnet_deit_EFS,fr_swin_FR,0.0091463414634146,0.0660569105691056,0.056910569105691006
imgnet_deit_EFS,fr_swin_FS,0.0125673249551166,0.0430879712746858,0.030520646319569196
imgnet_deit_EFS,fr_vit_ALL,0.0047593865679534,0.0232681121099947,0.0185087255420413
imgnet_deit_EFS,fr_vit_EFS,0.0688995215311004,0.2488038277511961,0.1799043062200957
imgnet_deit_EFS,fr_vit_FE,0.044753086419753,0.0787037037037037,0.033950617283950706
imgnet_deit_EFS,fr_vit_FR,0.1197846567967698,0.215343203230148,0.09555854643337819
imgnet_deit_EFS,fr_vit_FS,0.032258064516129,0.0451612903225806,0.012903225806451604
imgnet_deit_EFS,fr_xception_ALL,0.0,0.0070629782224838,0.0070629782224838
imgnet_deit_EFS,fr_xception_EFS,0.0,0.0184873949579831,0.0184873949579831
imgnet_deit_EFS,fr_xception_FE,0.0,0.0075901328273244,0.0075901328273244
imgnet_deit_EFS,fr_xception_FR,0.0026478375992939,0.037037037037037,0.0343891994377431
imgnet_deit_EFS,fr_xception_FS,0.0,0.1229437229437229,0.1229437229437229
imgnet_deit_EFS,imgnet_deit_ALL,0.7055622732769045,0.9340592861464004,0.22849701286949597
imgnet_deit_EFS,imgnet_deit_FE,0.911818181818182,0.3554545454545454,-0.5563636363636366
imgnet_deit_EFS,imgnet_deit_FR,0.4836158192090395,0.4542372881355932,-0.02937853107344629
imgnet_deit_EFS,imgnet_deit_FS,0.6521739130434783,0.8258212375859435,0.17364732454246523
imgnet_deit_EFS,imgnet_efficientnetb4_ALL,0.0312831389183457,0.372746553552492,0.34146341463414626
imgnet_deit_EFS,imgnet_efficientnetb4_EFS,0.0048043925875085,0.3374485596707819,0.33264416708327343
imgnet_deit_EFS,imgnet_efficientnetb4_FE,0.0120141342756183,0.1201413427561837,0.1081272084805654
imgnet_deit_EFS,imgnet_efficientnetb4_FR,0.0127897681854516,0.2589928057553957,0.24620303756994408
imgnet_deit_EFS,imgnet_efficientnetb4_FS,0.0015831134564643,0.091820580474934,0.0902374670184697
imgnet_deit_EFS,imgnet_resnet34_ALL,0.2365384615384615,0.7673076923076924,0.5307692307692309
imgnet_deit_EFS,imgnet_resnet34_EFS,0.064437194127243,0.5269168026101142,0.4624796084828712
imgnet_deit_EFS,imgnet_resnet34_FE,0.0029469548133595,0.0441609421000981,0.0412139872867386
imgnet_deit_EFS,imgnet_resnet34_FR,0.003987240829346,0.1715881883479648,0.1676009475186188
imgnet_deit_EFS,imgnet_resnet34_FS,0.0037220843672456,0.1941687344913151,0.1904466501240695
imgnet_deit_EFS,imgnet_swin_ALL,0.015134529147982,0.3643497757847533,0.3492152466367713
imgnet_deit_EFS,imgnet_swin_EFS,0.0678966789667896,0.7468634686346863,0.6789667896678967
imgnet_deit_EFS,imgnet_swin_FE,0.0182012847965738,0.1049250535331905,0.08672376873661669
imgnet_deit_EFS,imgnet_swin_FR,0.0007541478129713,0.2104072398190045,0.2096530920060332
imgnet_deit_EFS,imgnet_swin_FS,0.0106516290726817,0.337719298245614,0.3270676691729323
imgnet_deit_EFS,imgnet_vit_ALL,0.0041215868109222,0.1313755795981452,0.127253992787223
imgnet_deit_EFS,imgnet_vit_EFS,0.2138888888888888,0.6652777777777777,0.45138888888888895
imgnet_deit_EFS,imgnet_vit_FE,0.0735155513666352,0.2018867924528302,0.128371241086195
imgnet_deit_EFS,imgnet_vit_FR,0.0044365572315882,0.1075555555555555,0.1031189983239673
imgnet_deit_EFS,imgnet_vit_FS,0.0192953020134228,0.2407718120805369,0.2214765100671141
imgnet_deit_EFS,imgnet_xception_ALL,0.1309851403412218,0.8480176211453745,0.7170324808041527
imgnet_deit_EFS,imgnet_xception_EFS,0.0166153846153846,0.3362068965517241,0.3195915119363395
imgnet_deit_EFS,imgnet_xception_FE,0.0045214770158251,0.0572289156626506,0.0527074386468255
imgnet_deit_EFS,imgnet_xception_FR,0.0043103448275862,0.2248921749845964,0.22058183015701022
imgnet_deit_EFS,imgnet_xception_FS,0.015237020316027,0.5914221218961625,0.5761851015801355
imgnet_deit_FE,fr_deit_ALL,0.0440653873489694,0.0895522388059701,0.0454868514570007
imgnet_deit_FE,fr_deit_EFS,0.0610278372591006,0.0760986066452304,0.0150707693861298
imgnet_deit_FE,fr_deit_FE,0.0451977401129943,0.0734463276836158,0.028248587570621493
imgnet_deit_FE,fr_deit_FR,0.0397286821705426,0.0319767441860465,-0.007751937984496103
imgnet_deit_FE,fr_deit_FS,0.095095095095095,0.1151151151151151,0.020020020020020096
imgnet_deit_FE,fr_efficientnetb4_ALL,0.0008230452674897,0.0049382716049382,0.0041152263374485
imgnet_deit_FE,fr_efficientnetb4_EFS,0.0070671378091872,0.0482921083627797,0.041224970553592505
imgnet_deit_FE,fr_efficientnetb4_FE,0.0,0.0220588235294117,0.0220588235294117
imgnet_deit_FE,fr_efficientnetb4_FR,0.0,0.0152439024390243,0.0152439024390243
imgnet_deit_FE,fr_efficientnetb4_FS,0.0,0.0954545454545454,0.0954545454545454
imgnet_deit_FE,fr_resnet34_ALL,0.0053070507960576,0.1160849772382397,0.1107779264421821
imgnet_deit_FE,fr_resnet34_EFS,0.0,0.0114613180515759,0.0114613180515759
imgnet_deit_FE,fr_resnet34_FE,0.0042949176807444,0.0721944245889921,0.0678995069082477
imgnet_deit_FE,fr_resnet34_FR,0.0,0.0086132644272179,0.0086132644272179
imgnet_deit_FE,fr_resnet34_FS,0.0,0.042457091237579,0.042457091237579
imgnet_deit_FE,fr_swin_ALL,0.004441154700222,0.0192450037009622,0.0148038490007402
imgnet_deit_FE,fr_swin_EFS,0.0059777967549103,0.0324508966695132,0.0264730999146029
imgnet_deit_FE,fr_swin_FE,0.2140641158221303,0.2171664943123061,0.0031023784901758056
imgnet_deit_FE,fr_swin_FR,0.0091463414634146,0.0193089430894308,0.010162601626016201
imgnet_deit_FE,fr_swin_FS,0.0125673249551166,0.0269299820466786,0.014362657091562
imgnet_deit_FE,fr_vit_ALL,0.0047593865679534,0.0148069804336329,0.0100475938656795
imgnet_deit_FE,fr_vit_EFS,0.0440191387559808,0.1186602870813397,0.0746411483253589
imgnet_deit_FE,fr_vit_FE,0.0439814814814814,0.099537037037037,0.055555555555555594
imgnet_deit_FE,fr_vit_FR,0.0726783310901749,0.1292059219380888,0.05652759084791391
imgnet_deit_FE,fr_vit_FS,0.0316715542521994,0.0404692082111436,0.008797653958944204
imgnet_deit_FE,fr_xception_ALL,0.0,0.0082401412595644,0.0082401412595644
imgnet_deit_FE,fr_xception_EFS,0.0,0.0235294117647058,0.0235294117647058
imgnet_deit_FE,fr_xception_FE,0.0,0.0654648956356736,0.0654648956356736
imgnet_deit_FE,fr_xception_FR,0.0017652250661959,0.0185185185185185,0.0167532934523226
imgnet_deit_FE,fr_xception_FS,0.0008650519031141,0.1688311688311688,0.16796611692805472
imgnet_deit_FE,imgnet_deit_ALL,0.5761789600967352,0.6055656382335148,0.029386678136779643
imgnet_deit_FE,imgnet_deit_EFS,0.78359375,0.8469945355191257,0.06340078551912576
imgnet_deit_FE,imgnet_deit_FR,0.3152542372881356,0.1604519774011299,-0.15480225988700572
imgnet_deit_FE,imgnet_deit_FS,0.5644546147978642,0.5546218487394958,-0.009832766058368358
imgnet_deit_FE,imgnet_efficientnetb4_ALL,0.0116648992576882,0.2269353128313891,0.2152704135737009
imgnet_deit_FE,imgnet_efficientnetb4_EFS,0.0006863417982155,0.0857338820301783,0.0850475402319628
imgnet_deit_FE,imgnet_efficientnetb4_FE,0.0070671378091872,0.3710247349823322,0.36395759717314496
imgnet_deit_FE,imgnet_efficientnetb4_FR,0.0095923261390887,0.2054356514788169,0.1958433253397282
imgnet_deit_FE,imgnet_efficientnetb4_FS,0.0005277044854881,0.1440633245382585,0.1435356200527704
imgnet_deit_FE,imgnet_resnet34_ALL,0.157051282051282,0.517948717948718,0.360897435897436
imgnet_deit_FE,imgnet_resnet34_EFS,0.0171288743882544,0.2145187601957585,0.1973898858075041
imgnet_deit_FE,imgnet_resnet34_FE,0.0039292730844793,0.2227674190382728,0.2188381459537935
imgnet_deit_FE,imgnet_resnet34_FR,0.0031897926634768,0.1165203511572226,0.1133305584937458
imgnet_deit_FE,imgnet_resnet34_FS,0.0086848635235732,0.2071960297766749,0.1985111662531017
imgnet_deit_FE,imgnet_swin_ALL,0.0022421524663677,0.1395739910313901,0.1373318385650224
imgnet_deit_FE,imgnet_swin_EFS,0.0044280442804428,0.262730627306273,0.2583025830258302
imgnet_deit_FE,imgnet_swin_FE,0.0235546038543897,0.284796573875803,0.2612419700214133
imgnet_deit_FE,imgnet_swin_FR,0.0015082956259426,0.1425339366515837,0.1410256410256411
imgnet_deit_FE,imgnet_swin_FS,0.0050125313283208,0.3220551378446115,0.3170426065162907
imgnet_deit_FE,imgnet_vit_ALL,0.0,0.0273055126223596,0.0273055126223596
imgnet_deit_FE,imgnet_vit_EFS,0.0326388888888888,0.3388888888888889,0.30625000000000013
imgnet_deit_FE,imgnet_vit_FE,0.0735155513666352,0.530188679245283,0.4566731278786478
imgnet_deit_FE,imgnet_vit_FR,0.0026619343389529,0.048,0.0453380656610471
imgnet_deit_FE,imgnet_vit_FS,0.0041946308724832,0.2164429530201342,0.212248322147651
imgnet_deit_FE,imgnet_xception_ALL,0.093010456796918,0.5616740088105727,0.4686635520136547
imgnet_deit_FE,imgnet_xception_EFS,0.008,0.1102216748768473,0.1022216748768473
imgnet_deit_FE,imgnet_xception_FE,0.0030143180105501,0.3004518072289157,0.2974374892183656
imgnet_deit_FE,imgnet_xception_FR,0.0049261083743842,0.1435613062230437,0.1386351978486595
imgnet_deit_FE,imgnet_xception_FS,0.0146726862302483,0.4503386004514673,0.435665914221219
imgnet_deit_FR,fr_deit_ALL,0.0412224591329069,0.0803127221037668,0.03909026297085991
imgnet_deit_FR,fr_deit_EFS,0.0235546038543897,0.0439442658092175,0.0203896619548278
imgnet_deit_FR,fr_deit_FE,0.0402542372881355,0.0346045197740113,-0.0056497175141242
imgnet_deit_FR,fr_deit_FR,0.0591085271317829,0.1928294573643411,0.1337209302325582
imgnet_deit_FR,fr_deit_FS,0.072072072072072,0.1051051051051051,0.03303303303303309
imgnet_deit_FR,fr_efficientnetb4_ALL,0.0008230452674897,0.0139917695473251,0.0131687242798354
imgnet_deit_FR,fr_efficientnetb4_EFS,0.0047114252061248,0.0047114252061248,0.0
imgnet_deit_FR,fr_efficientnetb4_FE,0.0014705882352941,0.0044117647058823,0.0029411764705881997
imgnet_deit_FR,fr_efficientnetb4_FR,0.0030534351145038,0.1631097560975609,0.1600563209830571
imgnet_deit_FR,fr_efficientnetb4_FS,0.0,0.0097402597402597,0.0097402597402597
imgnet_deit_FR,fr_resnet34_ALL,0.0007581501137225,0.0698027314112291,0.0690445812975066
imgnet_deit_FR,fr_resnet34_EFS,0.0,0.0014326647564469,0.0014326647564469
imgnet_deit_FR,fr_resnet34_FE,0.0014316392269148,0.0271622587562544,0.0257306195293396
imgnet_deit_FR,fr_resnet34_FR,0.0,0.0516795865633074,0.0516795865633074
imgnet_deit_FR,fr_resnet34_FS,0.0,0.016260162601626,0.016260162601626
imgnet_deit_FR,fr_swin_ALL,0.00740192450037,0.0266469282013323,0.0192450037009623
imgnet_deit_FR,fr_swin_EFS,0.0025619128949615,0.0128095644748078,0.0102476515798463
imgnet_deit_FR,fr_swin_FE,0.1447776628748707,0.2419855222337125,0.0972078593588418
imgnet_deit_FR,fr_swin_FR,0.0193089430894308,0.1016260162601626,0.0823170731707318
imgnet_deit_FR,fr_swin_FS,0.0197486535008976,0.0628366247755834,0.0430879712746858
imgnet_deit_FR,fr_vit_ALL,0.0063458487572712,0.0269698572184029,0.0206240084611317
imgnet_deit_FR,fr_vit_EFS,0.0306220095693779,0.1301435406698564,0.0995215311004785
imgnet_deit_FR,fr_vit_FE,0.037037037037037,0.0925925925925925,0.055555555555555504
imgnet_deit_FR,fr_vit_FR,0.1211305518169582,0.3068640646029609,0.1857335127860027
imgnet_deit_FR,fr_vit_FS,0.0140762463343108,0.0434017595307917,0.0293255131964809
imgnet_deit_FR,fr_xception_ALL,0.0,0.0023543260741612,0.0023543260741612
imgnet_deit_FR,fr_xception_EFS,0.0,0.0025210084033613,0.0025210084033613
imgnet_deit_FR,fr_xception_FE,0.0,0.0028462998102466,0.0028462998102466
imgnet_deit_FR,fr_xception_FR,0.0017652250661959,0.0970017636684303,0.0952365386022344
imgnet_deit_FR,fr_xception_FS,0.0008650519031141,0.0346320346320346,0.033766982728920494
imgnet_deit_FR,imgnet_deit_ALL,0.4975816203143893,0.9528130671506352,0.4552314468362459
imgnet_deit_FR,imgnet_deit_EFS,0.33125,0.1990632318501171,-0.1321867681498829
imgnet_deit_FR,imgnet_deit_FE,0.2845454545454545,0.0036363636363636,-0.2809090909090909
imgnet_deit_FR,imgnet_deit_FS,0.5087719298245614,0.758594346829641,0.24982241700507957
imgnet_deit_FR,imgnet_efficientnetb4_ALL,0.0334040296924708,0.4544008483563097,0.42099681866383887
imgnet_deit_FR,imgnet_efficientnetb4_EFS,0.0,0.0747599451303155,0.0747599451303155
imgnet_deit_FR,imgnet_efficientnetb4_FE,0.0,0.1151943462897526,0.1151943462897526
imgnet_deit_FR,imgnet_efficientnetb4_FR,0.0655475619504396,0.709832134292566,0.6442845723421263
imgnet_deit_FR,imgnet_efficientnetb4_FS,0.0005277044854881,0.0179419525065963,0.0174142480211082
imgnet_deit_FR,imgnet_resnet34_ALL,0.2185897435897436,0.7596153846153846,0.541025641025641
imgnet_deit_FR,imgnet_resnet34_EFS,0.0065252854812398,0.1582381729200652,0.1517128874388254
imgnet_deit_FR,imgnet_resnet34_FE,0.0009823182711198,0.0176643768400392,0.0166820585689194
imgnet_deit_FR,imgnet_resnet34_FR,0.0406698564593301,0.4477254588986432,0.4070556024393131
imgnet_deit_FR,imgnet_resnet34_FS,0.0037220843672456,0.1048387096774193,0.10111662531017371
imgnet_deit_FR,imgnet_swin_ALL,0.0050448430493273,0.4344170403587444,0.4293721973094171
imgnet_deit_FR,imgnet_swin_EFS,0.0007380073800738,0.1830258302583025,0.1822878228782287
imgnet_deit_FR,imgnet_swin_FE,0.0021413276231263,0.0289079229122055,0.026766595289079202
imgnet_deit_FR,imgnet_swin_FR,0.0090497737556561,0.6546003016591252,0.6455505279034691
imgnet_deit_FR,imgnet_swin_FS,0.0031328320802005,0.2700501253132832,0.2669172932330827
imgnet_deit_FR,imgnet_vit_ALL,0.0005151983513652,0.1391035548686244,0.1385883565172592
imgnet_deit_FR,imgnet_vit_EFS,0.0104166666666666,0.0854166666666666,0.075
imgnet_deit_FR,imgnet_vit_FE,0.0065975494816211,0.0084905660377358,0.0018930165561147003
imgnet_deit_FR,imgnet_vit_FR,0.0550133096716947,0.6311111111111111,0.5760978014394164
imgnet_deit_FR,imgnet_vit_FS,0.0016778523489932,0.0528523489932885,0.0511744966442953
imgnet_deit_FR,imgnet_xception_ALL,0.0996147495872317,0.7483480176211453,0.6487332680339136
imgnet_deit_FR,imgnet_xception_EFS,0.0049230769230769,0.083743842364532,0.0788207654414551
imgnet_deit_FR,imgnet_xception_FE,0.001507159005275,0.019578313253012,0.018071154247737
imgnet_deit_FR,imgnet_xception_FR,0.0123152709359605,0.2667898952556993,0.2544746243197388
imgnet_deit_FR,imgnet_xception_FS,0.0118510158013544,0.1715575620767494,0.15970654627539502
imgnet_deit_FS,fr_deit_ALL,0.0689410092395167,0.1158493248045486,0.0469083155650319
imgnet_deit_FS,fr_deit_EFS,0.0610278372591006,0.0718113612004287,0.010783523941328109
imgnet_deit_FS,fr_deit_FE,0.0557909604519774,0.0755649717514124,0.019774011299435
imgnet_deit_FS,fr_deit_FR,0.0610465116279069,0.065891472868217,0.004844961240310107
imgnet_deit_FS,fr_deit_FS,0.1391391391391391,0.3063063063063063,0.16716716716716717
imgnet_deit_FS,fr_efficientnetb4_ALL,0.0008230452674897,0.0419753086419753,0.041152263374485604
imgnet_deit_FS,fr_efficientnetb4_EFS,0.0094228504122497,0.0212014134275618,0.011778563015312101
imgnet_deit_FS,fr_efficientnetb4_FE,0.0,0.0073529411764705,0.0073529411764705
imgnet_deit_FS,fr_efficientnetb4_FR,0.0061068702290076,0.0472560975609756,0.041149227331968005
imgnet_deit_FS,fr_efficientnetb4_FS,0.0006489292667099,0.187012987012987,0.1863640577462771
imgnet_deit_FS,fr_resnet34_ALL,0.0037907505686125,0.1676783004552352,0.1638875498866227
imgnet_deit_FS,fr_resnet34_EFS,0.0,0.0057306590257879,0.0057306590257879
imgnet_deit_FS,fr_resnet34_FE,0.0021474588403722,0.0293066476054324,0.0271591887650602
imgnet_deit_FS,fr_resnet34_FR,0.0,0.0267011197243755,0.0267011197243755
imgnet_deit_FS,fr_resnet34_FS,0.0,0.1815718157181571,0.1815718157181571
imgnet_deit_FS,fr_swin_ALL,0.004441154700222,0.0414507772020725,0.0370096225018505
imgnet_deit_FS,fr_swin_EFS,0.0059777967549103,0.0179333902647309,0.011955593509820601
imgnet_deit_FS,fr_swin_FE,0.2140641158221303,0.2626680455015512,0.0486039296794209
imgnet_deit_FS,fr_swin_FR,0.0142276422764227,0.056910569105691,0.0426829268292683
imgnet_deit_FS,fr_swin_FS,0.044883303411131,0.1741472172351885,0.1292639138240575
imgnet_deit_FS,fr_vit_ALL,0.0111052353252247,0.0285563194077207,0.017451084082496002
imgnet_deit_FS,fr_vit_EFS,0.0459330143540669,0.1148325358851674,0.06889952153110049
imgnet_deit_FS,fr_vit_FE,0.0609567901234567,0.1334876543209876,0.07253086419753091
imgnet_deit_FS,fr_vit_FR,0.1467025572005383,0.1695827725437416,0.02288021534320331
imgnet_deit_FS,fr_vit_FS,0.0422287390029325,0.0885630498533724,0.0463343108504399
imgnet_deit_FS,fr_xception_ALL,0.0,0.0147145379635079,0.0147145379635079
imgnet_deit_FS,fr_xception_EFS,0.0,0.0100840336134453,0.0100840336134453
imgnet_deit_FS,fr_xception_FE,0.0,0.0123339658444022,0.0123339658444022
imgnet_deit_FS,fr_xception_FR,0.0026478375992939,0.0432098765432098,0.0405620389439159
imgnet_deit_FS,fr_xception_FS,0.0,0.3307359307359307,0.3307359307359307
imgnet_deit_FS,imgnet_deit_ALL,0.7164449818621523,0.9147005444646098,0.19825556260245747
imgnet_deit_FS,imgnet_deit_EFS,0.6640625,0.2388758782201405,-0.4251866217798595
imgnet_deit_FS,imgnet_deit_FE,0.6409090909090909,0.0527272727272727,-0.5881818181818181
imgnet_deit_FS,imgnet_deit_FR,0.7288135593220338,0.5615819209039548,-0.1672316384180791
imgnet_deit_FS,imgnet_efficientnetb4_ALL,0.0779427359490986,0.4178154825026511,0.3398727465535525
imgnet_deit_FS,imgnet_efficientnetb4_EFS,0.0006863417982155,0.1700960219478738,0.1694096801496583
imgnet_deit_FS,imgnet_efficientnetb4_FE,0.0042402826855123,0.1265017667844523,0.12226148409894
imgnet_deit_FS,imgnet_efficientnetb4_FR,0.0727418065547561,0.2270183852917666,0.1542765787370105
imgnet_deit_FS,imgnet_efficientnetb4_FS,0.0015831134564643,0.3535620052770448,0.3519788918205805
imgnet_deit_FS,imgnet_resnet34_ALL,0.3852564102564103,0.7814102564102564,0.39615384615384613
imgnet_deit_FS,imgnet_resnet34_EFS,0.0106035889070146,0.2471451876019575,0.2365415986949429
imgnet_deit_FS,imgnet_resnet34_FE,0.0019646365422396,0.0510304219823356,0.049065785440096
imgnet_deit_FS,imgnet_resnet34_FR,0.0446570972886762,0.1284916201117318,0.08383452282305559
imgnet_deit_FS,imgnet_resnet34_FS,0.0502481389578163,0.640818858560794,0.5905707196029777
imgnet_deit_FS,imgnet_swin_ALL,0.0341928251121076,0.5184977578475336,0.484304932735426
imgnet_deit_FS,imgnet_swin_EFS,0.0051660516605166,0.1505535055350553,0.14538745387453872
imgnet_deit_FS,imgnet_swin_FE,0.0021413276231263,0.0524625267665952,0.0503211991434689
imgnet_deit_FS,imgnet_swin_FR,0.0090497737556561,0.3536953242835596,0.3446455505279035
imgnet_deit_FS,imgnet_swin_FS,0.0827067669172932,0.868421052631579,0.7857142857142858
imgnet_deit_FS,imgnet_vit_ALL,0.005667181865018,0.1895929933024214,0.1839258114374034
imgnet_deit_FS,imgnet_vit_EFS,0.0145833333333333,0.0909722222222222,0.07638888888888891
imgnet_deit_FS,imgnet_vit_FE,0.0103675777568331,0.0688679245283018,0.0585003467714687
imgnet_deit_FS,imgnet_vit_FR,0.0275066548358473,0.1093333333333333,0.081826678497486
imgnet_deit_FS,imgnet_vit_FS,0.1837248322147651,0.7743288590604027,0.5906040268456376
imgnet_deit_FS,imgnet_xception_ALL,0.1915244909190974,0.8265418502202643,0.6350173593011669
imgnet_deit_FS,imgnet_xception_EFS,0.0036923076923076,0.2358374384236453,0.2321451307313377
imgnet_deit_FS,imgnet_xception_FE,0.0022607385079125,0.0692771084337349,0.0670163699258224
imgnet_deit_FS,imgnet_xception_FR,0.0030788177339901,0.1805298829328404,0.1774510651988503
imgnet_deit_FS,imgnet_xception_FS,0.0197516930022573,0.7906320541760722,0.7708803611738149
imgnet_efficientnetb4_ALL,fr_deit_ALL,0.0454868514570007,0.0710732054015636,0.0255863539445629
imgnet_efficientnetb4_ALL,fr_deit_EFS,0.0396145610278372,0.045016077170418,0.005401516142580803
imgnet_efficientnetb4_ALL,fr_deit_FE,0.0338983050847457,0.0480225988700565,0.014124293785310799
imgnet_efficientnetb4_ALL,fr_deit_FR,0.0503875968992248,0.0901162790697674,0.039728682170542595
imgnet_efficientnetb4_ALL,fr_deit_FS,0.1071071071071071,0.1611611611611611,0.054054054054054015
imgnet_efficientnetb4_ALL,fr_efficientnetb4_ALL,0.0008230452674897,0.0148148148148148,0.0139917695473251
imgnet_efficientnetb4_ALL,fr_efficientnetb4_EFS,0.0106007067137809,0.0070671378091872,-0.0035335689045937002
imgnet_efficientnetb4_ALL,fr_efficientnetb4_FE,0.0029411764705882,0.0044117647058823,0.0014705882352940998
imgnet_efficientnetb4_ALL,fr_efficientnetb4_FR,0.0091603053435114,0.0777439024390243,0.0685835970955129
imgnet_efficientnetb4_ALL,fr_efficientnetb4_FS,0.0019467878001297,0.0428571428571428,0.040910355057013105
imgnet_efficientnetb4_ALL,fr_resnet34_ALL,0.0037907505686125,0.0690440060698027,0.0652532555011902
imgnet_efficientnetb4_ALL,fr_resnet34_EFS,0.0,0.0,0.0
imgnet_efficientnetb4_ALL,fr_resnet34_FE,0.007158196134574,0.0164403145103645,0.009282118375790502
imgnet_efficientnetb4_ALL,fr_resnet34_FR,0.0,0.0137812230835486,0.0137812230835486
imgnet_efficientnetb4_ALL,fr_resnet34_FS,0.001806684733514,0.050587172538392,0.048780487804877995
imgnet_efficientnetb4_ALL,fr_swin_ALL,0.004441154700222,0.0088823094004441,0.004441154700222099
imgnet_efficientnetb4_ALL,fr_swin_EFS,0.0017079419299743,0.0051238257899231,0.0034158838599488003
imgnet_efficientnetb4_ALL,fr_swin_FE,0.2068252326783867,0.1902792140641158,-0.016546018614270908
imgnet_efficientnetb4_ALL,fr_swin_FR,0.0223577235772357,0.0274390243902439,0.005081300813008199
imgnet_efficientnetb4_ALL,fr_swin_FS,0.0089766606822262,0.0305206463195691,0.0215439856373429
imgnet_efficientnetb4_ALL,fr_vit_ALL,0.0089899524061343,0.0111052353252247,0.002115282919090399
imgnet_efficientnetb4_ALL,fr_vit_EFS,0.0401913875598086,0.0746411483253588,0.0344497607655502
imgnet_efficientnetb4_ALL,fr_vit_FE,0.0532407407407407,0.0516975308641975,-0.0015432098765432029
imgnet_efficientnetb4_ALL,fr_vit_FR,0.0861372812920592,0.1668909825033647,0.0807537012113055
imgnet_efficientnetb4_ALL,fr_vit_FS,0.0287390029325513,0.0351906158357771,0.006451612903225802
imgnet_efficientnetb4_ALL,fr_xception_ALL,0.0,0.0005885815185403,0.0005885815185403
imgnet_efficientnetb4_ALL,fr_xception_EFS,0.0,0.0,0.0
imgnet_efficientnetb4_ALL,fr_xception_FE,0.0,0.0009487666034155,0.0009487666034155
imgnet_efficientnetb4_ALL,fr_xception_FR,0.0008826125330979,0.0158730158730158,0.014990403339917899
imgnet_efficientnetb4_ALL,fr_xception_FS,0.0051903114186851,0.0476190476190476,0.0424287362003625
imgnet_efficientnetb4_ALL,imgnet_deit_ALL,0.152962515114873,0.2710223835450696,0.11805986843019659
imgnet_efficientnetb4_ALL,imgnet_deit_EFS,0.003125,0.0078064012490242,0.0046814012490242
imgnet_efficientnetb4_ALL,imgnet_deit_FE,0.0009090909090909,0.0063636363636363,0.0054545454545453995
imgnet_efficientnetb4_ALL,imgnet_deit_FR,0.103954802259887,0.2610169491525423,0.1570621468926553
imgnet_efficientnetb4_ALL,imgnet_deit_FS,0.0450038138825324,0.095492742551566,0.05048892866903361
imgnet_efficientnetb4_ALL,imgnet_efficientnetb4_EFS,0.963623884694578,0.7716049382716049,-0.19201894642297312
imgnet_efficientnetb4_ALL,imgnet_efficientnetb4_FE,0.9554770318021202,0.2212014134275618,-0.7342756183745583
imgnet_efficientnetb4_ALL,imgnet_efficientnetb4_FR,0.9712230215827338,0.8441247002398081,-0.12709832134292565
imgnet_efficientnetb4_ALL,imgnet_efficientnetb4_FS,0.9572559366754616,0.6443271767810026,-0.312928759894459
imgnet_efficientnetb4_ALL,imgnet_resnet34_ALL,0.735897435897436,0.8314102564102565,0.0955128205128205
imgnet_efficientnetb4_ALL,imgnet_resnet34_EFS,0.0913539967373572,0.2071778140293637,0.1158238172920065
imgnet_efficientnetb4_ALL,imgnet_resnet34_FE,0.0,0.0137389597644749,0.0137389597644749
imgnet_efficientnetb4_ALL,imgnet_resnet34_FR,0.2607655502392344,0.2905027932960894,0.02973724305685499
imgnet_efficientnetb4_ALL,imgnet_resnet34_FS,0.0694789081885856,0.2524813895781638,0.1830024813895782
imgnet_efficientnetb4_ALL,imgnet_swin_ALL,0.0941704035874439,0.3391255605381166,0.24495515695067271
imgnet_efficientnetb4_ALL,imgnet_swin_EFS,0.0051660516605166,0.0162361623616236,0.011070110701107
imgnet_efficientnetb4_ALL,imgnet_swin_FE,0.0010706638115631,0.0117773019271948,0.0107066381156317
imgnet_efficientnetb4_ALL,imgnet_swin_FR,0.0701357466063348,0.2971342383107089,0.22699849170437408
imgnet_efficientnetb4_ALL,imgnet_swin_FS,0.3640350877192982,0.4486215538847117,0.08458646616541349
imgnet_efficientnetb4_ALL,imgnet_vit_ALL,0.0108191653786707,0.1246780010303967,0.113858835651726
imgnet_efficientnetb4_ALL,imgnet_vit_EFS,0.0034722222222222,0.0125,0.009027777777777801
imgnet_efficientnetb4_ALL,imgnet_vit_FE,0.0,0.0037735849056603,0.0037735849056603
imgnet_efficientnetb4_ALL,imgnet_vit_FR,0.0035492457852706,0.1182222222222222,0.1146729764369516
imgnet_efficientnetb4_ALL,imgnet_vit_FS,0.035234899328859,0.1090604026845637,0.0738255033557047
imgnet_efficientnetb4_ALL,imgnet_xception_ALL,0.7253714914694551,0.8303964757709251,0.10502498430147
imgnet_efficientnetb4_ALL,imgnet_xception_EFS,0.0387692307692307,0.0701970443349753,0.031427813565744596
imgnet_efficientnetb4_ALL,imgnet_xception_FE,0.001507159005275,0.0218373493975903,0.0203301903923153
imgnet_efficientnetb4_ALL,imgnet_xception_FR,0.0400246305418719,0.1158348736906962,0.0758102431488243
imgnet_efficientnetb4_ALL,imgnet_xception_FS,0.0406320541760722,0.208803611738149,0.1681715575620768
imgnet_efficientnetb4_EFS,fr_deit_ALL,0.021321961620469,0.1051883439943141,0.08386638237384511
imgnet_efficientnetb4_EFS,fr_deit_EFS,0.0449678800856531,0.1243301178992497,0.07936223781359661
imgnet_efficientnetb4_EFS,fr_deit_FE,0.0176553672316384,0.0642655367231638,0.046610169491525404
imgnet_efficientnetb4_EFS,fr_deit_FR,0.0426356589147286,0.0620155038759689,0.019379844961240303
imgnet_efficientnetb4_EFS,fr_deit_FS,0.058058058058058,0.1981981981981982,0.1401401401401402
imgnet_efficientnetb4_EFS,fr_efficientnetb4_ALL,0.0008230452674897,0.0090534979423868,0.0082304526748971
imgnet_efficientnetb4_EFS,fr_efficientnetb4_EFS,0.0082449941107184,0.061248527679623,0.0530035335689046
imgnet_efficientnetb4_EFS,fr_efficientnetb4_FE,0.0014705882352941,0.0014705882352941,0.0
imgnet_efficientnetb4_EFS,fr_efficientnetb4_FR,0.0061068702290076,0.0396341463414634,0.0335272761124558
imgnet_efficientnetb4_EFS,fr_efficientnetb4_FS,0.0,0.0058441558441558,0.0058441558441558
imgnet_efficientnetb4_EFS,fr_resnet34_ALL,0.0007581501137225,0.0409711684370258,0.0402130183233033
imgnet_efficientnetb4_EFS,fr_resnet34_EFS,0.0,0.0171919770773638,0.0171919770773638
imgnet_efficientnetb4_EFS,fr_resnet34_FE,0.0007158196134574,0.0078627591136526,0.0071469395001952
imgnet_efficientnetb4_EFS,fr_resnet34_FR,0.0,0.0008613264427217,0.0008613264427217
imgnet_efficientnetb4_EFS,fr_resnet34_FS,0.000903342366757,0.002710027100271,0.0018066847335140002
imgnet_efficientnetb4_EFS,fr_swin_ALL,0.002220577350111,0.0148038490007401,0.0125832716506291
imgnet_efficientnetb4_EFS,fr_swin_EFS,0.0025619128949615,0.0222032450896669,0.0196413321947054
imgnet_efficientnetb4_EFS,fr_swin_FE,0.1189245087900724,0.2047569803516029,0.0858324715615305
imgnet_efficientnetb4_EFS,fr_swin_FR,0.0060975609756097,0.0284552845528455,0.0223577235772358
imgnet_efficientnetb4_EFS,fr_swin_FS,0.0053859964093357,0.0197486535008976,0.014362657091561898
imgnet_efficientnetb4_EFS,fr_vit_ALL,0.0042305658381808,0.017451084082496,0.013220518244315197
imgnet_efficientnetb4_EFS,fr_vit_EFS,0.0526315789473684,0.1464114832535885,0.0937799043062201
imgnet_efficientnetb4_EFS,fr_vit_FE,0.0239197530864197,0.1057098765432098,0.0817901234567901
imgnet_efficientnetb4_EFS,fr_vit_FR,0.0403768506056527,0.1695827725437416,0.12920592193808889
imgnet_efficientnetb4_EFS,fr_vit_FS,0.0193548387096774,0.0457478005865102,0.0263929618768328
imgnet_efficientnetb4_EFS,fr_xception_ALL,0.0,0.0005885815185403,0.0005885815185403
imgnet_efficientnetb4_EFS,fr_xception_EFS,0.0,0.007563025210084,0.007563025210084
imgnet_efficientnetb4_EFS,fr_xception_FE,0.0,0.0,0.0
imgnet_efficientnetb4_EFS,fr_xception_FR,0.0,0.0123456790123456,0.0123456790123456
imgnet_efficientnetb4_EFS,fr_xception_FS,0.0,0.0043290043290043,0.0043290043290043
imgnet_efficientnetb4_EFS,imgnet_deit_ALL,0.030229746070133,0.2377495462794918,0.20751980020935878
imgnet_efficientnetb4_EFS,imgnet_deit_EFS,0.0,0.0210772833723653,0.0210772833723653
imgnet_efficientnetb4_EFS,imgnet_deit_FE,0.0,0.0063636363636363,0.0063636363636363
imgnet_efficientnetb4_EFS,imgnet_deit_FR,0.0203389830508474,0.1005649717514124,0.08022598870056499
imgnet_efficientnetb4_EFS,imgnet_deit_FS,0.0015255530129672,0.027501909854851,0.0259763568418838
imgnet_efficientnetb4_EFS,imgnet_efficientnetb4_ALL,0.7444326617179216,0.9151643690349948,0.1707317073170732
imgnet_efficientnetb4_EFS,imgnet_efficientnetb4_FE,0.8480565371024735,0.2042402826855123,-0.6438162544169612
imgnet_efficientnetb4_EFS,imgnet_efficientnetb4_FR,0.6091127098321343,0.4092725819344524,-0.1998401278976819
imgnet_efficientnetb4_EFS,imgnet_efficientnetb4_FS,0.716622691292876,0.1277044854881266,-0.5889182058047494
imgnet_efficientnetb4_EFS,imgnet_resnet34_ALL,0.4948717948717949,0.7512820512820513,0.2564102564102564
imgnet_efficientnetb4_EFS,imgnet_resnet34_EFS,0.1867862969004894,0.6753670473083198,0.48858075040783033
imgnet_efficientnetb4_EFS,imgnet_resnet34_FE,0.0009823182711198,0.0029440628066732,0.0019617445355534
imgnet_efficientnetb4_EFS,imgnet_resnet34_FR,0.0526315789473684,0.0925778132482043,0.0399462343008359
imgnet_efficientnetb4_EFS,imgnet_resnet34_FS,0.021091811414392,0.0564516129032258,0.0353598014888338
imgnet_efficientnetb4_EFS,imgnet_swin_ALL,0.0123318385650224,0.1440582959641255,0.1317264573991031
imgnet_efficientnetb4_EFS,imgnet_swin_EFS,0.0029520295202952,0.0996309963099631,0.09667896678966789
imgnet_efficientnetb4_EFS,imgnet_swin_FE,0.0010706638115631,0.0042826552462526,0.0032119914346894997
imgnet_efficientnetb4_EFS,imgnet_swin_FR,0.0082956259426847,0.0452488687782805,0.0369532428355958
imgnet_efficientnetb4_EFS,imgnet_swin_FS,0.018796992481203,0.0764411027568922,0.0576441102756892
imgnet_efficientnetb4_EFS,imgnet_vit_ALL,0.0005151983513652,0.0288511076764554,0.0283359093250902
imgnet_efficientnetb4_EFS,imgnet_vit_EFS,0.0083333333333333,0.0618055555555555,0.0534722222222222
imgnet_efficientnetb4_EFS,imgnet_vit_FE,0.0,0.0075471698113207,0.0075471698113207
imgnet_efficientnetb4_EFS,imgnet_vit_FR,0.0,0.0088888888888888,0.0088888888888888
imgnet_efficientnetb4_EFS,imgnet_vit_FS,0.0,0.0142617449664429,0.0142617449664429
imgnet_efficientnetb4_EFS,imgnet_xception_ALL,0.232801320858558,0.7158590308370044,0.48305770997844644
imgnet_efficientnetb4_EFS,imgnet_xception_EFS,0.0375384615384615,0.3793103448275862,0.34177188328912467
imgnet_efficientnetb4_EFS,imgnet_xception_FE,0.001507159005275,0.0112951807228915,0.0097880217176165
imgnet_efficientnetb4_EFS,imgnet_xception_FR,0.0024630541871921,0.0240295748613678,0.0215665206741757
imgnet_efficientnetb4_EFS,imgnet_xception_FS,0.0237020316027088,0.1060948081264108,0.082392776523702
imgnet_efficientnetb4_FE,fr_deit_ALL,0.0241648898365316,0.1279317697228145,0.1037668798862829
imgnet_efficientnetb4_FE,fr_deit_EFS,0.0449678800856531,0.105037513397642,0.060069633311988904
imgnet_efficientnetb4_FE,fr_deit_FE,0.0225988700564971,0.1235875706214689,0.1009887005649718
imgnet_efficientnetb4_FE,fr_deit_FR,0.0416666666666666,0.0532945736434108,0.0116279069767442
imgnet_efficientnetb4_FE,fr_deit_FS,0.051051051051051,0.1591591591591591,0.1081081081081081
imgnet_efficientnetb4_FE,fr_efficientnetb4_ALL,0.0008230452674897,0.0057613168724279,0.0049382716049381995
imgnet_efficientnetb4_FE,fr_efficientnetb4_EFS,0.0035335689045936,0.005889281507656,0.0023557126030624
imgnet_efficientnetb4_FE,fr_efficientnetb4_FE,0.0,0.0161764705882352,0.0161764705882352
imgnet_efficientnetb4_FE,fr_efficientnetb4_FR,0.0030534351145038,0.0259146341463414,0.0228611990318376
imgnet_efficientnetb4_FE,fr_efficientnetb4_FS,0.0006489292667099,0.0142857142857142,0.0136367850190043
imgnet_efficientnetb4_FE,fr_resnet34_ALL,0.0,0.0144157814871016,0.0144157814871016
imgnet_efficientnetb4_FE,fr_resnet34_EFS,0.0,0.0,0.0
imgnet_efficientnetb4_FE,fr_resnet34_FE,0.003579098067287,0.0700500357398141,0.0664709376725271
imgnet_efficientnetb4_FE,fr_resnet34_FR,0.0,0.0,0.0
imgnet_efficientnetb4_FE,fr_resnet34_FS,0.000903342366757,0.008130081300813,0.007226738934056
imgnet_efficientnetb4_FE,fr_swin_ALL,0.0,0.0148038490007401,0.0148038490007401
imgnet_efficientnetb4_FE,fr_swin_EFS,0.0008539709649871,0.0102476515798462,0.009393680614859101
imgnet_efficientnetb4_FE,fr_swin_FE,0.1375387797311272,0.3981385729058945,0.26059979317476734
imgnet_efficientnetb4_FE,fr_swin_FR,0.008130081300813,0.0457317073170731,0.037601626016260103
imgnet_efficientnetb4_FE,fr_swin_FS,0.0197486535008976,0.03770197486535,0.0179533213644524
imgnet_efficientnetb4_FE,fr_vit_ALL,0.002644103648863,0.0259122157588577,0.0232681121099947
imgnet_efficientnetb4_FE,fr_vit_EFS,0.0373205741626794,0.1885167464114832,0.1511961722488038
imgnet_efficientnetb4_FE,fr_vit_FE,0.0239197530864197,0.1882716049382716,0.16435185185185192
imgnet_efficientnetb4_FE,fr_vit_FR,0.0699865410497981,0.2314939434724091,0.161507402422611
imgnet_efficientnetb4_FE,fr_vit_FS,0.0111436950146627,0.0404692082111436,0.029325513196480902
imgnet_efficientnetb4_FE,fr_xception_ALL,0.0,0.0017657445556209,0.0017657445556209
imgnet_efficientnetb4_FE,fr_xception_EFS,0.0,0.0033613445378151,0.0033613445378151
imgnet_efficientnetb4_FE,fr_xception_FE,0.0,0.0256166982922201,0.0256166982922201
imgnet_efficientnetb4_FE,fr_xception_FR,0.0017652250661959,0.0070546737213403,0.0052894486551444
imgnet_efficientnetb4_FE,fr_xception_FS,0.0,0.0233766233766233,0.0233766233766233
imgnet_efficientnetb4_FE,imgnet_deit_ALL,0.0429262394195888,0.1119177253478524,0.0689914859282636
imgnet_efficientnetb4_FE,imgnet_deit_EFS,0.0015625,0.0124902419984387,0.010927741998438701
imgnet_efficientnetb4_FE,imgnet_deit_FE,0.0054545454545454,0.0509090909090909,0.0454545454545455
imgnet_efficientnetb4_FE,imgnet_deit_FR,0.03954802259887,0.0768361581920904,0.0372881355932204
imgnet_efficientnetb4_FE,imgnet_deit_FS,0.0061022120518688,0.0206264323911382,0.014524220339269398
imgnet_efficientnetb4_FE,imgnet_efficientnetb4_ALL,0.717391304347826,0.3966065747613997,-0.32078472958642634
imgnet_efficientnetb4_FE,imgnet_efficientnetb4_EFS,0.8256691832532601,0.5034293552812071,-0.322239827972053
imgnet_efficientnetb4_FE,imgnet_efficientnetb4_FR,0.609912070343725,0.2701838529176659,-0.3397282174260591
imgnet_efficientnetb4_FE,imgnet_efficientnetb4_FS,0.687598944591029,0.0364116094986807,-0.6511873350923483
imgnet_efficientnetb4_FE,imgnet_resnet34_ALL,0.4371794871794872,0.5884615384615385,0.1512820512820513
imgnet_efficientnetb4_FE,imgnet_resnet34_EFS,0.0750407830342577,0.2406199021207178,0.1655791190864601
imgnet_efficientnetb4_FE,imgnet_resnet34_FE,0.0157170923379174,0.155053974484789,0.1393368821468716
imgnet_efficientnetb4_FE,imgnet_resnet34_FR,0.0406698564593301,0.0207501995211492,-0.0199196569381809
imgnet_efficientnetb4_FE,imgnet_resnet34_FS,0.032258064516129,0.0545905707196029,0.022332506203473906
imgnet_efficientnetb4_FE,imgnet_swin_ALL,0.0100896860986547,0.070067264573991,0.0599775784753363
imgnet_efficientnetb4_FE,imgnet_swin_EFS,0.0044280442804428,0.0428044280442804,0.0383763837638376
imgnet_efficientnetb4_FE,imgnet_swin_FE,0.0438972162740899,0.1070663811563169,0.06316916488222701
imgnet_efficientnetb4_FE,imgnet_swin_FR,0.0090497737556561,0.0384615384615384,0.0294117647058823
imgnet_efficientnetb4_FE,imgnet_swin_FS,0.0213032581453634,0.0620300751879699,0.0407268170426065
imgnet_efficientnetb4_FE,imgnet_vit_ALL,0.0005151983513652,0.0082431736218444,0.0077279752704792004
imgnet_efficientnetb4_FE,imgnet_vit_EFS,0.0069444444444444,0.0319444444444444,0.025
imgnet_efficientnetb4_FE,imgnet_vit_FE,0.004712535344015,0.0632075471698113,0.058495011825796306
imgnet_efficientnetb4_FE,imgnet_vit_FR,0.0,0.008,0.008
imgnet_efficientnetb4_FE,imgnet_vit_FS,0.0016778523489932,0.0100671140939597,0.0083892617449665
imgnet_efficientnetb4_FE,imgnet_xception_ALL,0.2201430930104568,0.5754405286343612,0.3552974356239045
imgnet_efficientnetb4_FE,imgnet_xception_EFS,0.0295384615384615,0.0671182266009852,0.037579765062523696
imgnet_efficientnetb4_FE,imgnet_xception_FE,0.0226073850791258,0.1287650602409638,0.106157675161838
imgnet_efficientnetb4_FE,imgnet_xception_FR,0.0036945812807881,0.0117067159581022,0.0080121346773141
imgnet_efficientnetb4_FE,imgnet_xception_FS,0.0174943566591422,0.0711060948081264,0.05361173814898419
imgnet_efficientnetb4_FR,fr_deit_ALL,0.0142146410803127,0.068230277185501,0.054015636105188294
imgnet_efficientnetb4_FR,fr_deit_EFS,0.012847965738758,0.0353697749196141,0.022521809180856098
imgnet_efficientnetb4_FR,fr_deit_FE,0.0204802259887005,0.0331920903954802,0.012711864406779697
imgnet_efficientnetb4_FR,fr_deit_FR,0.0251937984496124,0.1802325581395348,0.1550387596899224
imgnet_efficientnetb4_FR,fr_deit_FS,0.042042042042042,0.1101101101101101,0.0680680680680681
imgnet_efficientnetb4_FR,fr_efficientnetb4_ALL,0.0008230452674897,0.0074074074074074,0.0065843621399177
imgnet_efficientnetb4_FR,fr_efficientnetb4_EFS,0.0035335689045936,0.0023557126030624,-0.0011778563015311999
imgnet_efficientnetb4_FR,fr_efficientnetb4_FE,0.0014705882352941,0.0014705882352941,0.0
imgnet_efficientnetb4_FR,fr_efficientnetb4_FR,0.0045801526717557,0.1295731707317073,0.1249930180599516
imgnet_efficientnetb4_FR,fr_efficientnetb4_FS,0.0006489292667099,0.0038961038961038,0.0032471746293939
imgnet_efficientnetb4_FR,fr_resnet34_ALL,0.0,0.0182094081942336,0.0182094081942336
imgnet_efficientnetb4_FR,fr_resnet34_EFS,0.0,0.0,0.0
imgnet_efficientnetb4_FR,fr_resnet34_FE,0.0007158196134574,0.0150107219442458,0.0142949023307884
imgnet_efficientnetb4_FR,fr_resnet34_FR,0.0,0.016365202411714,0.016365202411714
imgnet_efficientnetb4_FR,fr_resnet34_FS,0.0,0.006323396567299,0.006323396567299
imgnet_efficientnetb4_FR,fr_swin_ALL,0.002220577350111,0.005921539600296,0.0037009622501850002
imgnet_efficientnetb4_FR,fr_swin_EFS,0.0025619128949615,0.0034158838599487,0.0008539709649872003
imgnet_efficientnetb4_FR,fr_swin_FE,0.1199586349534643,0.2326783867631851,0.11271975180972081
imgnet_efficientnetb4_FR,fr_swin_FR,0.0121951219512195,0.0558943089430894,0.0436991869918699
imgnet_efficientnetb4_FR,fr_swin_FS,0.0071813285457809,0.0179533213644524,0.0107719928186715
imgnet_efficientnetb4_FR,fr_vit_ALL,0.0063458487572712,0.0185087255420412,0.01216287678477
imgnet_efficientnetb4_FR,fr_vit_EFS,0.0296650717703349,0.0746411483253588,0.0449760765550239
imgnet_efficientnetb4_FR,fr_vit_FE,0.0262345679012345,0.0478395061728395,0.021604938271604996
imgnet_efficientnetb4_FR,fr_vit_FR,0.0457604306864064,0.2516823687752355,0.20592193808882908
imgnet_efficientnetb4_FR,fr_vit_FS,0.0064516129032258,0.0363636363636363,0.029912023460410497
imgnet_efficientnetb4_FR,fr_xception_ALL,0.0,0.0017657445556209,0.0017657445556209
imgnet_efficientnetb4_FR,fr_xception_EFS,0.0,0.0,0.0
imgnet_efficientnetb4_FR,fr_xception_FE,0.0,0.0,0.0
imgnet_efficientnetb4_FR,fr_xception_FR,0.0008826125330979,0.0299823633156966,0.0290997507825987
imgnet_efficientnetb4_FR,fr_xception_FS,0.0,0.0034632034632034,0.0034632034632034
imgnet_efficientnetb4_FR,imgnet_deit_ALL,0.0145102781136638,0.2244404113732607,0.20993013325959692
imgnet_efficientnetb4_FR,imgnet_deit_EFS,0.00078125,0.0054644808743169,0.0046832308743169
imgnet_efficientnetb4_FR,imgnet_deit_FE,0.0018181818181818,0.0009090909090909,-0.0009090909090909
imgnet_efficientnetb4_FR,imgnet_deit_FR,0.0655367231638418,0.5378531073446328,0.47231638418079097
imgnet_efficientnetb4_FR,imgnet_deit_FS,0.0,0.029029793735676,0.029029793735676
imgnet_efficientnetb4_FR,imgnet_efficientnetb4_ALL,0.644220572640509,0.8568398727465536,0.21261930010604457
imgnet_efficientnetb4_FR,imgnet_efficientnetb4_EFS,0.5332875772134523,0.2222222222222222,-0.3110653549912301
imgnet_efficientnetb4_FR,imgnet_efficientnetb4_FE,0.5293286219081272,0.1724381625441696,-0.35689045936395764
imgnet_efficientnetb4_FR,imgnet_efficientnetb4_FS,0.4675461741424802,0.2696569920844327,-0.19788918205804745
imgnet_efficientnetb4_FR,imgnet_resnet34_ALL,0.2871794871794871,0.7846153846153846,0.4974358974358975
imgnet_efficientnetb4_FR,imgnet_resnet34_EFS,0.0065252854812398,0.0407830342577487,0.0342577487765089
imgnet_efficientnetb4_FR,imgnet_resnet34_FE,0.0,0.0039254170755642,0.0039254170755642
imgnet_efficientnetb4_FR,imgnet_resnet34_FR,0.1714513556618819,0.6456504389465283,0.4741990832846464
imgnet_efficientnetb4_FR,imgnet_resnet34_FS,0.0012406947890818,0.0341191066997518,0.03287841191067
imgnet_efficientnetb4_FR,imgnet_swin_ALL,0.0033632286995515,0.0952914798206278,0.0919282511210763
imgnet_efficientnetb4_FR,imgnet_swin_EFS,0.0,0.003690036900369,0.003690036900369
imgnet_efficientnetb4_FR,imgnet_swin_FE,0.0,0.0021413276231263,0.0021413276231263
imgnet_efficientnetb4_FR,imgnet_swin_FR,0.0226244343891402,0.3273001508295626,0.3046757164404224
imgnet_efficientnetb4_FR,imgnet_swin_FS,0.0006265664160401,0.0651629072681704,0.0645363408521303
imgnet_efficientnetb4_FR,imgnet_vit_ALL,0.0,0.0602782071097372,0.0602782071097372
imgnet_efficientnetb4_FR,imgnet_vit_EFS,0.0,0.0104166666666666,0.0104166666666666
imgnet_efficientnetb4_FR,imgnet_vit_FE,0.0,0.000943396226415,0.000943396226415
imgnet_efficientnetb4_FR,imgnet_vit_FR,0.0008873114463176,0.2977777777777777,0.2968904663314601
imgnet_efficientnetb4_FR,imgnet_vit_FS,0.0008389261744966,0.0058724832214765,0.0050335570469799
imgnet_efficientnetb4_FR,imgnet_xception_ALL,0.13979086406164,0.6618942731277533,0.5221034090661133
imgnet_efficientnetb4_FR,imgnet_xception_EFS,0.0012307692307692,0.0043103448275862,0.0030795755968169997
imgnet_efficientnetb4_FR,imgnet_xception_FE,0.0007535795026375,0.0075301204819277,0.0067765409792902
imgnet_efficientnetb4_FR,imgnet_xception_FR,0.0160098522167487,0.2396796056685151,0.2236697534517664
imgnet_efficientnetb4_FR,imgnet_xception_FS,0.0067720090293453,0.0191873589164785,0.0124153498871332
imgnet_efficientnetb4_FS,fr_deit_ALL,0.0326936744847192,0.0923951670220327,0.059701492537313494
imgnet_efficientnetb4_FS,fr_deit_EFS,0.025695931477516,0.0493033226152197,0.023607391137703698
imgnet_efficientnetb4_FS,fr_deit_FE,0.028954802259887,0.0635593220338983,0.0346045197740113
imgnet_efficientnetb4_FS,fr_deit_FR,0.0271317829457364,0.1211240310077519,0.0939922480620155
imgnet_efficientnetb4_FS,fr_deit_FS,0.088088088088088,0.2742742742742742,0.1861861861861862
imgnet_efficientnetb4_FS,fr_efficientnetb4_ALL,0.0008230452674897,0.0205761316872428,0.0197530864197531
imgnet_efficientnetb4_FS,fr_efficientnetb4_EFS,0.0035335689045936,0.0023557126030624,-0.0011778563015311999
imgnet_efficientnetb4_FS,fr_efficientnetb4_FE,0.0029411764705882,0.0014705882352941,-0.0014705882352941
imgnet_efficientnetb4_FS,fr_efficientnetb4_FR,0.0061068702290076,0.0396341463414634,0.0335272761124558
imgnet_efficientnetb4_FS,fr_efficientnetb4_FS,0.0019467878001297,0.0727272727272727,0.07078048492714299
imgnet_efficientnetb4_FS,fr_resnet34_ALL,0.0022744503411675,0.0819423368740516,0.0796678865328841
imgnet_efficientnetb4_FS,fr_resnet34_EFS,0.0,0.0,0.0
imgnet_efficientnetb4_FS,fr_resnet34_FE,0.003579098067287,0.0142959256611865,0.0107168275938995
imgnet_efficientnetb4_FS,fr_resnet34_FR,0.0,0.0017226528854435,0.0017226528854435
imgnet_efficientnetb4_FS,fr_resnet34_FS,0.002710027100271,0.0984643179765131,0.0957542908762421
imgnet_efficientnetb4_FS,fr_swin_ALL,0.002220577350111,0.0088823094004441,0.006661732050333099
imgnet_efficientnetb4_FS,fr_swin_EFS,0.0008539709649871,0.0034158838599487,0.0025619128949616
imgnet_efficientnetb4_FS,fr_swin_FE,0.1913133402275077,0.2647362978283351,0.07342295760082737
imgnet_efficientnetb4_FS,fr_swin_FR,0.0111788617886178,0.032520325203252,0.0213414634146342
imgnet_efficientnetb4_FS,fr_swin_FS,0.0071813285457809,0.0484739676840215,0.0412926391382406
imgnet_efficientnetb4_FS,fr_vit_ALL,0.0063458487572712,0.0195663670015864,0.013220518244315199
imgnet_efficientnetb4_FS,fr_vit_EFS,0.0296650717703349,0.0813397129186602,0.0516746411483253
imgnet_efficientnetb4_FS,fr_vit_FE,0.0324074074074074,0.0941358024691358,0.061728395061728406
imgnet_efficientnetb4_FS,fr_vit_FR,0.0820995962314939,0.2166890982503364,0.13458950201884248
imgnet_efficientnetb4_FS,fr_vit_FS,0.0281524926686217,0.0709677419354838,0.0428152492668621
imgnet_efficientnetb4_FS,fr_xception_ALL,0.0,0.0005885815185403,0.0005885815185403
imgnet_efficientnetb4_FS,fr_xception_EFS,0.0,0.0,0.0
imgnet_efficientnetb4_FS,fr_xception_FE,0.0,0.0018975332068311,0.0018975332068311
imgnet_efficientnetb4_FS,fr_xception_FR,0.0,0.0061728395061728,0.0061728395061728
imgnet_efficientnetb4_FS,fr_xception_FS,0.0025951557093425,0.1212121212121212,0.1186169655027787
imgnet_efficientnetb4_FS,imgnet_deit_ALL,0.0671100362756952,0.338777979431337,0.2716679431556418
imgnet_efficientnetb4_FS,imgnet_deit_EFS,0.00078125,0.0085870413739266,0.0078057913739266
imgnet_efficientnetb4_FS,imgnet_deit_FE,0.0,0.0063636363636363,0.0063636363636363
imgnet_efficientnetb4_FS,imgnet_deit_FR,0.0802259887005649,0.1785310734463276,0.0983050847457627
imgnet_efficientnetb4_FS,imgnet_deit_FS,0.0236460717009916,0.2513368983957219,0.2276908266947303
imgnet_efficientnetb4_FS,imgnet_efficientnetb4_ALL,0.9618239660657476,0.940084835630965,-0.021739130434782594
imgnet_efficientnetb4_FS,imgnet_efficientnetb4_EFS,0.963623884694578,0.4211248285322359,-0.5424990561623422
imgnet_efficientnetb4_FS,imgnet_efficientnetb4_FE,0.6932862190812721,0.1604240282685512,-0.5328621908127209
imgnet_efficientnetb4_FS,imgnet_efficientnetb4_FR,0.9568345323741008,0.7346123101518784,-0.22222222222222232
imgnet_efficientnetb4_FS,imgnet_resnet34_ALL,0.658974358974359,0.8211538461538461,0.16217948717948716
imgnet_efficientnetb4_FS,imgnet_resnet34_EFS,0.0636215334420881,0.1590538336052202,0.09543230016313212
imgnet_efficientnetb4_FS,imgnet_resnet34_FE,0.0,0.0049067713444553,0.0049067713444553
imgnet_efficientnetb4_FS,imgnet_resnet34_FR,0.1323763955342902,0.1021548284118116,-0.0302215671224786
imgnet_efficientnetb4_FS,imgnet_resnet34_FS,0.0831265508684863,0.6004962779156328,0.5173697270471465
imgnet_efficientnetb4_FS,imgnet_swin_ALL,0.0173766816143497,0.2247757847533632,0.2073991031390135
imgnet_efficientnetb4_FS,imgnet_swin_EFS,0.0,0.011070110701107,0.011070110701107
imgnet_efficientnetb4_FS,imgnet_swin_FE,0.0010706638115631,0.0032119914346895,0.0021413276231264
imgnet_efficientnetb4_FS,imgnet_swin_FR,0.0060331825037707,0.0467571644042232,0.0407239819004525
imgnet_efficientnetb4_FS,imgnet_swin_FS,0.0820802005012531,0.543859649122807,0.46177944862155396
imgnet_efficientnetb4_FS,imgnet_vit_ALL,0.0036063884595569,0.0937660999484801,0.09015971148892321
imgnet_efficientnetb4_FS,imgnet_vit_EFS,0.0041666666666666,0.0173611111111111,0.013194444444444502
imgnet_efficientnetb4_FS,imgnet_vit_FE,0.0,0.0047169811320754,0.0047169811320754
imgnet_efficientnetb4_FS,imgnet_vit_FR,0.0,0.0284444444444444,0.0284444444444444
imgnet_efficientnetb4_FS,imgnet_vit_FS,0.0109060402684563,0.3414429530201342,0.3305369127516779
imgnet_efficientnetb4_FS,imgnet_xception_ALL,0.4050632911392405,0.7731277533039648,0.36806446216472427
imgnet_efficientnetb4_FS,imgnet_xception_EFS,0.011076923076923,0.0350985221674876,0.024021599090564602
imgnet_efficientnetb4_FS,imgnet_xception_FE,0.001507159005275,0.0143072289156626,0.0128000699103876
imgnet_efficientnetb4_FS,imgnet_xception_FR,0.0043103448275862,0.0184842883548983,0.0141739435273121
imgnet_efficientnetb4_FS,imgnet_xception_FS,0.0242663656884875,0.3741534988713318,0.3498871331828443
imgnet_resnet34_ALL,fr_deit_ALL,0.044776119402985,0.1336176261549395,0.08884150675195449
imgnet_resnet34_ALL,fr_deit_EFS,0.0546038543897216,0.0696677384780278,0.015063884088306202
imgnet_resnet34_ALL,fr_deit_FE,0.0296610169491525,0.0812146892655367,0.05155367231638419
imgnet_resnet34_ALL,fr_deit_FR,0.0562015503875969,0.126937984496124,0.0707364341085271
imgnet_resnet34_ALL,fr_deit_FS,0.072072072072072,0.2232232232232232,0.1511511511511512
imgnet_resnet34_ALL,fr_efficientnetb4_ALL,0.0008230452674897,0.0164609053497942,0.0156378600823045
imgnet_resnet34_ALL,fr_efficientnetb4_EFS,0.0176678445229682,0.0047114252061248,-0.012956419316843399
imgnet_resnet34_ALL,fr_efficientnetb4_FE,0.0029411764705882,0.0,-0.0029411764705882
imgnet_resnet34_ALL,fr_efficientnetb4_FR,0.0030534351145038,0.0457317073170731,0.0426782722025693
imgnet_resnet34_ALL,fr_efficientnetb4_FS,0.0006489292667099,0.0175324675324675,0.0168835382657576
imgnet_resnet34_ALL,fr_resnet34_ALL,0.0242608036391205,0.0895295902883156,0.0652687866491951
imgnet_resnet34_ALL,fr_resnet34_EFS,0.0014326647564469,0.0,-0.0014326647564469
imgnet_resnet34_ALL,fr_resnet34_FE,0.0093056549749463,0.0114367405289492,0.0021310855540028987
imgnet_resnet34_ALL,fr_resnet34_FR,0.0008613264427217,0.0025839793281653,0.0017226528854436002
imgnet_resnet34_ALL,fr_resnet34_FS,0.002710027100271,0.024390243902439,0.021680216802168
imgnet_resnet34_ALL,fr_swin_ALL,0.004441154700222,0.0111028867505551,0.0066617320503331
imgnet_resnet34_ALL,fr_swin_EFS,0.0042698548249359,0.0111016225448334,0.006831767719897501
imgnet_resnet34_ALL,fr_swin_FE,0.1902792140641158,0.3081695966907963,0.1178903826266805
imgnet_resnet34_ALL,fr_swin_FR,0.0132113821138211,0.0447154471544715,0.0315040650406504
imgnet_resnet34_ALL,fr_swin_FS,0.0143626570915619,0.0287253141831238,0.0143626570915619
imgnet_resnet34_ALL,fr_vit_ALL,0.0063458487572712,0.0264410364886303,0.0200951877313591
imgnet_resnet34_ALL,fr_vit_EFS,0.0727272727272727,0.1119617224880382,0.03923444976076551
imgnet_resnet34_ALL,fr_vit_FE,0.0578703703703703,0.1064814814814814,0.0486111111111111
imgnet_resnet34_ALL,fr_vit_FR,0.0942126514131897,0.2395693135935397,0.14535666218034998
imgnet_resnet34_ALL,fr_vit_FS,0.0193548387096774,0.0756598240469208,0.0563049853372434
imgnet_resnet34_ALL,fr_xception_ALL,0.0,0.0011771630370806,0.0011771630370806
imgnet_resnet34_ALL,fr_xception_EFS,0.0,0.0,0.0
imgnet_resnet34_ALL,fr_xception_FE,0.0,0.0,0.0
imgnet_resnet34_ALL,fr_xception_FR,0.0052956751985878,0.0079365079365079,0.0026408327379200992
imgnet_resnet34_ALL,fr_xception_FS,0.0051903114186851,0.0346320346320346,0.029441723213349497
imgnet_resnet34_ALL,imgnet_deit_ALL,0.0864570737605804,0.3593466424682395,0.2728895687076591
imgnet_resnet34_ALL,imgnet_deit_EFS,0.00234375,0.0132708821233411,0.0109271321233411
imgnet_resnet34_ALL,imgnet_deit_FE,0.0145454545454545,0.0063636363636363,-0.0081818181818182
imgnet_resnet34_ALL,imgnet_deit_FR,0.1186440677966101,0.2858757062146893,0.16723163841807917
imgnet_resnet34_ALL,imgnet_deit_FS,0.0450038138825324,0.0863254392666157,0.04132162538408331
imgnet_resnet34_ALL,imgnet_efficientnetb4_ALL,0.1898197242841993,0.531813361611877,0.3419936373276777
imgnet_resnet34_ALL,imgnet_efficientnetb4_EFS,0.0130404941660947,0.0521262002743484,0.0390857061082537
imgnet_resnet34_ALL,imgnet_efficientnetb4_FE,0.0042402826855123,0.023321554770318,0.0190812720848057
imgnet_resnet34_ALL,imgnet_efficientnetb4_FR,0.2366107114308553,0.2454036770583533,0.008792965627498012
imgnet_resnet34_ALL,imgnet_efficientnetb4_FS,0.0147757255936675,0.0744063324538258,0.0596306068601583
imgnet_resnet34_ALL,imgnet_resnet34_EFS,0.8719412724306689,0.8246329526916802,-0.047308319738988636
imgnet_resnet34_ALL,imgnet_resnet34_FE,0.8899803536345776,0.0196270853778213,-0.8703532682567563
imgnet_resnet34_ALL,imgnet_resnet34_FR,0.854066985645933,0.7326416600159616,-0.12142532562997133
imgnet_resnet34_ALL,imgnet_resnet34_FS,0.8380893300248139,0.8275434243176178,-0.010545905707196046
imgnet_resnet34_ALL,imgnet_swin_ALL,0.0599775784753363,0.2774663677130045,0.21748878923766818
imgnet_resnet34_ALL,imgnet_swin_EFS,0.0051660516605166,0.0214022140221402,0.016236162361623598
imgnet_resnet34_ALL,imgnet_swin_FE,0.0042826552462526,0.0032119914346895,-0.0010706638115630996
imgnet_resnet34_ALL,imgnet_swin_FR,0.0233785822021116,0.0656108597285067,0.04223227752639511
imgnet_resnet34_ALL,imgnet_swin_FS,0.2612781954887218,0.181704260651629,-0.07957393483709277
imgnet_resnet34_ALL,imgnet_vit_ALL,0.0036063884595569,0.1555899021123132,0.15198351365275628
imgnet_resnet34_ALL,imgnet_vit_EFS,0.0,0.0194444444444444,0.0194444444444444
imgnet_resnet34_ALL,imgnet_vit_FE,0.0,0.0018867924528301,0.0018867924528301
imgnet_resnet34_ALL,imgnet_vit_FR,0.0053238686779059,0.0444444444444444,0.0391205757665385
imgnet_resnet34_ALL,imgnet_vit_FS,0.0318791946308724,0.0411073825503355,0.009228187919463095
imgnet_resnet34_ALL,imgnet_xception_ALL,0.4276279581728123,0.947136563876652,0.5195086057038397
imgnet_resnet34_ALL,imgnet_xception_EFS,0.104,0.0689655172413793,-0.0350344827586207
imgnet_resnet34_ALL,imgnet_xception_FE,0.0090429540316503,0.0082831325301204,-0.0007598215015299
imgnet_resnet34_ALL,imgnet_xception_FR,0.0412561576354679,0.0184842883548983,-0.022771869280569602
imgnet_resnet34_ALL,imgnet_xception_FS,0.0818284424379232,0.1670428893905192,0.085214446952596
imgnet_resnet34_EFS,fr_deit_ALL,0.0262970859985785,0.052594171997157,0.0262970859985785
imgnet_resnet34_EFS,fr_deit_EFS,0.0374732334047109,0.07502679528403,0.0375535618793191
imgnet_resnet34_EFS,fr_deit_FE,0.019774011299435,0.0282485875706214,0.0084745762711864
imgnet_resnet34_EFS,fr_deit_FR,0.0358527131782945,0.0571705426356589,0.0213178294573644
imgnet_resnet34_EFS,fr_deit_FS,0.052052052052052,0.1091091091091091,0.0570570570570571
imgnet_resnet34_EFS,fr_efficientnetb4_ALL,0.0008230452674897,0.0032921810699588,0.0024691358024690998
imgnet_resnet34_EFS,fr_efficientnetb4_EFS,0.0011778563015312,0.0341578327444051,0.0329799764428739
imgnet_resnet34_EFS,fr_efficientnetb4_FE,0.0014705882352941,0.0,-0.0014705882352941
imgnet_resnet34_EFS,fr_efficientnetb4_FR,0.0030534351145038,0.0228658536585365,0.019812418544032703
imgnet_resnet34_EFS,fr_efficientnetb4_FS,0.0,0.0025974025974025,0.0025974025974025
imgnet_resnet34_EFS,fr_resnet34_ALL,0.0007581501137225,0.0356600910470409,0.034901940933318394
imgnet_resnet34_EFS,fr_resnet34_EFS,0.0,0.0229226361031518,0.0229226361031518
imgnet_resnet34_EFS,fr_resnet34_FE,0.0007158196134574,0.0035739814152966,0.0028581618018391998
imgnet_resnet34_EFS,fr_resnet34_FR,0.0,0.0008613264427217,0.0008613264427217
imgnet_resnet34_EFS,fr_resnet34_FS,0.0,0.003613369467028,0.003613369467028
imgnet_resnet34_EFS,fr_swin_ALL,0.000740192450037,0.002960769800148,0.002220577350111
imgnet_resnet34_EFS,fr_swin_EFS,0.0017079419299743,0.0111016225448334,0.009393680614859101
imgnet_resnet34_EFS,fr_swin_FE,0.1189245087900724,0.1385729058945191,0.0196483971044467
imgnet_resnet34_EFS,fr_swin_FR,0.0050813008130081,0.0172764227642276,0.012195121951219502
imgnet_resnet34_EFS,fr_swin_FS,0.0053859964093357,0.0125673249551166,0.0071813285457808995
imgnet_resnet34_EFS,fr_vit_ALL,0.0037017451084082,0.0068746694870438,0.0031729243786356
imgnet_resnet34_EFS,fr_vit_EFS,0.0507177033492822,0.0976076555023923,0.04688995215311009
imgnet_resnet34_EFS,fr_vit_FE,0.0293209876543209,0.0578703703703703,0.028549382716049402
imgnet_resnet34_EFS,fr_vit_FR,0.063257065948856,0.0807537012113055,0.017496635262449503
imgnet_resnet34_EFS,fr_vit_FS,0.0099706744868035,0.0187683284457478,0.0087976539589443
imgnet_resnet34_EFS,fr_xception_ALL,0.0,0.0,0.0
imgnet_resnet34_EFS,fr_xception_EFS,0.0,0.0050420168067226,0.0050420168067226
imgnet_resnet34_EFS,fr_xception_FE,0.0,0.0009487666034155,0.0009487666034155
imgnet_resnet34_EFS,fr_xception_FR,0.0,0.0026455026455026,0.0026455026455026
imgnet_resnet34_EFS,fr_xception_FS,0.0,0.0069264069264069,0.0069264069264069
imgnet_resnet34_EFS,imgnet_deit_ALL,0.0096735187424425,0.1355111917725348,0.1258376730300923
imgnet_resnet34_EFS,imgnet_deit_EFS,0.00078125,0.0062451209992193,0.0054638709992193
imgnet_resnet34_EFS,imgnet_deit_FE,0.0018181818181818,0.0045454545454545,0.0027272727272727
imgnet_resnet34_EFS,imgnet_deit_FR,0.0101694915254237,0.0790960451977401,0.0689265536723164
imgnet_resnet34_EFS,imgnet_deit_FS,0.0,0.0244461420932009,0.0244461420932009
imgnet_resnet34_EFS,imgnet_efficientnetb4_ALL,0.0339342523860021,0.3414634146341463,0.3075291622481442
imgnet_resnet34_EFS,imgnet_efficientnetb4_EFS,0.0075497597803706,0.4190672153635116,0.411517455583141
imgnet_resnet34_EFS,imgnet_efficientnetb4_FE,0.0021201413427561,0.0904593639575971,0.088339222614841
imgnet_resnet34_EFS,imgnet_efficientnetb4_FR,0.026378896882494,0.1518784972022382,0.1254996003197442
imgnet_resnet34_EFS,imgnet_efficientnetb4_FS,0.0,0.0649076517150395,0.0649076517150395
imgnet_resnet34_EFS,imgnet_resnet34_ALL,0.6801282051282052,0.917948717948718,0.23782051282051286
imgnet_resnet34_EFS,imgnet_resnet34_FE,0.8418467583497053,0.1305201177625122,-0.7113266405871932
imgnet_resnet34_EFS,imgnet_resnet34_FR,0.5119617224880383,0.2913008778930566,-0.2206608445949817
imgnet_resnet34_EFS,imgnet_resnet34_FS,0.6259305210918115,0.4478908188585608,-0.17803970223325066
imgnet_resnet34_EFS,imgnet_swin_ALL,0.0016816143497757,0.1855381165919282,0.1838565022421525
imgnet_resnet34_EFS,imgnet_swin_EFS,0.0007380073800738,0.0494464944649446,0.0487084870848708
imgnet_resnet34_EFS,imgnet_swin_FE,0.0010706638115631,0.0107066381156316,0.009635974304068502
imgnet_resnet34_EFS,imgnet_swin_FR,0.0,0.0746606334841629,0.0746606334841629
imgnet_resnet34_EFS,imgnet_swin_FS,0.0006265664160401,0.1240601503759398,0.1234335839598997
imgnet_resnet34_EFS,imgnet_vit_ALL,0.0,0.0216383307573415,0.0216383307573415
imgnet_resnet34_EFS,imgnet_vit_EFS,0.0,0.0409722222222222,0.0409722222222222
imgnet_resnet34_EFS,imgnet_vit_FE,0.0,0.0198113207547169,0.0198113207547169
imgnet_resnet34_EFS,imgnet_vit_FR,0.0,0.024,0.024
imgnet_resnet34_EFS,imgnet_vit_FS,0.0,0.0285234899328859,0.0285234899328859
imgnet_resnet34_EFS,imgnet_xception_ALL,0.1128233351678591,0.5429515418502202,0.4301282066823611
imgnet_resnet34_EFS,imgnet_xception_EFS,0.0436923076923076,0.2869458128078818,0.2432535051155742
imgnet_resnet34_EFS,imgnet_xception_FE,0.0037678975131876,0.0519578313253012,0.048189933812113596
imgnet_resnet34_EFS,imgnet_xception_FR,0.0049261083743842,0.0591497227356746,0.0542236143612904
imgnet_resnet34_EFS,imgnet_xception_FS,0.0169300225733634,0.1721218961625282,0.1551918735891648
imgnet_resnet34_FE,fr_deit_ALL,0.0113717128642501,0.0582800284292821,0.046908315565032
imgnet_resnet34_FE,fr_deit_EFS,0.0203426124197002,0.0771704180064308,0.056827805586730604
imgnet_resnet34_FE,fr_deit_FE,0.0148305084745762,0.0826271186440678,0.0677966101694916
imgnet_resnet34_FE,fr_deit_FR,0.0281007751937984,0.0406976744186046,0.0125968992248062
imgnet_resnet34_FE,fr_deit_FS,0.036036036036036,0.059059059059059,0.023023023023022997
imgnet_resnet34_FE,fr_efficientnetb4_ALL,0.0008230452674897,0.0032921810699588,0.0024691358024690998
imgnet_resnet34_FE,fr_efficientnetb4_EFS,0.0023557126030624,0.005889281507656,0.0035335689045936
imgnet_resnet34_FE,fr_efficientnetb4_FE,0.0,0.0088235294117647,0.0088235294117647
imgnet_resnet34_FE,fr_efficientnetb4_FR,0.0015267175572519,0.0121951219512195,0.010668404393967601
imgnet_resnet34_FE,fr_efficientnetb4_FS,0.0,0.0006493506493506,0.0006493506493506
imgnet_resnet34_FE,fr_resnet34_ALL,0.0,0.0159332321699544,0.0159332321699544
imgnet_resnet34_FE,fr_resnet34_EFS,0.0,0.0014326647564469,0.0014326647564469
imgnet_resnet34_FE,fr_resnet34_FE,0.0021474588403722,0.0271622587562544,0.0250147999158822
imgnet_resnet34_FE,fr_resnet34_FR,0.0,0.0,0.0
imgnet_resnet34_FE,fr_resnet34_FS,0.001806684733514,0.005420054200542,0.0036133694670280004
imgnet_resnet34_FE,fr_swin_ALL,0.000740192450037,0.000740192450037,0.0
imgnet_resnet34_FE,fr_swin_EFS,0.0017079419299743,0.0051238257899231,0.0034158838599488003
imgnet_resnet34_FE,fr_swin_FE,0.108583247156153,0.2688728024819028,0.16028955532574982
imgnet_resnet34_FE,fr_swin_FR,0.0060975609756097,0.0274390243902439,0.0213414634146342
imgnet_resnet34_FE,fr_swin_FS,0.0017953321364452,0.0107719928186714,0.0089766606822262
imgnet_resnet34_FE,fr_vit_ALL,0.0005288207297726,0.0126916975145425,0.012162876784769901
imgnet_resnet34_FE,fr_vit_EFS,0.0277511961722488,0.1071770334928229,0.0794258373205741
imgnet_resnet34_FE,fr_vit_FE,0.0138888888888888,0.0933641975308642,0.0794753086419754
imgnet_resnet34_FE,fr_vit_FR,0.0282637954239569,0.1211305518169582,0.09286675639300129
imgnet_resnet34_FE,fr_vit_FS,0.0111436950146627,0.0170087976539589,0.0058651026392962
imgnet_resnet34_FE,fr_xception_ALL,0.0,0.0,0.0
imgnet_resnet34_FE,fr_xception_EFS,0.0,0.0008403361344537,0.0008403361344537
imgnet_resnet34_FE,fr_xception_FE,0.0,0.00853889943074,0.00853889943074
imgnet_resnet34_FE,fr_xception_FR,0.0026478375992939,0.0,-0.0026478375992939
imgnet_resnet34_FE,fr_xception_FS,0.0008650519031141,0.0103896103896103,0.0095245584864962
imgnet_resnet34_FE,imgnet_deit_ALL,0.0066505441354292,0.0496067755595886,0.0429562314241594
imgnet_resnet34_FE,imgnet_deit_EFS,0.00078125,0.0023419203747072,0.0015606703747072
imgnet_resnet34_FE,imgnet_deit_FE,0.0072727272727272,0.0418181818181818,0.0345454545454546
imgnet_resnet34_FE,imgnet_deit_FR,0.0271186440677966,0.0542372881355932,0.0271186440677966
imgnet_resnet34_FE,imgnet_deit_FS,0.0007627765064836,0.0168067226890756,0.016043946182591997
imgnet_resnet34_FE,imgnet_efficientnetb4_ALL,0.0360551431601272,0.2036055143160127,0.1675503711558855
imgnet_resnet34_FE,imgnet_efficientnetb4_EFS,0.004118050789293,0.0130315500685871,0.0089134992792941
imgnet_resnet34_FE,imgnet_efficientnetb4_FE,0.0127208480565371,0.2607773851590106,0.24805653710247352
imgnet_resnet34_FE,imgnet_efficientnetb4_FR,0.0311750599520383,0.0863309352517985,0.055155875299760196
imgnet_resnet34_FE,imgnet_efficientnetb4_FS,0.0010554089709762,0.045910290237467,0.044854881266490794
imgnet_resnet34_FE,imgnet_resnet34_ALL,0.5416666666666666,0.732051282051282,0.19038461538461537
imgnet_resnet34_FE,imgnet_resnet34_EFS,0.6623164763458401,0.4526916802610114,-0.2096247960848287
imgnet_resnet34_FE,imgnet_resnet34_FR,0.434609250398724,0.1428571428571428,-0.2917521075415812
imgnet_resnet34_FE,imgnet_resnet34_FS,0.3839950372208436,0.3120347394540942,-0.07196029776674939
imgnet_resnet34_FE,imgnet_swin_ALL,0.0005605381165919,0.0493273542600896,0.0487668161434977
imgnet_resnet34_FE,imgnet_swin_EFS,0.0,0.0029520295202952,0.0029520295202952
imgnet_resnet34_FE,imgnet_swin_FE,0.0042826552462526,0.0610278372591006,0.056745182012848
imgnet_resnet34_FE,imgnet_swin_FR,0.0120663650075414,0.0211161387631975,0.0090497737556561
imgnet_resnet34_FE,imgnet_swin_FS,0.012531328320802,0.0983709273182957,0.0858395989974937
imgnet_resnet34_FE,imgnet_vit_ALL,0.0,0.0082431736218444,0.0082431736218444
imgnet_resnet34_FE,imgnet_vit_EFS,0.0,0.0055555555555555,0.0055555555555555
imgnet_resnet34_FE,imgnet_vit_FE,0.0,0.0537735849056603,0.0537735849056603
imgnet_resnet34_FE,imgnet_vit_FR,0.0017746228926353,0.0062222222222222,0.0044475993295869
imgnet_resnet34_FE,imgnet_vit_FS,0.0041946308724832,0.0302013422818791,0.0260067114093959
imgnet_resnet34_FE,imgnet_xception_ALL,0.0368739680792515,0.2786343612334802,0.24176039315422868
imgnet_resnet34_FE,imgnet_xception_EFS,0.0092307692307692,0.0166256157635468,0.007394846532777598
imgnet_resnet34_FE,imgnet_xception_FE,0.0022607385079125,0.1385542168674698,0.1362934783595573
imgnet_resnet34_FE,imgnet_xception_FR,0.0116995073891625,0.0080098582871226,-0.0036896491020399005
imgnet_resnet34_FE,imgnet_xception_FS,0.0208803611738149,0.0654627539503386,0.0445823927765237
imgnet_resnet34_FR,fr_deit_ALL,0.0170575692963752,0.0653873489694385,0.0483297796730633
imgnet_resnet34_FR,fr_deit_EFS,0.0224839400428265,0.0257234726688102,0.0032395326259836987
imgnet_resnet34_FR,fr_deit_FE,0.0204802259887005,0.0353107344632768,0.014830508474576301
imgnet_resnet34_FR,fr_deit_FR,0.0281007751937984,0.1821705426356589,0.15406976744186052
imgnet_resnet34_FR,fr_deit_FS,0.047047047047047,0.1351351351351351,0.08808808808808809
imgnet_resnet34_FR,fr_efficientnetb4_ALL,0.0008230452674897,0.0008230452674897,0.0
imgnet_resnet34_FR,fr_efficientnetb4_EFS,0.0023557126030624,0.0035335689045936,0.0011778563015311999
imgnet_resnet34_FR,fr_efficientnetb4_FE,0.0,0.0014705882352941,0.0014705882352941
imgnet_resnet34_FR,fr_efficientnetb4_FR,0.0045801526717557,0.0807926829268292,0.0762125302550735
imgnet_resnet34_FR,fr_efficientnetb4_FS,0.0,0.0006493506493506,0.0006493506493506
imgnet_resnet34_FR,fr_resnet34_ALL,0.0,0.0197268588770864,0.0197268588770864
imgnet_resnet34_FR,fr_resnet34_EFS,0.0,0.0014326647564469,0.0014326647564469
imgnet_resnet34_FR,fr_resnet34_FE,0.0,0.0085775553967119,0.0085775553967119
imgnet_resnet34_FR,fr_resnet34_FR,0.0,0.0068906115417743,0.0068906115417743
imgnet_resnet34_FR,fr_resnet34_FS,0.0,0.000903342366757,0.000903342366757
imgnet_resnet34_FR,fr_swin_ALL,0.001480384900074,0.005181347150259,0.003700962250185
imgnet_resnet34_FR,fr_swin_EFS,0.0008539709649871,0.0025619128949615,0.0017079419299743997
imgnet_resnet34_FR,fr_swin_FE,0.1509824198552223,0.2595656670113754,0.10858324715615311
imgnet_resnet34_FR,fr_swin_FR,0.0193089430894308,0.0630081300813008,0.04369918699186999
imgnet_resnet34_FR,fr_swin_FS,0.0089766606822262,0.0143626570915619,0.0053859964093356996
imgnet_resnet34_FR,fr_vit_ALL,0.0047593865679534,0.0227392913802221,0.017979904812268698
imgnet_resnet34_FR,fr_vit_EFS,0.0411483253588516,0.077511961722488,0.036363636363636404
imgnet_resnet34_FR,fr_vit_FE,0.0308641975308641,0.0493827160493827,0.0185185185185186
imgnet_resnet34_FR,fr_vit_FR,0.0847913862718708,0.3109017496635262,0.22611036339165538
imgnet_resnet34_FR,fr_vit_FS,0.0087976539589442,0.0510263929618768,0.0422287390029326
imgnet_resnet34_FR,fr_xception_ALL,0.0,0.0,0.0
imgnet_resnet34_FR,fr_xception_EFS,0.0,0.0,0.0
imgnet_resnet34_FR,fr_xception_FE,0.0,0.0,0.0
imgnet_resnet34_FR,fr_xception_FR,0.0008826125330979,0.0185185185185185,0.0176359059854206
imgnet_resnet34_FR,fr_xception_FS,0.0008650519031141,0.0,-0.0008650519031141
imgnet_resnet34_FR,imgnet_deit_ALL,0.0290205562273276,0.2099213551119177,0.1809007988845901
imgnet_resnet34_FR,imgnet_deit_EFS,0.0015625,0.0070257611241217,0.0054632611241216995
imgnet_resnet34_FR,imgnet_deit_FE,0.0009090909090909,0.0036363636363636,0.0027272727272726997
imgnet_resnet34_FR,imgnet_deit_FR,0.0485875706214689,0.5581920903954802,0.5096045197740113
imgnet_resnet34_FR,imgnet_deit_FS,0.0022883295194508,0.0068754774637127,0.004587147944261899
imgnet_resnet34_FR,imgnet_efficientnetb4_ALL,0.0657476139978791,0.556203605514316,0.49045599151643693
imgnet_resnet34_FR,imgnet_efficientnetb4_EFS,0.001372683596431,0.0150891632373113,0.0137164796408803
imgnet_resnet34_FR,imgnet_efficientnetb4_FE,0.0,0.0084805653710247,0.0084805653710247
imgnet_resnet34_FR,imgnet_efficientnetb4_FR,0.1342925659472422,0.7993605115907274,0.6650679456434851
imgnet_resnet34_FR,imgnet_efficientnetb4_FS,0.0,0.0021108179419525,0.0021108179419525
imgnet_resnet34_FR,imgnet_resnet34_ALL,0.6737179487179488,0.9974358974358974,0.3237179487179487
imgnet_resnet34_FR,imgnet_resnet34_EFS,0.5212071778140294,0.4763458401305057,-0.04486133768352368
imgnet_resnet34_FR,imgnet_resnet34_FE,0.5677799607072691,0.0323846908734053,-0.5353952698338638
imgnet_resnet34_FR,imgnet_resnet34_FS,0.6538461538461539,0.4156327543424317,-0.23821339950372217
imgnet_resnet34_FR,imgnet_swin_ALL,0.0016816143497757,0.0538116591928251,0.0521300448430494
imgnet_resnet34_FR,imgnet_swin_EFS,0.0014760147601476,0.0059040590405904,0.0044280442804428
imgnet_resnet34_FR,imgnet_swin_FE,0.0,0.0,0.0
imgnet_resnet34_FR,imgnet_swin_FR,0.004524886877828,0.0648567119155354,0.0603318250377074
imgnet_resnet34_FR,imgnet_swin_FS,0.0043859649122807,0.0025062656641604,-0.0018796992481202998
imgnet_resnet34_FR,imgnet_vit_ALL,0.0005151983513652,0.0309119010819165,0.0303967027305513
imgnet_resnet34_FR,imgnet_vit_EFS,0.0,0.00625,0.00625
imgnet_resnet34_FR,imgnet_vit_FE,0.0,0.0,0.0
imgnet_resnet34_FR,imgnet_vit_FR,0.0017746228926353,0.1475555555555555,0.1457809326629202
imgnet_resnet34_FR,imgnet_vit_FS,0.0008389261744966,0.0008389261744966,0.0
imgnet_resnet34_FR,imgnet_xception_ALL,0.147495872317006,0.7494493392070485,0.6019534668900425
imgnet_resnet34_FR,imgnet_xception_EFS,0.0332307692307692,0.0061576354679802,-0.027073133762789005
imgnet_resnet34_FR,imgnet_xception_FE,0.001507159005275,0.0052710843373493,0.0037639253320743
imgnet_resnet34_FR,imgnet_xception_FR,0.0153940886699507,0.1435613062230437,0.128167217553093
imgnet_resnet34_FR,imgnet_xception_FS,0.0095936794582392,0.0045146726862302,-0.005079006772009001
imgnet_resnet34_FS,fr_deit_ALL,0.0298507462686567,0.0561478322672352,0.026297085998578502
imgnet_resnet34_FS,fr_deit_EFS,0.0364025695931477,0.0278670953912111,-0.0085354742019366
imgnet_resnet34_FS,fr_deit_FE,0.030367231638418,0.0607344632768361,0.030367231638418098
imgnet_resnet34_FS,fr_deit_FR,0.0377906976744186,0.0891472868217054,0.0513565891472868
imgnet_resnet34_FS,fr_deit_FS,0.071071071071071,0.1411411411411411,0.0700700700700701
imgnet_resnet34_FS,fr_efficientnetb4_ALL,0.0008230452674897,0.0098765432098765,0.0090534979423868
imgnet_resnet34_FS,fr_efficientnetb4_EFS,0.0011778563015312,0.0047114252061248,0.0035335689045936005
imgnet_resnet34_FS,fr_efficientnetb4_FE,0.0014705882352941,0.0,-0.0014705882352941
imgnet_resnet34_FS,fr_efficientnetb4_FR,0.0045801526717557,0.024390243902439,0.0198100912306833
imgnet_resnet34_FS,fr_efficientnetb4_FS,0.0,0.0727272727272727,0.0727272727272727
imgnet_resnet34_FS,fr_resnet34_ALL,0.0,0.0682852807283763,0.0682852807283763
imgnet_resnet34_FS,fr_resnet34_EFS,0.0,0.0,0.0
imgnet_resnet34_FS,fr_resnet34_FE,0.0028632784538296,0.0150107219442458,0.012147443490416202
imgnet_resnet34_FS,fr_resnet34_FR,0.0,0.0,0.0
imgnet_resnet34_FS,fr_resnet34_FS,0.0,0.0984643179765131,0.0984643179765131
imgnet_resnet34_FS,fr_swin_ALL,0.001480384900074,0.004441154700222,0.002960769800148
imgnet_resnet34_FS,fr_swin_EFS,0.0025619128949615,0.0025619128949615,0.0
imgnet_resnet34_FS,fr_swin_FE,0.1437435367114788,0.2347466390899689,0.0910031023784901
imgnet_resnet34_FS,fr_swin_FR,0.0091463414634146,0.0335365853658536,0.024390243902438997
imgnet_resnet34_FS,fr_swin_FS,0.0071813285457809,0.03770197486535,0.0305206463195691
imgnet_resnet34_FS,fr_vit_ALL,0.0031729243786356,0.0148069804336329,0.011634056054997299
imgnet_resnet34_FS,fr_vit_EFS,0.0401913875598086,0.0478468899521531,0.007655502392344506
imgnet_resnet34_FS,fr_vit_FE,0.0254629629629629,0.074074074074074,0.048611111111111105
imgnet_resnet34_FS,fr_vit_FR,0.0497981157469717,0.1453566621803499,0.0955585464333782
imgnet_resnet34_FS,fr_vit_FS,0.0146627565982404,0.0486803519061583,0.0340175953079179
imgnet_resnet34_FS,fr_xception_ALL,0.0,0.0011771630370806,0.0011771630370806
imgnet_resnet34_FS,fr_xception_EFS,0.0,0.0008403361344537,0.0008403361344537
imgnet_resnet34_FS,fr_xception_FE,0.0,0.0,0.0
imgnet_resnet34_FS,fr_xception_FR,0.0,0.0088183421516754,0.0088183421516754
imgnet_resnet34_FS,fr_xception_FS,0.0,0.1212121212121212,0.1212121212121212
imgnet_resnet34_FS,imgnet_deit_ALL,0.0253929866989117,0.1548699334543254,0.1294769467554137
imgnet_resnet34_FS,imgnet_deit_EFS,0.0,0.0007806401249024,0.0007806401249024
imgnet_resnet34_FS,imgnet_deit_FE,0.0009090909090909,0.0045454545454545,0.0036363636363636
imgnet_resnet34_FS,imgnet_deit_FR,0.0372881355932203,0.0802259887005649,0.0429378531073446
imgnet_resnet34_FS,imgnet_deit_FS,0.015255530129672,0.1207028265851795,0.1054472964555075
imgnet_resnet34_FS,imgnet_efficientnetb4_ALL,0.0996818663838812,0.3685047720042417,0.2688229056203605
imgnet_resnet34_FS,imgnet_efficientnetb4_EFS,0.001372683596431,0.0253772290809327,0.024004545484501698
imgnet_resnet34_FS,imgnet_efficientnetb4_FE,0.0021201413427561,0.0431095406360424,0.0409893992932863
imgnet_resnet34_FS,imgnet_efficientnetb4_FR,0.0495603517186251,0.1646682653876898,0.1151079136690647
imgnet_resnet34_FS,imgnet_efficientnetb4_FS,0.0,0.3229551451187335,0.3229551451187335
imgnet_resnet34_FS,imgnet_resnet34_ALL,0.8602564102564103,0.9134615384615384,0.05320512820512813
imgnet_resnet34_FS,imgnet_resnet34_EFS,0.8230016313213703,0.2936378466557912,-0.5293637846655791
imgnet_resnet34_FS,imgnet_resnet34_FE,0.8673870333988212,0.0235525024533856,-0.8438345309454356
imgnet_resnet34_FS,imgnet_resnet34_FR,0.8500797448165869,0.2218675179569034,-0.6282122268596835
imgnet_resnet34_FS,imgnet_swin_ALL,0.0044843049327354,0.1552690582959641,0.1507847533632287
imgnet_resnet34_FS,imgnet_swin_EFS,0.0,0.0014760147601476,0.0014760147601476
imgnet_resnet34_FS,imgnet_swin_FE,0.0,0.0010706638115631,0.0010706638115631
imgnet_resnet34_FS,imgnet_swin_FR,0.0,0.0414781297134238,0.0414781297134238
imgnet_resnet34_FS,imgnet_swin_FS,0.0388471177944862,0.4442355889724311,0.4053884711779449
imgnet_resnet34_FS,imgnet_vit_ALL,0.0005151983513652,0.0494590417310664,0.048943843379701195
imgnet_resnet34_FS,imgnet_vit_EFS,0.0006944444444444,0.0034722222222222,0.0027777777777778
imgnet_resnet34_FS,imgnet_vit_FE,0.0,0.0018867924528301,0.0018867924528301
imgnet_resnet34_FS,imgnet_vit_FR,0.0,0.016,0.016
imgnet_resnet34_FS,imgnet_vit_FS,0.0041946308724832,0.2265100671140939,0.2223154362416107
imgnet_resnet34_FS,imgnet_xception_ALL,0.2074848651623555,0.5523127753303965,0.34482791016804093
imgnet_resnet34_FS,imgnet_xception_EFS,0.0252307692307692,0.0135467980295566,-0.011683971201212598
imgnet_resnet34_FS,imgnet_xception_FE,0.0037678975131876,0.0323795180722891,0.028611620559101502
imgnet_resnet34_FS,imgnet_xception_FR,0.0030788177339901,0.011090573012939,0.008011755278948901
imgnet_resnet34_FS,imgnet_xception_FS,0.0158013544018058,0.2607223476297968,0.244920993227991
imgnet_swin_ALL,fr_deit_ALL,0.0639658848614072,0.1478322672352523,0.08386638237384511
imgnet_swin_ALL,fr_deit_EFS,0.0610278372591006,0.105037513397642,0.044009676138541405
imgnet_swin_ALL,fr_deit_FE,0.0430790960451977,0.086864406779661,0.0437853107344633
imgnet_swin_ALL,fr_deit_FR,0.0474806201550387,0.0484496124031007,0.0009689922480620033
imgnet_swin_ALL,fr_deit_FS,0.1221221221221221,0.2582582582582582,0.13613613613613612
imgnet_swin_ALL,fr_efficientnetb4_ALL,0.0008230452674897,0.0041152263374485,0.0032921810699588
imgnet_swin_ALL,fr_efficientnetb4_EFS,0.0035335689045936,0.0082449941107184,0.0047114252061247995
imgnet_swin_ALL,fr_efficientnetb4_FE,0.0,0.0029411764705882,0.0029411764705882
imgnet_swin_ALL,fr_efficientnetb4_FR,0.0015267175572519,0.0198170731707317,0.0182903556134798
imgnet_swin_ALL,fr_efficientnetb4_FS,0.0,0.0383116883116883,0.0383116883116883
imgnet_swin_ALL,fr_resnet34_ALL,0.0,0.2177541729893778,0.2177541729893778
imgnet_swin_ALL,fr_resnet34_EFS,0.0,0.0014326647564469,0.0014326647564469
imgnet_swin_ALL,fr_resnet34_FE,0.0014316392269148,0.0428877769835596,0.0414561377566448
imgnet_swin_ALL,fr_resnet34_FR,0.0,0.0086132644272179,0.0086132644272179
imgnet_swin_ALL,fr_resnet34_FS,0.0,0.1237579042457091,0.1237579042457091
imgnet_swin_ALL,fr_swin_ALL,0.0088823094004441,0.0399703923019985,0.031088082901554404
imgnet_swin_ALL,fr_swin_EFS,0.0085397096498719,0.0230572160546541,0.014517506404782199
imgnet_swin_ALL,fr_swin_FE,0.1985522233712512,0.3143743536711478,0.1158221302998966
imgnet_swin_ALL,fr_swin_FR,0.0182926829268292,0.0873983739837398,0.0691056910569106
imgnet_swin_ALL,fr_swin_FS,0.0430879712746858,0.0610412926391382,0.0179533213644524
imgnet_swin_ALL,fr_vit_ALL,0.0063458487572712,0.0327868852459016,0.0264410364886304
imgnet_swin_ALL,fr_vit_EFS,0.0698564593301435,0.1588516746411483,0.0889952153110048
imgnet_swin_ALL,fr_vit_FE,0.0679012345679012,0.1473765432098765,0.0794753086419753
imgnet_swin_ALL,fr_vit_FR,0.1117092866756393,0.2570659488559892,0.14535666218034993
imgnet_swin_ALL,fr_vit_FS,0.0293255131964809,0.0821114369501466,0.0527859237536657
imgnet_swin_ALL,fr_xception_ALL,0.0,0.0005885815185403,0.0005885815185403
imgnet_swin_ALL,fr_xception_EFS,0.0,0.0008403361344537,0.0008403361344537
imgnet_swin_ALL,fr_xception_FE,0.0,0.0009487666034155,0.0009487666034155
imgnet_swin_ALL,fr_xception_FR,0.0,0.0132275132275132,0.0132275132275132
imgnet_swin_ALL,fr_xception_FS,0.0,0.1679653679653679,0.1679653679653679
imgnet_swin_ALL,imgnet_deit_ALL,0.0272067714631197,0.9540229885057472,0.9268162170426275
imgnet_swin_ALL,imgnet_deit_EFS,0.00078125,0.3684621389539422,0.3676808889539422
imgnet_swin_ALL,imgnet_deit_FE,0.0,0.0263636363636363,0.0263636363636363
imgnet_swin_ALL,imgnet_deit_FR,0.0180790960451977,0.7254237288135593,0.7073446327683616
imgnet_swin_ALL,imgnet_deit_FS,0.0099160945842868,0.8472116119174943,0.8372955173332075
imgnet_swin_ALL,imgnet_efficientnetb4_ALL,0.0397667020148462,0.9623541887592788,0.9225874867444326
imgnet_swin_ALL,imgnet_efficientnetb4_EFS,0.0020590253946465,0.9170096021947872,0.9149505768001407
imgnet_swin_ALL,imgnet_efficientnetb4_FE,0.0035335689045936,0.1088339222614841,0.1053003533568905
imgnet_swin_ALL,imgnet_efficientnetb4_FR,0.0503597122302158,0.7521982414068745,0.7018385291766587
imgnet_swin_ALL,imgnet_efficientnetb4_FS,0.0026385224274406,0.3203166226912928,0.3176781002638522
imgnet_swin_ALL,imgnet_resnet34_ALL,0.2397435897435897,0.9692307692307692,0.7294871794871796
imgnet_swin_ALL,imgnet_resnet34_EFS,0.0212071778140293,0.8955954323001631,0.8743882544861339
imgnet_swin_ALL,imgnet_resnet34_FE,0.0,0.029440628066732,0.029440628066732
imgnet_swin_ALL,imgnet_resnet34_FR,0.0015948963317384,0.7158818834796489,0.7142869871479105
imgnet_swin_ALL,imgnet_resnet34_FS,0.0124069478908188,0.7599255583126551,0.7475186104218363
imgnet_swin_ALL,imgnet_swin_EFS,0.8619926199261992,0.9830258302583026,0.12103321033210335
imgnet_swin_ALL,imgnet_swin_FE,0.3051391862955032,0.1970021413276231,-0.1081370449678801
imgnet_swin_ALL,imgnet_swin_FR,0.8823529411764706,0.9268476621417798,0.044494720965309265
imgnet_swin_ALL,imgnet_swin_FS,0.9197994987468672,0.981829573934837,0.06203007518796988
imgnet_swin_ALL,imgnet_vit_ALL,0.0005151983513652,0.863472436888202,0.8629572385368368
imgnet_swin_ALL,imgnet_vit_EFS,0.0020833333333333,0.3611111111111111,0.3590277777777778
imgnet_swin_ALL,imgnet_vit_FE,0.000942507068803,0.000943396226415,8.891576120000685e-07
imgnet_swin_ALL,imgnet_vit_FR,0.0,0.4951111111111111,0.4951111111111111
imgnet_swin_ALL,imgnet_vit_FS,0.0016778523489932,0.7407718120805369,0.7390939597315437
imgnet_swin_ALL,imgnet_xception_ALL,0.1144744083654375,0.998898678414097,0.8844242700486594
imgnet_swin_ALL,imgnet_xception_EFS,0.003076923076923,0.8509852216748769,0.8479082985979539
imgnet_swin_ALL,imgnet_xception_FE,0.0045214770158251,0.0368975903614457,0.0323761133456206
imgnet_swin_ALL,imgnet_xception_FR,0.0043103448275862,0.2242760320394331,0.21996568721184692
imgnet_swin_ALL,imgnet_xception_FS,0.0163656884875846,0.9452595936794582,0.9288939051918736
imgnet_swin_EFS,fr_deit_ALL,0.0234541577825159,0.1727078891257995,0.14925373134328362
imgnet_swin_EFS,fr_deit_EFS,0.0353319057815845,0.2347266881028939,0.19939478232130942
imgnet_swin_EFS,fr_deit_FE,0.0225988700564971,0.0755649717514124,0.0529661016949153
imgnet_swin_EFS,fr_deit_FR,0.0474806201550387,0.1056201550387596,0.0581395348837209
imgnet_swin_EFS,fr_deit_FS,0.063063063063063,0.2652652652652653,0.20220220220220228
imgnet_swin_EFS,fr_efficientnetb4_ALL,0.0008230452674897,0.0534979423868312,0.0526748971193415
imgnet_swin_EFS,fr_efficientnetb4_EFS,0.0047114252061248,0.0965842167255594,0.0918727915194346
imgnet_swin_EFS,fr_efficientnetb4_FE,0.0,0.0058823529411764,0.0058823529411764
imgnet_swin_EFS,fr_efficientnetb4_FR,0.0045801526717557,0.0594512195121951,0.054871066840439395
imgnet_swin_EFS,fr_efficientnetb4_FS,0.0,0.0772727272727272,0.0772727272727272
imgnet_swin_EFS,fr_resnet34_ALL,0.0,0.3012139605462822,0.3012139605462822
imgnet_swin_EFS,fr_resnet34_EFS,0.0,0.0573065902578796,0.0573065902578796
imgnet_swin_EFS,fr_resnet34_FE,0.0021474588403722,0.0314510364546104,0.0293035776142382
imgnet_swin_EFS,fr_resnet34_FR,0.0,0.0559862187769164,0.0559862187769164
imgnet_swin_EFS,fr_resnet34_FS,0.0,0.1192411924119241,0.1192411924119241
imgnet_swin_EFS,fr_swin_ALL,0.001480384900074,0.0843819393042191,0.0829015544041451
imgnet_swin_EFS,fr_swin_EFS,0.0,0.0683176771989752,0.0683176771989752
imgnet_swin_EFS,fr_swin_FE,0.1695966907962771,0.3102378490175801,0.14064115822130302
imgnet_swin_EFS,fr_swin_FR,0.016260162601626,0.0985772357723577,0.0823170731707317
imgnet_swin_EFS,fr_swin_FS,0.0179533213644524,0.0807899461400359,0.0628366247755835
imgnet_swin_EFS,fr_vit_ALL,0.0021152829190904,0.0264410364886303,0.0243257535695399
imgnet_swin_EFS,fr_vit_EFS,0.0344497607655502,0.2784688995215311,0.24401913875598089
imgnet_swin_EFS,fr_vit_FE,0.0300925925925925,0.1550925925925926,0.12500000000000008
imgnet_swin_EFS,fr_vit_FR,0.0524899057873485,0.2934051144010767,0.2409152086137282
imgnet_swin_EFS,fr_vit_FS,0.0175953079178885,0.0715542521994134,0.0539589442815249
imgnet_swin_EFS,fr_xception_ALL,0.0,0.0082401412595644,0.0082401412595644
imgnet_swin_EFS,fr_xception_EFS,0.0,0.053781512605042,0.053781512605042
imgnet_swin_EFS,fr_xception_FE,0.0,0.0028462998102466,0.0028462998102466
imgnet_swin_EFS,fr_xception_FR,0.0008826125330979,0.0731922398589065,0.07230962732580859
imgnet_swin_EFS,fr_xception_FS,0.0,0.2121212121212121,0.2121212121212121
imgnet_swin_EFS,imgnet_deit_ALL,0.0423216444981862,0.8318209316394435,0.7894992871412573
imgnet_swin_EFS,imgnet_deit_EFS,0.0,0.4863387978142076,0.4863387978142076
imgnet_swin_EFS,imgnet_deit_FE,0.0018181818181818,0.02,0.018181818181818202
imgnet_swin_EFS,imgnet_deit_FR,0.0384180790960452,0.4022598870056497,0.36384180790960446
imgnet_swin_EFS,imgnet_deit_FS,0.011441647597254,0.6004583651642476,0.5890167175669936
imgnet_swin_EFS,imgnet_efficientnetb4_ALL,0.0233297985153764,0.5344644750795334,0.511134676564157
imgnet_swin_EFS,imgnet_efficientnetb4_EFS,0.0006863417982155,0.7139917695473251,0.7133054277491097
imgnet_swin_EFS,imgnet_efficientnetb4_FE,0.0021201413427561,0.0911660777385159,0.0890459363957598
imgnet_swin_EFS,imgnet_efficientnetb4_FR,0.0279776179056754,0.2573940847322142,0.2294164668265388
imgnet_swin_EFS,imgnet_efficientnetb4_FS,0.0026385224274406,0.1240105540897097,0.12137203166226909
imgnet_swin_EFS,imgnet_resnet34_ALL,0.2583333333333333,0.8782051282051282,0.6198717948717949
imgnet_swin_EFS,imgnet_resnet34_EFS,0.0244698205546492,0.8703099510603589,0.8458401305057097
imgnet_swin_EFS,imgnet_resnet34_FE,0.0,0.0196270853778213,0.0196270853778213
imgnet_swin_EFS,imgnet_resnet34_FR,0.0095693779904306,0.203511572226656,0.1939421942362254
imgnet_swin_EFS,imgnet_resnet34_FS,0.0136476426799007,0.3629032258064516,0.3492555831265509
imgnet_swin_EFS,imgnet_swin_ALL,0.6418161434977578,0.8323991031390134,0.1905829596412556
imgnet_swin_EFS,imgnet_swin_FE,0.4229122055674518,0.1423982869379015,-0.28051391862955033
imgnet_swin_EFS,imgnet_swin_FR,0.3174962292609351,0.3514328808446455,0.0339366515837104
imgnet_swin_EFS,imgnet_swin_FS,0.4880952380952381,0.7706766917293233,0.2825814536340852
imgnet_swin_EFS,imgnet_vit_ALL,0.0010303967027305,0.362699639361154,0.36166924265842354
imgnet_swin_EFS,imgnet_vit_EFS,0.0,0.4166666666666667,0.4166666666666667
imgnet_swin_EFS,imgnet_vit_FE,0.0,0.0226415094339622,0.0226415094339622
imgnet_swin_EFS,imgnet_vit_FR,0.0,0.0995555555555555,0.0995555555555555
imgnet_swin_EFS,imgnet_vit_FS,0.0016778523489932,0.2441275167785234,0.2424496644295302
imgnet_swin_EFS,imgnet_xception_ALL,0.0913593835993395,0.9102422907488988,0.8188829071495594
imgnet_swin_EFS,imgnet_xception_EFS,0.0061538461538461,0.8189655172413793,0.8128116710875333
imgnet_swin_EFS,imgnet_xception_FE,0.0022607385079125,0.0451807228915662,0.0429199843836537
imgnet_swin_EFS,imgnet_xception_FR,0.0024630541871921,0.1318545902649414,0.1293915360777493
imgnet_swin_EFS,imgnet_xception_FS,0.0186230248306997,0.6630925507900677,0.644469525959368
imgnet_swin_FE,fr_deit_ALL,0.0170575692963752,0.1457000710732054,0.1286425017768302
imgnet_swin_FE,fr_deit_EFS,0.0267665952890792,0.172561629153269,0.1457950338641898
imgnet_swin_FE,fr_deit_FE,0.0077683615819209,0.1052259887005649,0.097457627118644
imgnet_swin_FE,fr_deit_FR,0.0542635658914728,0.0794573643410852,0.025193798449612406
imgnet_swin_FE,fr_deit_FS,0.026026026026026,0.1461461461461461,0.1201201201201201
imgnet_swin_FE,fr_efficientnetb4_ALL,0.0008230452674897,0.0024691358024691,0.0016460905349794002
imgnet_swin_FE,fr_efficientnetb4_EFS,0.0,0.0565371024734982,0.0565371024734982
imgnet_swin_FE,fr_efficientnetb4_FE,0.0,0.0485294117647058,0.0485294117647058
imgnet_swin_FE,fr_efficientnetb4_FR,0.0015267175572519,0.0274390243902439,0.025912306832991998
imgnet_swin_FE,fr_efficientnetb4_FS,0.0,0.0188311688311688,0.0188311688311688
imgnet_swin_FE,fr_resnet34_ALL,0.0,0.0971168437025796,0.0971168437025796
imgnet_swin_FE,fr_resnet34_EFS,0.0,0.0143266475644699,0.0143266475644699
imgnet_swin_FE,fr_resnet34_FE,0.0007158196134574,0.1143674052894924,0.11365158567603499
imgnet_swin_FE,fr_resnet34_FR,0.0,0.016365202411714,0.016365202411714
imgnet_swin_FE,fr_resnet34_FS,0.0,0.034327009936766,0.034327009936766
imgnet_swin_FE,fr_swin_ALL,0.004441154700222,0.0318282753515914,0.027387120651369397
imgnet_swin_FE,fr_swin_EFS,0.0042698548249359,0.0162254483347566,0.0119555935098207
imgnet_swin_FE,fr_swin_FE,0.0992761116856256,0.3257497414684591,0.22647362978283347
imgnet_swin_FE,fr_swin_FR,0.0060975609756097,0.0548780487804878,0.0487804878048781
imgnet_swin_FE,fr_swin_FS,0.0233393177737881,0.0430879712746858,0.019748653500897696
imgnet_swin_FE,fr_vit_ALL,0.0015864621893178,0.0259122157588577,0.0243257535695399
imgnet_swin_FE,fr_vit_EFS,0.0248803827751196,0.2105263157894736,0.185645933014354
imgnet_swin_FE,fr_vit_FE,0.0138888888888888,0.2044753086419753,0.1905864197530865
imgnet_swin_FE,fr_vit_FR,0.0659488559892328,0.2651413189771198,0.199192462987887
imgnet_swin_FE,fr_vit_FS,0.0058651026392961,0.0416422287390029,0.0357771260997068
imgnet_swin_FE,fr_xception_ALL,0.0,0.0058858151854031,0.0058858151854031
imgnet_swin_FE,fr_xception_EFS,0.0,0.0100840336134453,0.0100840336134453
imgnet_swin_FE,fr_xception_FE,0.0,0.040796963946869,0.040796963946869
imgnet_swin_FE,fr_xception_FR,0.0017652250661959,0.0202821869488536,0.018516961882657702
imgnet_swin_FE,fr_xception_FS,0.0,0.0614718614718614,0.0614718614718614
imgnet_swin_FE,imgnet_deit_ALL,0.0120918984280532,0.3200241984271022,0.30793229999904903
imgnet_swin_FE,imgnet_deit_EFS,0.0,0.0897736143637783,0.0897736143637783
imgnet_swin_FE,imgnet_deit_FE,0.0009090909090909,0.3581818181818181,0.3572727272727272
imgnet_swin_FE,imgnet_deit_FR,0.0169491525423728,0.1186440677966101,0.1016949152542373
imgnet_swin_FE,imgnet_deit_FS,0.0007627765064836,0.267379679144385,0.2666169026379014
imgnet_swin_FE,imgnet_efficientnetb4_ALL,0.0068928950159066,0.2264050901378579,0.2195121951219513
imgnet_swin_FE,imgnet_efficientnetb4_EFS,0.0006863417982155,0.1604938271604938,0.1598074853622783
imgnet_swin_FE,imgnet_efficientnetb4_FE,0.0014134275618374,0.4706713780918728,0.46925795053003544
imgnet_swin_FE,imgnet_efficientnetb4_FR,0.0151878497202238,0.1358912869704236,0.1207034372501998
imgnet_swin_FE,imgnet_efficientnetb4_FS,0.0,0.0696569920844327,0.0696569920844327
imgnet_swin_FE,imgnet_resnet34_ALL,0.1153846153846153,0.6814102564102564,0.5660256410256411
imgnet_swin_FE,imgnet_resnet34_EFS,0.0057096247960848,0.3270799347471452,0.3213703099510604
imgnet_swin_FE,imgnet_resnet34_FE,0.0,0.2473012757605495,0.2473012757605495
imgnet_swin_FE,imgnet_resnet34_FR,0.0023923444976076,0.0662410215482841,0.0638486770506765
imgnet_swin_FE,imgnet_resnet34_FS,0.0049627791563275,0.1575682382133995,0.15260545905707198
imgnet_swin_FE,imgnet_swin_ALL,0.3480941704035874,0.3626681614349776,0.014573991031390177
imgnet_swin_FE,imgnet_swin_EFS,0.6428044280442804,0.4974169741697417,-0.14538745387453872
imgnet_swin_FE,imgnet_swin_FR,0.1749622926093514,0.11236802413273,-0.06259426847662139
imgnet_swin_FE,imgnet_swin_FS,0.2362155388471178,0.3677944862155388,0.131578947368421
imgnet_swin_FE,imgnet_vit_ALL,0.0,0.0582174137042761,0.0582174137042761
imgnet_swin_FE,imgnet_vit_EFS,0.0,0.0659722222222222,0.0659722222222222
imgnet_swin_FE,imgnet_vit_FE,0.0,0.1311320754716981,0.1311320754716981
imgnet_swin_FE,imgnet_vit_FR,0.0,0.008,0.008
imgnet_swin_FE,imgnet_vit_FS,0.0,0.0604026845637583,0.0604026845637583
imgnet_swin_FE,imgnet_xception_ALL,0.0363236103467253,0.6024229074889867,0.5660992971422615
imgnet_swin_FE,imgnet_xception_EFS,0.0049230769230769,0.0991379310344827,0.0942148541114058
imgnet_swin_FE,imgnet_xception_FE,0.0007535795026375,0.279367469879518,0.2786138903768805
imgnet_swin_FE,imgnet_xception_FR,0.0055418719211822,0.0388170055452865,0.033275133624104294
imgnet_swin_FE,imgnet_xception_FS,0.0174943566591422,0.368510158013544,0.3510158013544018
imgnet_swin_FR,fr_deit_ALL,0.0440653873489694,0.0646766169154228,0.0206112295664534
imgnet_swin_FR,fr_deit_EFS,0.0513918629550321,0.0428724544480171,-0.008519408507014999
imgnet_swin_FR,fr_deit_FE,0.0451977401129943,0.0501412429378531,0.004943502824858802
imgnet_swin_FR,fr_deit_FR,0.0697674418604651,0.0455426356589147,-0.024224806201550403
imgnet_swin_FR,fr_deit_FS,0.048048048048048,0.1091091091091091,0.06106106106106111
imgnet_swin_FR,fr_efficientnetb4_ALL,0.0016460905349794,0.0008230452674897,-0.0008230452674897
imgnet_swin_FR,fr_efficientnetb4_EFS,0.0023557126030624,0.0129564193168433,0.0106007067137809
imgnet_swin_FR,fr_efficientnetb4_FE,0.0044117647058823,0.0088235294117647,0.004411764705882401
imgnet_swin_FR,fr_efficientnetb4_FR,0.0015267175572519,0.0564024390243902,0.054875721467138296
imgnet_swin_FR,fr_efficientnetb4_FS,0.0,0.0,0.0
imgnet_swin_FR,fr_resnet34_ALL,0.0,0.0265553869499241,0.0265553869499241
imgnet_swin_FR,fr_resnet34_EFS,0.0,0.0014326647564469,0.0014326647564469
imgnet_swin_FR,fr_resnet34_FE,0.003579098067287,0.0693352394567548,0.0657561413894678
imgnet_swin_FR,fr_resnet34_FR,0.0,0.0077519379844961,0.0077519379844961
imgnet_swin_FR,fr_resnet34_FS,0.0,0.006323396567299,0.006323396567299
imgnet_swin_FR,fr_swin_ALL,0.0096225018504811,0.0111028867505551,0.0014803849000739992
imgnet_swin_FR,fr_swin_EFS,0.0102476515798462,0.013663535439795,0.0034158838599487994
imgnet_swin_FR,fr_swin_FE,0.2874870734229576,0.3216132368148914,0.034126163391933806
imgnet_swin_FR,fr_swin_FR,0.0711382113821138,0.1351626016260162,0.0640243902439024
imgnet_swin_FR,fr_swin_FS,0.0359066427289048,0.0412926391382405,0.005385996409335701
imgnet_swin_FR,fr_vit_ALL,0.0047593865679534,0.020095187731359,0.015335801163405601
imgnet_swin_FR,fr_vit_EFS,0.0516746411483253,0.0976076555023923,0.045933014354067
imgnet_swin_FR,fr_vit_FE,0.0779320987654321,0.1018518518518518,0.023919753086419707
imgnet_swin_FR,fr_vit_FR,0.0807537012113055,0.1547779273216689,0.0740242261103634
imgnet_swin_FR,fr_vit_FS,0.0064516129032258,0.039882697947214,0.0334310850439882
imgnet_swin_FR,fr_xception_ALL,0.0,0.0005885815185403,0.0005885815185403
imgnet_swin_FR,fr_xception_EFS,0.0,0.0008403361344537,0.0008403361344537
imgnet_swin_FR,fr_xception_FE,0.0,0.0028462998102466,0.0028462998102466
imgnet_swin_FR,fr_xception_FR,0.0,0.074074074074074,0.074074074074074
imgnet_swin_FR,fr_xception_FS,0.0008650519031141,0.0138528138528138,0.012987761949699701
imgnet_swin_FR,imgnet_deit_ALL,0.0126964933494558,0.6817906836055656,0.6690941902561098
imgnet_swin_FR,imgnet_deit_EFS,0.0,0.1085089773614363,0.1085089773614363
imgnet_swin_FR,imgnet_deit_FE,0.0054545454545454,0.0181818181818181,0.012727272727272702
imgnet_swin_FR,imgnet_deit_FR,0.0146892655367231,0.7604519774011299,0.7457627118644068
imgnet_swin_FR,imgnet_deit_FS,0.0007627765064836,0.1535523300229182,0.1527895535164346
imgnet_swin_FR,imgnet_efficientnetb4_ALL,0.0455991516436903,0.5758218451749735,0.5302226935312832
imgnet_swin_FR,imgnet_efficientnetb4_EFS,0.002745367192862,0.4609053497942387,0.4581599826013767
imgnet_swin_FR,imgnet_efficientnetb4_FE,0.0212014134275618,0.2657243816254417,0.24452296819787991
imgnet_swin_FR,imgnet_efficientnetb4_FR,0.0335731414868105,0.8561151079136691,0.8225419664268586
imgnet_swin_FR,imgnet_efficientnetb4_FS,0.0015831134564643,0.0058047493403693,0.004221635883905
imgnet_swin_FR,imgnet_resnet34_ALL,0.2506410256410256,0.717948717948718,0.46730769230769237
imgnet_swin_FR,imgnet_resnet34_EFS,0.0122349102773246,0.1957585644371941,0.18352365415986951
imgnet_swin_FR,imgnet_resnet34_FE,0.0019646365422396,0.0441609421000981,0.0421963055578585
imgnet_swin_FR,imgnet_resnet34_FR,0.0159489633173843,0.8244213886671987,0.8084724253498144
imgnet_swin_FR,imgnet_resnet34_FS,0.0068238213399503,0.0291563275434243,0.022332506203474
imgnet_swin_FR,imgnet_swin_ALL,0.6782511210762332,0.9815022421524664,0.3032511210762332
imgnet_swin_FR,imgnet_swin_EFS,0.4250922509225092,0.7129151291512915,0.28782287822878233
imgnet_swin_FR,imgnet_swin_FE,0.3768736616702355,0.2130620985010706,-0.1638115631691649
imgnet_swin_FR,imgnet_swin_FS,0.5413533834586466,0.5921052631578947,0.050751879699248104
imgnet_swin_FR,imgnet_vit_ALL,0.0030911901081916,0.4724368882019577,0.46934569809376614
imgnet_swin_FR,imgnet_vit_EFS,0.0020833333333333,0.1527777777777778,0.1506944444444445
imgnet_swin_FR,imgnet_vit_FE,0.0160226201696512,0.0056603773584905,-0.010362242811160702
imgnet_swin_FR,imgnet_vit_FR,0.0,0.7866666666666666,0.7866666666666666
imgnet_swin_FR,imgnet_vit_FS,0.0050335570469798,0.0746644295302013,0.0696308724832215
imgnet_swin_FR,imgnet_xception_ALL,0.0924600990643918,0.9620044052863436,0.8695443062219518
imgnet_swin_FR,imgnet_xception_EFS,0.0018461538461538,0.458743842364532,0.4568976885183782
imgnet_swin_FR,imgnet_xception_FE,0.0165787490580256,0.0760542168674698,0.059475467809444196
imgnet_swin_FR,imgnet_xception_FR,0.0129310344827586,0.410351201478743,0.39742016699598437
imgnet_swin_FR,imgnet_xception_FS,0.0276523702031602,0.5445823927765236,0.5169300225733634
imgnet_swin_FS,fr_deit_ALL,0.0255863539445629,0.0788912579957356,0.0533049040511727
imgnet_swin_FS,fr_deit_EFS,0.0278372591006423,0.0342979635584137,0.006460704457771398
imgnet_swin_FS,fr_deit_FE,0.0324858757062146,0.0557909604519774,0.023305084745762802
imgnet_swin_FS,fr_deit_FR,0.0494186046511627,0.0765503875968992,0.027131782945736496
imgnet_swin_FS,fr_deit_FS,0.073073073073073,0.2492492492492492,0.1761761761761762
imgnet_swin_FS,fr_efficientnetb4_ALL,0.0008230452674897,0.0707818930041152,0.0699588477366255
imgnet_swin_FS,fr_efficientnetb4_EFS,0.0047114252061248,0.0070671378091872,0.0023557126030623998
imgnet_swin_FS,fr_efficientnetb4_FE,0.0,0.0014705882352941,0.0014705882352941
imgnet_swin_FS,fr_efficientnetb4_FR,0.0015267175572519,0.0350609756097561,0.0335342580525042
imgnet_swin_FS,fr_efficientnetb4_FS,0.0,0.2116883116883116,0.2116883116883116
imgnet_swin_FS,fr_resnet34_ALL,0.0,0.1449165402124431,0.1449165402124431
imgnet_swin_FS,fr_resnet34_EFS,0.0,0.0,0.0
imgnet_swin_FS,fr_resnet34_FE,0.0078740157480314,0.0150107219442458,0.0071367061962144
imgnet_swin_FS,fr_resnet34_FR,0.0,0.0060292850990525,0.0060292850990525
imgnet_swin_FS,fr_resnet34_FS,0.000903342366757,0.2610659439927733,0.2601626016260163
imgnet_swin_FS,fr_swin_ALL,0.006661732050333,0.0192450037009622,0.012583271650629202
imgnet_swin_FS,fr_swin_EFS,0.0042698548249359,0.0051238257899231,0.0008539709649872003
imgnet_swin_FS,fr_swin_FE,0.2119958634953464,0.2171664943123061,0.005170630816959704
imgnet_swin_FS,fr_swin_FR,0.0142276422764227,0.0447154471544715,0.030487804878048797
imgnet_swin_FS,fr_swin_FS,0.0341113105924596,0.1077199281867145,0.0736086175942549
imgnet_swin_FS,fr_vit_ALL,0.0031729243786356,0.0116340560549973,0.0084611316763617
imgnet_swin_FS,fr_vit_EFS,0.0306220095693779,0.0526315789473684,0.022009569377990496
imgnet_swin_FS,fr_vit_FE,0.040895061728395,0.0694444444444444,0.028549382716049405
imgnet_swin_FS,fr_vit_FR,0.0551816958277254,0.1386271870794078,0.08344549125168241
imgnet_swin_FS,fr_vit_FS,0.0175953079178885,0.0563049853372434,0.0387096774193549
imgnet_swin_FS,fr_xception_ALL,0.0,0.0076515597410241,0.0076515597410241
imgnet_swin_FS,fr_xception_EFS,0.0,0.0008403361344537,0.0008403361344537
imgnet_swin_FS,fr_xception_FE,0.0,0.0018975332068311,0.0018975332068311
imgnet_swin_FS,fr_xception_FR,0.0,0.019400352733686,0.019400352733686
imgnet_swin_FS,fr_xception_FS,0.0,0.2926406926406926,0.2926406926406926
imgnet_swin_FS,imgnet_deit_ALL,0.026602176541717,0.6261343012704175,0.5995321247287004
imgnet_swin_FS,imgnet_deit_EFS,0.0,0.0163934426229508,0.0163934426229508
imgnet_swin_FS,imgnet_deit_FE,0.0,0.0036363636363636,0.0036363636363636
imgnet_swin_FS,imgnet_deit_FR,0.0305084745762711,0.3694915254237288,0.3389830508474577
imgnet_swin_FS,imgnet_deit_FS,0.0068649885583524,0.7272727272727273,0.7204077387143749
imgnet_swin_FS,imgnet_efficientnetb4_ALL,0.0323435843054082,0.5646871686108166,0.5323435843054084
imgnet_swin_FS,imgnet_efficientnetb4_EFS,0.001372683596431,0.1426611796982167,0.1412884961017857
imgnet_swin_FS,imgnet_efficientnetb4_FE,0.0014134275618374,0.0819787985865724,0.08056537102473499
imgnet_swin_FS,imgnet_efficientnetb4_FR,0.0255795363709032,0.2957633892885691,0.2701838529176659
imgnet_swin_FS,imgnet_efficientnetb4_FS,0.0,0.5656992084432718,0.5656992084432718
imgnet_swin_FS,imgnet_resnet34_ALL,0.3012820512820512,0.833974358974359,0.5326923076923078
imgnet_swin_FS,imgnet_resnet34_EFS,0.0065252854812398,0.2153344208809135,0.20880913539967372
imgnet_swin_FS,imgnet_resnet34_FE,0.0,0.0088321884200196,0.0088321884200196
imgnet_swin_FS,imgnet_resnet34_FR,0.0127591706539074,0.1245011971268954,0.111742026472988
imgnet_swin_FS,imgnet_resnet34_FS,0.010545905707196,0.8182382133995038,0.8076923076923077
imgnet_swin_FS,imgnet_swin_ALL,0.7802690582959642,0.8262331838565022,0.04596412556053808
imgnet_swin_FS,imgnet_swin_EFS,0.7896678966789668,0.0583025830258302,-0.7313653136531365
imgnet_swin_FS,imgnet_swin_FE,0.3715203426124197,0.0117773019271948,-0.3597430406852249
imgnet_swin_FS,imgnet_swin_FR,0.6395173453996983,0.4381598793363499,-0.20135746606334837
imgnet_swin_FS,imgnet_vit_ALL,0.0005151983513652,0.4070066975785677,0.4064914992272025
imgnet_swin_FS,imgnet_vit_EFS,0.0006944444444444,0.0243055555555555,0.0236111111111111
imgnet_swin_FS,imgnet_vit_FE,0.000942507068803,0.000943396226415,8.891576120000685e-07
imgnet_swin_FS,imgnet_vit_FR,0.0,0.1653333333333333,0.1653333333333333
imgnet_swin_FS,imgnet_vit_FS,0.0033557046979865,0.8389261744966443,0.8355704697986578
imgnet_swin_FS,imgnet_xception_ALL,0.0952118877270225,0.8645374449339207,0.7693255572068982
imgnet_swin_FS,imgnet_xception_EFS,0.0006153846153846,0.1219211822660098,0.1213057976506252
imgnet_swin_FS,imgnet_xception_FE,0.0030143180105501,0.0248493975903614,0.0218350795798113
imgnet_swin_FS,imgnet_xception_FR,0.0036945812807881,0.0782501540357362,0.07455557275494809
imgnet_swin_FS,imgnet_xception_FS,0.0112866817155756,0.8036117381489842,0.7923250564334087
imgnet_vit_ALL,fr_deit_ALL,0.0938166311300639,0.1847903340440654,0.09097370291400149
imgnet_vit_ALL,fr_deit_EFS,0.0749464668094218,0.1189710610932476,0.044024594283825796
imgnet_vit_ALL,fr_deit_FE,0.0727401129943502,0.0769774011299435,0.004237288135593306
imgnet_vit_ALL,fr_deit_FR,0.0755813953488372,0.064922480620155,-0.010658914728682203
imgnet_vit_ALL,fr_deit_FS,0.1811811811811811,0.3303303303303303,0.14914914914914923
imgnet_vit_ALL,fr_efficientnetb4_ALL,0.0008230452674897,0.0189300411522633,0.018106995884773602
imgnet_vit_ALL,fr_efficientnetb4_EFS,0.0011778563015312,0.0200235571260306,0.0188457008244994
imgnet_vit_ALL,fr_efficientnetb4_FE,0.0014705882352941,0.0029411764705882,0.0014705882352941
imgnet_vit_ALL,fr_efficientnetb4_FR,0.0106870229007633,0.0289634146341463,0.018276391733383003
imgnet_vit_ALL,fr_efficientnetb4_FS,0.0,0.0792207792207792,0.0792207792207792
imgnet_vit_ALL,fr_resnet34_ALL,0.001516300227445,0.2344461305007587,0.23292983027331368
imgnet_vit_ALL,fr_resnet34_EFS,0.0,0.0014326647564469,0.0014326647564469
imgnet_vit_ALL,fr_resnet34_FE,0.003579098067287,0.0314510364546104,0.0278719383873234
imgnet_vit_ALL,fr_resnet34_FR,0.0,0.012058570198105,0.012058570198105
imgnet_vit_ALL,fr_resnet34_FS,0.000903342366757,0.1129177958446251,0.11201445347786809
imgnet_vit_ALL,fr_swin_ALL,0.006661732050333,0.0547742413027387,0.048112509252405705
imgnet_vit_ALL,fr_swin_EFS,0.0034158838599487,0.0298889837745516,0.0264730999146029
imgnet_vit_ALL,fr_swin_FE,0.2781799379524302,0.3526370217166494,0.07445708376421922
imgnet_vit_ALL,fr_swin_FR,0.0203252032520325,0.0691056910569105,0.048780487804878
imgnet_vit_ALL,fr_swin_FS,0.03770197486535,0.1615798922800718,0.1238779174147218
imgnet_vit_ALL,fr_vit_ALL,0.0137493389740877,0.0354309888947646,0.0216816499206769
imgnet_vit_ALL,fr_vit_EFS,0.0736842105263157,0.1760765550239234,0.10239234449760769
imgnet_vit_ALL,fr_vit_FE,0.0771604938271604,0.1003086419753086,0.023148148148148195
imgnet_vit_ALL,fr_vit_FR,0.1547779273216689,0.2678331090174966,0.11305518169582768
imgnet_vit_ALL,fr_vit_FS,0.0574780058651026,0.1120234604105571,0.054545454545454494
imgnet_vit_ALL,fr_xception_ALL,0.0,0.0,0.0
imgnet_vit_ALL,fr_xception_EFS,0.0,0.0025210084033613,0.0025210084033613
imgnet_vit_ALL,fr_xception_FE,0.0,0.0009487666034155,0.0009487666034155
imgnet_vit_ALL,fr_xception_FR,0.0008826125330979,0.0414462081128747,0.040563595579776804
imgnet_vit_ALL,fr_xception_FS,0.0,0.2069264069264069,0.2069264069264069
imgnet_vit_ALL,imgnet_deit_ALL,0.2103990326481257,0.9606775559588628,0.7502785233107372
imgnet_vit_ALL,imgnet_deit_EFS,0.003125,0.3302107728337236,0.3270857728337236
imgnet_vit_ALL,imgnet_deit_FE,0.0081818181818181,0.0318181818181818,0.023636363636363702
imgnet_vit_ALL,imgnet_deit_FR,0.3028248587570621,0.7028248587570621,0.4
imgnet_vit_ALL,imgnet_deit_FS,0.0274599542334096,0.7692895339954163,0.7418295797620067
imgnet_vit_ALL,imgnet_efficientnetb4_ALL,0.0233297985153764,0.6712619300106044,0.647932131495228
imgnet_vit_ALL,imgnet_efficientnetb4_EFS,0.001372683596431,0.284636488340192,0.283263804743761
imgnet_vit_ALL,imgnet_efficientnetb4_FE,0.004946996466431,0.0925795053003533,0.0876325088339223
imgnet_vit_ALL,imgnet_efficientnetb4_FR,0.0199840127897681,0.3804956035171862,0.3605115907274181
imgnet_vit_ALL,imgnet_efficientnetb4_FS,0.0,0.1788918205804749,0.1788918205804749
imgnet_vit_ALL,imgnet_resnet34_ALL,0.3705128205128205,0.9435897435897436,0.573076923076923
imgnet_vit_ALL,imgnet_resnet34_EFS,0.0269168026101141,0.5195758564437194,0.4926590538336053
imgnet_vit_ALL,imgnet_resnet34_FE,0.0,0.0127576054955839,0.0127576054955839
imgnet_vit_ALL,imgnet_resnet34_FR,0.0047846889952153,0.2928970470869912,0.28811235809177593
imgnet_vit_ALL,imgnet_resnet34_FS,0.0086848635235732,0.7301488833746899,0.7214640198511166
imgnet_vit_ALL,imgnet_swin_ALL,0.0056053811659192,0.8727578475336323,0.867152466367713
imgnet_vit_ALL,imgnet_swin_EFS,0.0007380073800738,0.6915129151291513,0.6907749077490775
imgnet_vit_ALL,imgnet_swin_FE,0.0,0.0139186295503211,0.0139186295503211
imgnet_vit_ALL,imgnet_swin_FR,0.006787330316742,0.6840120663650076,0.6772247360482656
imgnet_vit_ALL,imgnet_swin_FS,0.0093984962406015,0.9298245614035088,0.9204260651629073
imgnet_vit_ALL,imgnet_vit_EFS,0.2368055555555555,0.7951388888888888,0.5583333333333333
imgnet_vit_ALL,imgnet_vit_FE,0.004712535344015,0.0075471698113207,0.0028346344673057
imgnet_vit_ALL,imgnet_vit_FR,0.9645075421472936,0.8604444444444445,-0.10406309770284916
imgnet_vit_ALL,imgnet_vit_FS,0.6124161073825504,0.968959731543624,0.35654362416107366
imgnet_vit_ALL,imgnet_xception_ALL,0.2278481012658227,0.998898678414097,0.7710505771482743
imgnet_vit_ALL,imgnet_xception_EFS,0.0006153846153846,0.3392857142857143,0.33867032967032973
imgnet_vit_ALL,imgnet_xception_FE,0.0,0.0225903614457831,0.0225903614457831
imgnet_vit_ALL,imgnet_xception_FR,0.001231527093596,0.0770178681454097,0.0757863410518137
imgnet_vit_ALL,imgnet_xception_FS,0.0022573363431151,0.8064334085778782,0.8041760722347631
imgnet_vit_EFS,fr_deit_ALL,0.052594171997157,0.154228855721393,0.10163468372423601
imgnet_vit_EFS,fr_deit_EFS,0.1134903640256959,0.315112540192926,0.2016221761672301
imgnet_vit_EFS,fr_deit_FE,0.03954802259887,0.0423728813559322,0.002824858757062204
imgnet_vit_EFS,fr_deit_FR,0.0455426356589147,0.1191860465116279,0.0736434108527132
imgnet_vit_EFS,fr_deit_FS,0.0980980980980981,0.2662662662662662,0.1681681681681681
imgnet_vit_EFS,fr_efficientnetb4_ALL,0.0008230452674897,0.0131687242798353,0.0123456790123456
imgnet_vit_EFS,fr_efficientnetb4_EFS,0.0035335689045936,0.1342756183745583,0.13074204946996468
imgnet_vit_EFS,fr_efficientnetb4_FE,0.0014705882352941,0.0029411764705882,0.0014705882352941
imgnet_vit_EFS,fr_efficientnetb4_FR,0.0015267175572519,0.0213414634146341,0.019814745857382198
imgnet_vit_EFS,fr_efficientnetb4_FS,0.0,0.0246753246753246,0.0246753246753246
imgnet_vit_EFS,fr_resnet34_ALL,0.00303260045489,0.1919575113808801,0.1889249109259901
imgnet_vit_EFS,fr_resnet34_EFS,0.0,0.0530085959885386,0.0530085959885386
imgnet_vit_EFS,fr_resnet34_FE,0.0064423765211166,0.0250178699070764,0.0185754933859598
imgnet_vit_EFS,fr_resnet34_FR,0.0,0.0301464254952627,0.0301464254952627
imgnet_vit_EFS,fr_resnet34_FS,0.000903342366757,0.041553748870822,0.040650406504065
imgnet_vit_EFS,fr_swin_ALL,0.005181347150259,0.0910436713545521,0.0858623242042931
imgnet_vit_EFS,fr_swin_EFS,0.0102476515798462,0.1545687446626814,0.1443210930828352
imgnet_vit_EFS,fr_swin_FE,0.2368148914167528,0.2347466390899689,-0.002068252326783898
imgnet_vit_EFS,fr_swin_FR,0.0172764227642276,0.1056910569105691,0.0884146341463415
imgnet_vit_EFS,fr_swin_FS,0.0215439856373429,0.104129263913824,0.0825852782764811
imgnet_vit_EFS,fr_vit_ALL,0.0074034902168164,0.0354309888947646,0.0280274986779482
imgnet_vit_EFS,fr_vit_EFS,0.0976076555023923,0.3770334928229665,0.2794258373205742
imgnet_vit_EFS,fr_vit_FE,0.0578703703703703,0.1257716049382716,0.06790123456790131
imgnet_vit_EFS,fr_vit_FR,0.1507402422611036,0.3001345895020188,0.14939434724091522
imgnet_vit_EFS,fr_vit_FS,0.0281524926686217,0.0715542521994134,0.0434017595307917
imgnet_vit_EFS,fr_xception_ALL,0.0,0.0029429075927015,0.0029429075927015
imgnet_vit_EFS,fr_xception_EFS,0.0,0.0310924369747899,0.0310924369747899
imgnet_vit_EFS,fr_xception_FE,0.0,0.0018975332068311,0.0018975332068311
imgnet_vit_EFS,fr_xception_FR,0.0008826125330979,0.0158730158730158,0.014990403339917899
imgnet_vit_EFS,fr_xception_FS,0.0,0.0805194805194805,0.0805194805194805
imgnet_vit_EFS,imgnet_deit_ALL,0.2726723095525997,0.6557773744706594,0.38310506491805973
imgnet_vit_EFS,imgnet_deit_EFS,0.13984375,0.5394223263075723,0.39957857630757226
imgnet_vit_EFS,imgnet_deit_FE,0.0763636363636363,0.0918181818181818,0.015454545454545499
imgnet_vit_EFS,imgnet_deit_FR,0.1242937853107344,0.135593220338983,0.011299435028248594
imgnet_vit_EFS,imgnet_deit_FS,0.0259344012204424,0.1573720397249809,0.1314376385045385
imgnet_vit_EFS,imgnet_efficientnetb4_ALL,0.0079533404029692,0.2433722163308589,0.2354188759278897
imgnet_vit_EFS,imgnet_efficientnetb4_EFS,0.004118050789293,0.49519890260631,0.491080851817017
imgnet_vit_EFS,imgnet_efficientnetb4_FE,0.004946996466431,0.1024734982332155,0.0975265017667845
imgnet_vit_EFS,imgnet_efficientnetb4_FR,0.005595523581135,0.1262989608313349,0.1207034372501999
imgnet_vit_EFS,imgnet_efficientnetb4_FS,0.0,0.0606860158311345,0.0606860158311345
imgnet_vit_EFS,imgnet_resnet34_ALL,0.3935897435897436,0.7474358974358974,0.35384615384615387
imgnet_vit_EFS,imgnet_resnet34_EFS,0.100326264274062,0.697389885807504,0.5970636215334421
imgnet_vit_EFS,imgnet_resnet34_FE,0.0009823182711198,0.0107948969578017,0.009812578686681901
imgnet_vit_EFS,imgnet_resnet34_FR,0.0055821371610845,0.0582601755786113,0.0526780384175268
imgnet_vit_EFS,imgnet_resnet34_FS,0.0241935483870967,0.194789081885856,0.1705955334987593
imgnet_vit_EFS,imgnet_swin_ALL,0.0089686098654708,0.3110986547085201,0.3021300448430493
imgnet_vit_EFS,imgnet_swin_EFS,0.0361623616236162,0.7763837638376384,0.7402214022140222
imgnet_vit_EFS,imgnet_swin_FE,0.0032119914346895,0.0342612419700214,0.0310492505353319
imgnet_vit_EFS,imgnet_swin_FR,0.0015082956259426,0.1108597285067873,0.1093514328808447
imgnet_vit_EFS,imgnet_swin_FS,0.0081453634085213,0.1497493734335839,0.14160401002506262
imgnet_vit_EFS,imgnet_vit_ALL,0.5703245749613601,0.4013395157135497,-0.16898505924781043
imgnet_vit_EFS,imgnet_vit_FE,0.8737040527803959,0.2839622641509434,-0.5897417886294525
imgnet_vit_EFS,imgnet_vit_FR,0.4764862466725821,0.1031111111111111,-0.373375135561471
imgnet_vit_EFS,imgnet_vit_FS,0.5394295302013423,0.4320469798657718,-0.10738255033557054
imgnet_vit_EFS,imgnet_xception_ALL,0.232801320858558,0.8034140969162996,0.5706127760577416
imgnet_vit_EFS,imgnet_xception_EFS,0.0092307692307692,0.3928571428571428,0.3836263736263736
imgnet_vit_EFS,imgnet_xception_FE,0.0045214770158251,0.0278614457831325,0.023339968767307397
imgnet_vit_EFS,imgnet_xception_FR,0.0030788177339901,0.1312384473197781,0.128159629585788
imgnet_vit_EFS,imgnet_xception_FS,0.015237020316027,0.4384875846501129,0.4232505643340859
imgnet_vit_FE,fr_deit_ALL,0.0398009950248756,0.1108742004264392,0.07107320540156359
imgnet_vit_FE,fr_deit_EFS,0.0556745182012847,0.135048231511254,0.0793737133099693
imgnet_vit_FE,fr_deit_FE,0.0494350282485875,0.0628531073446327,0.013418079096045206
imgnet_vit_FE,fr_deit_FR,0.0503875968992248,0.0319767441860465,-0.0184108527131783
imgnet_vit_FE,fr_deit_FS,0.061061061061061,0.073073073073073,0.012012012012011991
imgnet_vit_FE,fr_efficientnetb4_ALL,0.0,0.0008230452674897,0.0008230452674897
imgnet_vit_FE,fr_efficientnetb4_EFS,0.0070671378091872,0.071849234393404,0.0647820965842168
imgnet_vit_FE,fr_efficientnetb4_FE,0.0014705882352941,0.0176470588235294,0.016176470588235303
imgnet_vit_FE,fr_efficientnetb4_FR,0.0,0.0045731707317073,0.0045731707317073
imgnet_vit_FE,fr_efficientnetb4_FS,0.0,0.0298701298701298,0.0298701298701298
imgnet_vit_FE,fr_resnet34_ALL,0.0045489006823351,0.0606980273141122,0.0561491266317771
imgnet_vit_FE,fr_resnet34_EFS,0.0014326647564469,0.0171919770773638,0.0157593123209169
imgnet_vit_FE,fr_resnet34_FE,0.0100214745884037,0.0378842030021443,0.027862728413740597
imgnet_vit_FE,fr_resnet34_FR,0.0,0.0060292850990525,0.0060292850990525
imgnet_vit_FE,fr_resnet34_FS,0.001806684733514,0.009936766034327,0.008130081300812999
imgnet_vit_FE,fr_swin_ALL,0.005921539600296,0.0355292376017764,0.029607698001480397
imgnet_vit_FE,fr_swin_EFS,0.009393680614859,0.0401366353543979,0.0307429547395389
imgnet_vit_FE,fr_swin_FE,0.2450879007238883,0.2864529472595656,0.0413650465356773
imgnet_vit_FE,fr_swin_FR,0.0121951219512195,0.0355691056910569,0.0233739837398374
imgnet_vit_FE,fr_swin_FS,0.0179533213644524,0.0341113105924596,0.0161579892280072
imgnet_vit_FE,fr_vit_ALL,0.0079323109465891,0.020095187731359,0.012162876784769901
imgnet_vit_FE,fr_vit_EFS,0.0516746411483253,0.2287081339712918,0.17703349282296652
imgnet_vit_FE,fr_vit_FE,0.0725308641975308,0.1165123456790123,0.043981481481481496
imgnet_vit_FE,fr_vit_FR,0.1413189771197846,0.1749663526244952,0.033647375504710586
imgnet_vit_FE,fr_vit_FS,0.0205278592375366,0.0222873900293255,0.0017595307917889005
imgnet_vit_FE,fr_xception_ALL,0.0,0.0011771630370806,0.0011771630370806
imgnet_vit_FE,fr_xception_EFS,0.0,0.0126050420168067,0.0126050420168067
imgnet_vit_FE,fr_xception_FE,0.0028462998102466,0.0256166982922201,0.0227703984819735
imgnet_vit_FE,fr_xception_FR,0.0008826125330979,0.0061728395061728,0.0052902269730749005
imgnet_vit_FE,fr_xception_FS,0.0025951557093425,0.0753246753246753,0.07272951961533279
imgnet_vit_FE,imgnet_deit_ALL,0.2176541717049576,0.131276467029643,-0.08637770467531461
imgnet_vit_FE,imgnet_deit_EFS,0.07578125,0.2396565183450429,0.1638752683450429
imgnet_vit_FE,imgnet_deit_FE,0.3372727272727273,0.5736363636363636,0.23636363636363633
imgnet_vit_FE,imgnet_deit_FR,0.0983050847457627,0.015819209039548,-0.0824858757062147
imgnet_vit_FE,imgnet_deit_FS,0.1006864988558352,0.0458365164247517,-0.054849982431083494
imgnet_vit_FE,imgnet_efficientnetb4_ALL,0.0106044538706256,0.0747613997879109,0.0641569459172853
imgnet_vit_FE,imgnet_efficientnetb4_EFS,0.004118050789293,0.0953360768175583,0.0912180260282653
imgnet_vit_FE,imgnet_efficientnetb4_FE,0.0183745583038869,0.3151943462897526,0.2968197879858657
imgnet_vit_FE,imgnet_efficientnetb4_FR,0.0071942446043165,0.0359712230215827,0.028776978417266195
imgnet_vit_FE,imgnet_efficientnetb4_FS,0.0005277044854881,0.0496042216358839,0.0490765171503958
imgnet_vit_FE,imgnet_resnet34_ALL,0.2698717948717948,0.3096153846153846,0.039743589743589824
imgnet_vit_FE,imgnet_resnet34_EFS,0.0285481239804241,0.265905383360522,0.23735725938009788
imgnet_vit_FE,imgnet_resnet34_FE,0.0117878192534381,0.1383709519136408,0.12658313266020269
imgnet_vit_FE,imgnet_resnet34_FR,0.0023923444976076,0.0071827613727055,0.004790416875097901
imgnet_vit_FE,imgnet_resnet34_FS,0.0328784119106699,0.1110421836228287,0.0781637717121588
imgnet_vit_FE,imgnet_swin_ALL,0.0112107623318385,0.0364349775784753,0.025224215246636802
imgnet_vit_FE,imgnet_swin_EFS,0.011070110701107,0.1343173431734317,0.12324723247232469
imgnet_vit_FE,imgnet_swin_FE,0.0503211991434689,0.2291220556745182,0.17880085653104932
imgnet_vit_FE,imgnet_swin_FR,0.0007541478129713,0.0294117647058823,0.028657616892911
imgnet_vit_FE,imgnet_swin_FS,0.0451127819548872,0.1171679197994987,0.0720551378446115
imgnet_vit_FE,imgnet_vit_ALL,0.4353426069036579,0.04688304997424,-0.3884595569294179
imgnet_vit_FE,imgnet_vit_EFS,0.7027777777777777,0.6458333333333334,-0.05694444444444435
imgnet_vit_FE,imgnet_vit_FR,0.256433007985803,0.0053333333333333,-0.2510996746524697
imgnet_vit_FE,imgnet_vit_FS,0.4840604026845637,0.2130872483221476,-0.2709731543624161
imgnet_vit_FE,imgnet_xception_ALL,0.1876719867914144,0.4063876651982379,0.2187156784068235
imgnet_vit_FE,imgnet_xception_EFS,0.0073846153846153,0.0320197044334975,0.024635089048882196
imgnet_vit_FE,imgnet_xception_FE,0.015825169555388,0.1566265060240964,0.1408013364687084
imgnet_vit_FE,imgnet_xception_FR,0.0043103448275862,0.0351201478743068,0.030809803046720596
imgnet_vit_FE,imgnet_xception_FS,0.0203160270880361,0.2291196388261851,0.20880361173814901
imgnet_vit_FR,fr_deit_ALL,0.0376687988628287,0.0867093105899076,0.049040511727078906
imgnet_vit_FR,fr_deit_EFS,0.0278372591006423,0.0235798499464094,-0.004257409154232901
imgnet_vit_FR,fr_deit_FE,0.0437853107344632,0.0282485875706214,-0.0155367231638418
imgnet_vit_FR,fr_deit_FR,0.0532945736434108,0.1705426356589147,0.11724806201550389
imgnet_vit_FR,fr_deit_FS,0.08008008008008,0.1311311311311311,0.051051051051051094
imgnet_vit_FR,fr_efficientnetb4_ALL,0.0008230452674897,0.0032921810699588,0.0024691358024690998
imgnet_vit_FR,fr_efficientnetb4_EFS,0.0011778563015312,0.0011778563015312,0.0
imgnet_vit_FR,fr_efficientnetb4_FE,0.0,0.0044117647058823,0.0044117647058823
imgnet_vit_FR,fr_efficientnetb4_FR,0.0030534351145038,0.2759146341463415,0.2728611990318377
imgnet_vit_FR,fr_efficientnetb4_FS,0.0,0.0012987012987012,0.0012987012987012
imgnet_vit_FR,fr_resnet34_ALL,0.0,0.0364188163884673,0.0364188163884673
imgnet_vit_FR,fr_resnet34_EFS,0.0,0.0,0.0
imgnet_vit_FR,fr_resnet34_FE,0.0057265569076592,0.0278770550393137,0.022150498131654497
imgnet_vit_FR,fr_resnet34_FR,0.0,0.0258397932816537,0.0258397932816537
imgnet_vit_FR,fr_resnet34_FS,0.0,0.002710027100271,0.002710027100271
imgnet_vit_FR,fr_swin_ALL,0.002220577350111,0.0185048112509252,0.0162842339008142
imgnet_vit_FR,fr_swin_EFS,0.0051238257899231,0.0145175064047822,0.0093936806148591
imgnet_vit_FR,fr_swin_FE,0.1644260599793174,0.281282316442606,0.1168562564632886
imgnet_vit_FR,fr_swin_FR,0.0254065040650406,0.1199186991869918,0.09451219512195119
imgnet_vit_FR,fr_swin_FS,0.0089766606822262,0.044883303411131,0.0359066427289048
imgnet_vit_FR,fr_vit_ALL,0.0068746694870438,0.0222104706504495,0.015335801163405698
imgnet_vit_FR,fr_vit_EFS,0.0267942583732057,0.0880382775119617,0.06124401913875599
imgnet_vit_FR,fr_vit_FE,0.0470679012345679,0.0601851851851851,0.013117283950617196
imgnet_vit_FR,fr_vit_FR,0.0955585464333782,0.3243606998654105,0.2288021534320323
imgnet_vit_FR,fr_vit_FS,0.0234604105571847,0.0422287390029325,0.018768328445747804
imgnet_vit_FR,fr_xception_ALL,0.0,0.0,0.0
imgnet_vit_FR,fr_xception_EFS,0.0,0.0,0.0
imgnet_vit_FR,fr_xception_FE,0.0,0.0,0.0
imgnet_vit_FR,fr_xception_FR,0.0,0.13668430335097,0.13668430335097
imgnet_vit_FR,fr_xception_FS,0.0,0.0051948051948051,0.0051948051948051
imgnet_vit_FR,imgnet_deit_ALL,0.0471584038694075,0.9038112522686026,0.8566528483991951
imgnet_vit_FR,imgnet_deit_EFS,0.0015625,0.1139734582357533,0.11241095823575331
imgnet_vit_FR,imgnet_deit_FE,0.0081818181818181,0.0,-0.0081818181818181
imgnet_vit_FR,imgnet_deit_FR,0.2214689265536723,0.9412429378531072,0.7197740112994349
imgnet_vit_FR,imgnet_deit_FS,0.003813882532418,0.1970970206264324,0.1932831380940144
imgnet_vit_FR,imgnet_efficientnetb4_ALL,0.0063626723223753,0.3229056203605514,0.3165429480381761
imgnet_vit_FR,imgnet_efficientnetb4_EFS,0.0006863417982155,0.0644718792866941,0.0637855374884786
imgnet_vit_FR,imgnet_efficientnetb4_FE,0.0014134275618374,0.0254416961130742,0.024028268551236798
imgnet_vit_FR,imgnet_efficientnetb4_FR,0.0103916866506794,0.7785771382893685,0.7681854516386891
imgnet_vit_FR,imgnet_efficientnetb4_FS,0.0,0.0015831134564643,0.0015831134564643
imgnet_vit_FR,imgnet_resnet34_ALL,0.2307692307692307,0.8807692307692307,0.65
imgnet_vit_FR,imgnet_resnet34_EFS,0.0032626427406199,0.1737357259380098,0.17047308319738988
imgnet_vit_FR,imgnet_resnet34_FE,0.0,0.0029440628066732,0.0029440628066732
imgnet_vit_FR,imgnet_resnet34_FR,0.003987240829346,0.5738228252194733,0.5698355843901273
imgnet_vit_FR,imgnet_resnet34_FS,0.0,0.0378411910669975,0.0378411910669975
imgnet_vit_FR,imgnet_swin_ALL,0.0011210762331838,0.6238789237668162,0.6227578475336324
imgnet_vit_FR,imgnet_swin_EFS,0.0,0.2457564575645756,0.2457564575645756
imgnet_vit_FR,imgnet_swin_FE,0.0,0.0032119914346895,0.0032119914346895
imgnet_vit_FR,imgnet_swin_FR,0.0037707390648567,0.8250377073906485,0.8212669683257918
imgnet_vit_FR,imgnet_swin_FS,0.0,0.1666666666666666,0.1666666666666666
imgnet_vit_FR,imgnet_vit_ALL,0.4446161772282329,0.8892323544564658,0.4446161772282329
imgnet_vit_FR,imgnet_vit_EFS,0.1465277777777777,0.5180555555555556,0.3715277777777779
imgnet_vit_FR,imgnet_vit_FE,0.0461828463713477,0.0,-0.0461828463713477
imgnet_vit_FR,imgnet_vit_FS,0.2583892617449664,0.24748322147651,-0.010906040268456402
imgnet_vit_FR,imgnet_xception_ALL,0.0902586681342872,0.9559471365638766,0.8656884684295895
imgnet_vit_FR,imgnet_xception_EFS,0.0018461538461538,0.0991379310344827,0.0972917771883289
imgnet_vit_FR,imgnet_xception_FE,0.0022607385079125,0.0052710843373493,0.0030103458294368003
imgnet_vit_FR,imgnet_xception_FR,0.0098522167487684,0.3980283425754775,0.3881761258267091
imgnet_vit_FR,imgnet_xception_FS,0.0073363431151241,0.1749435665914221,0.167607223476298
imgnet_vit_FS,fr_deit_ALL,0.0632551528073916,0.0732054015636105,0.009950248756218902
imgnet_vit_FS,fr_deit_EFS,0.0449678800856531,0.0364415862808145,-0.008526293804838596
imgnet_vit_FS,fr_deit_FE,0.0381355932203389,0.0444915254237288,0.006355932203389897
imgnet_vit_FS,fr_deit_FR,0.062984496124031,0.0310077519379844,-0.031976744186046596
imgnet_vit_FS,fr_deit_FS,0.1751751751751751,0.2412412412412412,0.06606606606606608
imgnet_vit_FS,fr_efficientnetb4_ALL,0.0008230452674897,0.0296296296296296,0.0288065843621399
imgnet_vit_FS,fr_efficientnetb4_EFS,0.0023557126030624,0.0070671378091872,0.0047114252061247995
imgnet_vit_FS,fr_efficientnetb4_FE,0.0,0.0014705882352941,0.0014705882352941
imgnet_vit_FS,fr_efficientnetb4_FR,0.0015267175572519,0.0121951219512195,0.010668404393967601
imgnet_vit_FS,fr_efficientnetb4_FS,0.0,0.1863636363636363,0.1863636363636363
imgnet_vit_FS,fr_resnet34_ALL,0.0007581501137225,0.1130500758725341,0.1122919257588116
imgnet_vit_FS,fr_resnet34_EFS,0.0,0.0,0.0
imgnet_vit_FS,fr_resnet34_FE,0.0050107372942018,0.0157255182273052,0.0107147809331034
imgnet_vit_FS,fr_resnet34_FR,0.0,0.0,0.0
imgnet_vit_FS,fr_resnet34_FS,0.0,0.1978319783197832,0.1978319783197832
imgnet_vit_FS,fr_swin_ALL,0.002220577350111,0.0251665433012583,0.0229459659511473
imgnet_vit_FS,fr_swin_EFS,0.0017079419299743,0.0025619128949615,0.0008539709649871999
imgnet_vit_FS,fr_swin_FE,0.2099276111685625,0.1913133402275077,-0.018614270941054806
imgnet_vit_FS,fr_swin_FR,0.0172764227642276,0.0335365853658536,0.016260162601625997
imgnet_vit_FS,fr_swin_FS,0.0359066427289048,0.22262118491921,0.1867145421903052
imgnet_vit_FS,fr_vit_ALL,0.0031729243786356,0.0132205182443151,0.0100475938656795
imgnet_vit_FS,fr_vit_EFS,0.0258373205741626,0.0430622009569378,0.017224880382775202
imgnet_vit_FS,fr_vit_FE,0.0524691358024691,0.0671296296296296,0.014660493827160496
imgnet_vit_FS,fr_vit_FR,0.1238223418573351,0.1049798115746971,-0.018842530282637993
imgnet_vit_FS,fr_vit_FS,0.0334310850439882,0.0709677419354838,0.0375366568914956
imgnet_vit_FS,fr_xception_ALL,0.0,0.0047086521483225,0.0047086521483225
imgnet_vit_FS,fr_xception_EFS,0.0,0.0016806722689075,0.0016806722689075
imgnet_vit_FS,fr_xception_FE,0.0,0.0037950664136622,0.0037950664136622
imgnet_vit_FS,fr_xception_FR,0.0017652250661959,0.0052910052910052,0.0035257802248092997
imgnet_vit_FS,fr_xception_FS,0.0025951557093425,0.232034632034632,0.22943947632528952
imgnet_vit_FS,imgnet_deit_ALL,0.3288996372430471,0.4906231094978826,0.16172347225483552
imgnet_vit_FS,imgnet_deit_EFS,0.01875,0.0085870413739266,-0.0101629586260734
imgnet_vit_FS,imgnet_deit_FE,0.0172727272727272,0.0118181818181818,-0.0054545454545453995
imgnet_vit_FS,imgnet_deit_FR,0.1322033898305084,0.0915254237288135,-0.040677966101694885
imgnet_vit_FS,imgnet_deit_FS,0.2234935163996949,0.6967150496562261,0.4732215332565312
imgnet_vit_FS,imgnet_efficientnetb4_ALL,0.0254506892895015,0.2704135737009544,0.24496288441145292
imgnet_vit_FS,imgnet_efficientnetb4_EFS,0.002745367192862,0.051440329218107,0.048694962025244995
imgnet_vit_FS,imgnet_efficientnetb4_FE,0.0021201413427561,0.0572438162544169,0.0551236749116608
imgnet_vit_FS,imgnet_efficientnetb4_FR,0.005595523581135,0.0911270983213429,0.0855315747402079
imgnet_vit_FS,imgnet_efficientnetb4_FS,0.0010554089709762,0.4110817941952506,0.41002638522427437
imgnet_vit_FS,imgnet_resnet34_ALL,0.3621794871794871,0.6205128205128205,0.2583333333333334
imgnet_vit_FS,imgnet_resnet34_EFS,0.0187601957585644,0.1500815660685155,0.1313213703099511
imgnet_vit_FS,imgnet_resnet34_FE,0.0,0.014720314033366,0.014720314033366
imgnet_vit_FS,imgnet_resnet34_FR,0.0047846889952153,0.0247406225059856,0.0199559335107703
imgnet_vit_FS,imgnet_resnet34_FS,0.0248138957816377,0.6916873449131513,0.6668734491315136
imgnet_vit_FS,imgnet_swin_ALL,0.0123318385650224,0.4624439461883408,0.4501121076233184
imgnet_vit_FS,imgnet_swin_EFS,0.0007380073800738,0.0228782287822878,0.022140221402214
imgnet_vit_FS,imgnet_swin_FE,0.0010706638115631,0.0107066381156316,0.009635974304068502
imgnet_vit_FS,imgnet_swin_FR,0.002262443438914,0.1757164404223227,0.17345399698340871
imgnet_vit_FS,imgnet_swin_FS,0.0770676691729323,0.9041353383458648,0.8270676691729325
imgnet_vit_FS,imgnet_vit_ALL,0.5816589386913962,0.4724368882019577,-0.10922205048943845
imgnet_vit_FS,imgnet_vit_EFS,0.35,0.0958333333333333,-0.25416666666666665
imgnet_vit_FS,imgnet_vit_FE,0.1102733270499528,0.0292452830188679,-0.08102804403108489
imgnet_vit_FS,imgnet_vit_FR,0.5989352262644189,0.1137777777777777,-0.48515744848664116
imgnet_vit_FS,imgnet_xception_ALL,0.1871216290588882,0.6690528634361234,0.4819312343772352
imgnet_vit_FS,imgnet_xception_EFS,0.0049230769230769,0.0615763546798029,0.056653277756726
imgnet_vit_FS,imgnet_xception_FE,0.001507159005275,0.019578313253012,0.018071154247737
imgnet_vit_FS,imgnet_xception_FR,0.0098522167487684,0.0517560073937153,0.041903790644946905
imgnet_vit_FS,imgnet_xception_FS,0.0197516930022573,0.6427765237020316,0.6230248306997743
imgnet_xception_ALL,fr_deit_ALL,0.0099502487562189,0.0383795309168443,0.028429282160625395
imgnet_xception_ALL,fr_deit_EFS,0.0149892933618843,0.0353697749196141,0.0203804815577298
imgnet_xception_ALL,fr_deit_FE,0.0091807909604519,0.0317796610169491,0.022598870056497203
imgnet_xception_ALL,fr_deit_FR,0.0242248062015503,0.0523255813953488,0.0281007751937985
imgnet_xception_ALL,fr_deit_FS,0.046046046046046,0.0990990990990991,0.0530530530530531
imgnet_xception_ALL,fr_efficientnetb4_ALL,0.0016460905349794,0.0123456790123456,0.0106995884773662
imgnet_xception_ALL,fr_efficientnetb4_EFS,0.0023557126030624,0.005889281507656,0.0035335689045936
imgnet_xception_ALL,fr_efficientnetb4_FE,0.0014705882352941,0.0029411764705882,0.0014705882352941
imgnet_xception_ALL,fr_efficientnetb4_FR,0.0061068702290076,0.0198170731707317,0.013710202941724101
imgnet_xception_ALL,fr_efficientnetb4_FS,0.0,0.037012987012987,0.037012987012987
imgnet_xception_ALL,fr_resnet34_ALL,0.0,0.0235204855842185,0.0235204855842185
imgnet_xception_ALL,fr_resnet34_EFS,0.0,0.0,0.0
imgnet_xception_ALL,fr_resnet34_FE,0.0021474588403722,0.0050035739814152,0.002856115141043
imgnet_xception_ALL,fr_resnet34_FR,0.0,0.0025839793281653,0.0025839793281653
imgnet_xception_ALL,fr_resnet34_FS,0.000903342366757,0.028906955736224,0.028003613369467
imgnet_xception_ALL,fr_swin_ALL,0.0,0.006661732050333,0.006661732050333
imgnet_xception_ALL,fr_swin_EFS,0.0008539709649871,0.0051238257899231,0.004269854824936001
imgnet_xception_ALL,fr_swin_FE,0.0868665977249224,0.1096173733195449,0.02275077559462249
imgnet_xception_ALL,fr_swin_FR,0.008130081300813,0.0111788617886178,0.0030487804878047992
imgnet_xception_ALL,fr_swin_FS,0.0053859964093357,0.0233393177737881,0.0179533213644524
imgnet_xception_ALL,fr_vit_ALL,0.0042305658381808,0.0084611316763617,0.004230565838180899
imgnet_xception_ALL,fr_vit_EFS,0.0248803827751196,0.0488038277511961,0.0239234449760765
imgnet_xception_ALL,fr_vit_FE,0.0185185185185185,0.0378086419753086,0.0192901234567901
imgnet_xception_ALL,fr_vit_FR,0.0457604306864064,0.079407806191117,0.03364737550471059
imgnet_xception_ALL,fr_vit_FS,0.0134897360703812,0.0252199413489736,0.0117302052785924
imgnet_xception_ALL,fr_xception_ALL,0.0,0.0011771630370806,0.0011771630370806
imgnet_xception_ALL,fr_xception_EFS,0.0,0.0,0.0
imgnet_xception_ALL,fr_xception_FE,0.0,0.0,0.0
imgnet_xception_ALL,fr_xception_FR,0.0026478375992939,0.0105820105820105,0.007934172982716599
imgnet_xception_ALL,fr_xception_FS,0.0,0.0155844155844155,0.0155844155844155
imgnet_xception_ALL,imgnet_deit_ALL,0.030229746070133,0.0949788263762855,0.0647490803061525
imgnet_xception_ALL,imgnet_deit_EFS,0.0015625,0.0046838407494145,0.0031213407494145
imgnet_xception_ALL,imgnet_deit_FE,0.0009090909090909,0.0045454545454545,0.0036363636363636
imgnet_xception_ALL,imgnet_deit_FR,0.0361581920903954,0.0406779661016949,0.0045197740112995
imgnet_xception_ALL,imgnet_deit_FS,0.0007627765064836,0.0351413292589763,0.0343785527524927
imgnet_xception_ALL,imgnet_efficientnetb4_ALL,0.0503711558854719,0.3870625662778367,0.3366914103923648
imgnet_xception_ALL,imgnet_efficientnetb4_EFS,0.002745367192862,0.149519890260631,0.146774523067769
imgnet_xception_ALL,imgnet_efficientnetb4_FE,0.0014134275618374,0.0954063604240282,0.09399293286219079
imgnet_xception_ALL,imgnet_efficientnetb4_FR,0.1662669864108713,0.3397282174260591,0.1734612310151878
imgnet_xception_ALL,imgnet_efficientnetb4_FS,0.0,0.1440633245382585,0.1440633245382585
imgnet_xception_ALL,imgnet_resnet34_ALL,0.4,0.6884615384615385,0.28846153846153844
imgnet_xception_ALL,imgnet_resnet34_EFS,0.0742251223491027,0.2512234910277324,0.1769983686786297
imgnet_xception_ALL,imgnet_resnet34_FE,0.0,0.0206084396467124,0.0206084396467124
imgnet_xception_ALL,imgnet_resnet34_FR,0.1164274322169059,0.0997605746209098,-0.016666857595996093
imgnet_xception_ALL,imgnet_resnet34_FS,0.0173697270471464,0.2152605459057072,0.1978908188585608
imgnet_xception_ALL,imgnet_swin_ALL,0.0016816143497757,0.2752242152466367,0.273542600896861
imgnet_xception_ALL,imgnet_swin_EFS,0.003690036900369,0.0228782287822878,0.019188191881918802
imgnet_xception_ALL,imgnet_swin_FE,0.0010706638115631,0.0214132762312633,0.020342612419700198
imgnet_xception_ALL,imgnet_swin_FR,0.0082956259426847,0.2413273001508295,0.2330316742081448
imgnet_xception_ALL,imgnet_swin_FS,0.0050125313283208,0.3646616541353383,0.3596491228070175
imgnet_xception_ALL,imgnet_vit_ALL,0.0,0.0613086038124678,0.0613086038124678
imgnet_xception_ALL,imgnet_vit_EFS,0.0048611111111111,0.0236111111111111,0.01875
imgnet_xception_ALL,imgnet_vit_FE,0.001885014137606,0.0235849056603773,0.0216998915227713
imgnet_xception_ALL,imgnet_vit_FR,0.0,0.0853333333333333,0.0853333333333333
imgnet_xception_ALL,imgnet_vit_FS,0.0008389261744966,0.1451342281879194,0.1442953020134228
imgnet_xception_ALL,imgnet_xception_EFS,0.8713846153846154,0.187807881773399,-0.6835767336112164
imgnet_xception_ALL,imgnet_xception_FE,0.0037678975131876,0.065512048192771,0.061744150679583394
imgnet_xception_ALL,imgnet_xception_FR,0.9353448275862069,0.277264325323475,-0.6580805022627318
imgnet_xception_ALL,imgnet_xception_FS,0.9006772009029346,0.5609480812641083,-0.33972911963882624
imgnet_xception_EFS,fr_deit_ALL,0.0099502487562189,0.0398009950248756,0.0298507462686567
imgnet_xception_EFS,fr_deit_EFS,0.0182012847965738,0.0707395498392283,0.05253826504265449
imgnet_xception_EFS,fr_deit_FE,0.0155367231638418,0.0296610169491525,0.014124293785310701
imgnet_xception_EFS,fr_deit_FR,0.0300387596899224,0.0571705426356589,0.0271317829457365
imgnet_xception_EFS,fr_deit_FS,0.019019019019019,0.08008008008008,0.061061061061060996
imgnet_xception_EFS,fr_efficientnetb4_ALL,0.0016460905349794,0.0024691358024691,0.0008230452674897002
imgnet_xception_EFS,fr_efficientnetb4_EFS,0.0070671378091872,0.0176678445229682,0.010600706713780998
imgnet_xception_EFS,fr_efficientnetb4_FE,0.0014705882352941,0.0,-0.0014705882352941
imgnet_xception_EFS,fr_efficientnetb4_FR,0.0030534351145038,0.0076219512195121,0.0045685161050083006
imgnet_xception_EFS,fr_efficientnetb4_FS,0.0,0.0019480519480519,0.0019480519480519
imgnet_xception_EFS,fr_resnet34_ALL,0.0,0.0121396054628224,0.0121396054628224
imgnet_xception_EFS,fr_resnet34_EFS,0.0,0.0,0.0
imgnet_xception_EFS,fr_resnet34_FE,0.0014316392269148,0.0028591851322373,0.0014275459053224998
imgnet_xception_EFS,fr_resnet34_FR,0.0,0.0008613264427217,0.0008613264427217
imgnet_xception_EFS,fr_resnet34_FS,0.0,0.001806684733514,0.001806684733514
imgnet_xception_EFS,fr_swin_ALL,0.0,0.005181347150259,0.005181347150259
imgnet_xception_EFS,fr_swin_EFS,0.0008539709649871,0.0128095644748078,0.0119555935098207
imgnet_xception_EFS,fr_swin_FE,0.1003102378490175,0.1758014477766287,0.0754912099276112
imgnet_xception_EFS,fr_swin_FR,0.0020325203252032,0.0203252032520325,0.0182926829268293
imgnet_xception_EFS,fr_swin_FS,0.0071813285457809,0.0035906642728904,-0.0035906642728905005
imgnet_xception_EFS,fr_vit_ALL,0.0021152829190904,0.0116340560549973,0.0095187731359069
imgnet_xception_EFS,fr_vit_EFS,0.0220095693779904,0.0736842105263157,0.051674641148325304
imgnet_xception_EFS,fr_vit_FE,0.0177469135802469,0.0601851851851851,0.042438271604938196
imgnet_xception_EFS,fr_vit_FR,0.0323014804845222,0.0901749663526245,0.057873485868102294
imgnet_xception_EFS,fr_vit_FS,0.0064516129032258,0.0234604105571847,0.0170087976539589
imgnet_xception_EFS,fr_xception_ALL,0.0,0.0011771630370806,0.0011771630370806
imgnet_xception_EFS,fr_xception_EFS,0.0,0.0016806722689075,0.0016806722689075
imgnet_xception_EFS,fr_xception_FE,0.0,0.0,0.0
imgnet_xception_EFS,fr_xception_FR,0.0,0.0035273368606701,0.0035273368606701
imgnet_xception_EFS,fr_xception_FS,0.0,0.0025974025974025,0.0025974025974025
imgnet_xception_EFS,imgnet_deit_ALL,0.0060459492140266,0.1687840290381125,0.1627380798240859
imgnet_xception_EFS,imgnet_deit_EFS,0.00234375,0.0538641686182669,0.0515204186182669
imgnet_xception_EFS,imgnet_deit_FE,0.0009090909090909,0.0118181818181818,0.010909090909090901
imgnet_xception_EFS,imgnet_deit_FR,0.0101694915254237,0.0937853107344632,0.08361581920903949
imgnet_xception_EFS,imgnet_deit_FS,0.0,0.0313216195569136,0.0313216195569136
imgnet_xception_EFS,imgnet_efficientnetb4_ALL,0.0148462354188759,0.2910922587486744,0.2762460233297985
imgnet_xception_EFS,imgnet_efficientnetb4_EFS,0.0205902539464653,0.49039780521262,0.4698075512661547
imgnet_xception_EFS,imgnet_efficientnetb4_FE,0.0183745583038869,0.0819787985865724,0.06360424028268549
imgnet_xception_EFS,imgnet_efficientnetb4_FR,0.0271782573940847,0.1662669864108713,0.1390887290167866
imgnet_xception_EFS,imgnet_efficientnetb4_FS,0.0010554089709762,0.0332453825857519,0.0321899736147757
imgnet_xception_EFS,imgnet_resnet34_ALL,0.1673076923076923,0.782051282051282,0.6147435897435898
imgnet_xception_EFS,imgnet_resnet34_EFS,0.2455138662316476,0.7879282218597063,0.5424143556280587
imgnet_xception_EFS,imgnet_resnet34_FE,0.0019646365422396,0.0098135426889106,0.007848906146671001
imgnet_xception_EFS,imgnet_resnet34_FR,0.0047846889952153,0.0845969672785315,0.0798122782833162
imgnet_xception_EFS,imgnet_resnet34_FS,0.0080645161290322,0.0856079404466501,0.0775434243176179
imgnet_xception_EFS,imgnet_swin_ALL,0.0016816143497757,0.1468609865470852,0.1451793721973095
imgnet_xception_EFS,imgnet_swin_EFS,0.0029520295202952,0.2708487084870848,0.2678966789667896
imgnet_xception_EFS,imgnet_swin_FE,0.0021413276231263,0.0160599571734475,0.0139186295503212
imgnet_xception_EFS,imgnet_swin_FR,0.0015082956259426,0.0693815987933635,0.0678733031674209
imgnet_xception_EFS,imgnet_swin_FS,0.0,0.0701754385964912,0.0701754385964912
imgnet_xception_EFS,imgnet_vit_ALL,0.0,0.0242143225141679,0.0242143225141679
imgnet_xception_EFS,imgnet_vit_EFS,0.0104166666666666,0.1569444444444444,0.14652777777777778
imgnet_xception_EFS,imgnet_vit_FE,0.004712535344015,0.0188679245283018,0.014155389184286798
imgnet_xception_EFS,imgnet_vit_FR,0.0,0.032,0.032
imgnet_xception_EFS,imgnet_vit_FS,0.0,0.0209731543624161,0.0209731543624161
imgnet_xception_EFS,imgnet_xception_ALL,0.8420473307649973,0.9834801762114538,0.1414328454464565
imgnet_xception_EFS,imgnet_xception_FE,0.9171062547098718,0.0692771084337349,-0.8478291462761369
imgnet_xception_EFS,imgnet_xception_FR,0.8072660098522167,0.2778804682686383,-0.5293855415835784
imgnet_xception_EFS,imgnet_xception_FS,0.0073363431151241,0.7703160270880361,0.762979683972912
imgnet_xception_FE,fr_deit_ALL,0.0092395167022032,0.0483297796730632,0.03909026297086
imgnet_xception_FE,fr_deit_EFS,0.0139186295503211,0.0514469453376205,0.0375283157872994
imgnet_xception_FE,fr_deit_FE,0.0091807909604519,0.0713276836158192,0.062146892655367304
imgnet_xception_FE,fr_deit_FR,0.0193798449612403,0.0290697674418604,0.0096899224806201
imgnet_xception_FE,fr_deit_FS,0.01001001001001,0.083083083083083,0.07307307307307301
imgnet_xception_FE,fr_efficientnetb4_ALL,0.0016460905349794,0.0016460905349794,0.0
imgnet_xception_FE,fr_efficientnetb4_EFS,0.0047114252061248,0.005889281507656,0.0011778563015311999
imgnet_xception_FE,fr_efficientnetb4_FE,0.0029411764705882,0.0029411764705882,0.0
imgnet_xception_FE,fr_efficientnetb4_FR,0.0015267175572519,0.0076219512195121,0.0060952336622602
imgnet_xception_FE,fr_efficientnetb4_FS,0.0,0.0025974025974025,0.0025974025974025
imgnet_xception_FE,fr_resnet34_ALL,0.0,0.0030349013657056,0.0030349013657056
imgnet_xception_FE,fr_resnet34_EFS,0.0,0.0,0.0
imgnet_xception_FE,fr_resnet34_FE,0.0021474588403722,0.0235882773409578,0.0214408185005856
imgnet_xception_FE,fr_resnet34_FR,0.0,0.0,0.0
imgnet_xception_FE,fr_resnet34_FS,0.0,0.002710027100271,0.002710027100271
imgnet_xception_FE,fr_swin_ALL,0.0,0.004441154700222,0.004441154700222
imgnet_xception_FE,fr_swin_EFS,0.0017079419299743,0.0017079419299743,0.0
imgnet_xception_FE,fr_swin_FE,0.0879007238883143,0.2833505687693898,0.1954498448810755
imgnet_xception_FE,fr_swin_FR,0.0020325203252032,0.0111788617886178,0.009146341463414599
imgnet_xception_FE,fr_swin_FS,0.0017953321364452,0.0125673249551166,0.010771992818671399
imgnet_xception_FE,fr_vit_ALL,0.0010576414595452,0.0100475938656795,0.0089899524061343
imgnet_xception_FE,fr_vit_EFS,0.0191387559808612,0.0842105263157894,0.0650717703349282
imgnet_xception_FE,fr_vit_FE,0.0216049382716049,0.1018518518518518,0.08024691358024691
imgnet_xception_FE,fr_vit_FR,0.0228802153432032,0.1318977119784656,0.10901749663526239
imgnet_xception_FE,fr_vit_FS,0.0046920821114369,0.0252199413489736,0.0205278592375367
imgnet_xception_FE,fr_xception_ALL,0.0,0.0,0.0
imgnet_xception_FE,fr_xception_EFS,0.0,0.0,0.0
imgnet_xception_FE,fr_xception_FE,0.0,0.0018975332068311,0.0018975332068311
imgnet_xception_FE,fr_xception_FR,0.0,0.0,0.0
imgnet_xception_FE,fr_xception_FS,0.0,0.0034632034632034,0.0034632034632034
imgnet_xception_FE,imgnet_deit_ALL,0.0030229746070133,0.0326678765880217,0.0296449019810084
imgnet_xception_FE,imgnet_deit_EFS,0.00234375,0.0015612802498048,-0.0007824697501951998
imgnet_xception_FE,imgnet_deit_FE,0.0054545454545454,0.0545454545454545,0.0490909090909091
imgnet_xception_FE,imgnet_deit_FR,0.0090395480225988,0.0248587570621468,0.015819209039548
imgnet_xception_FE,imgnet_deit_FS,0.0,0.0022918258212375,0.0022918258212375
imgnet_xception_FE,imgnet_efficientnetb4_ALL,0.013255567338282,0.1145281018027571,0.10127253446447511
imgnet_xception_FE,imgnet_efficientnetb4_EFS,0.001372683596431,0.0260631001371742,0.0246904165407432
imgnet_xception_FE,imgnet_efficientnetb4_FE,0.0346289752650176,0.3773851590106007,0.34275618374558314
imgnet_xception_FE,imgnet_efficientnetb4_FR,0.0271782573940847,0.0927258193445243,0.06554756195043959
imgnet_xception_FE,imgnet_efficientnetb4_FS,0.0010554089709762,0.0269129287598944,0.0258575197889182
imgnet_xception_FE,imgnet_resnet34_ALL,0.066025641025641,0.4583333333333333,0.3923076923076923
imgnet_xception_FE,imgnet_resnet34_EFS,0.0415986949429037,0.2634584013050571,0.2218597063621534
imgnet_xception_FE,imgnet_resnet34_FE,0.0088408644400785,0.1854759568204121,0.1766350923803336
imgnet_xception_FE,imgnet_resnet34_FR,0.0023923444976076,0.0159616919393455,0.0135693474417379
imgnet_xception_FE,imgnet_resnet34_FS,0.0018610421836228,0.0496277915632754,0.047766749379652605
imgnet_xception_FE,imgnet_swin_ALL,0.0005605381165919,0.0330717488789237,0.0325112107623318
imgnet_xception_FE,imgnet_swin_EFS,0.0,0.0154981549815498,0.0154981549815498
imgnet_xception_FE,imgnet_swin_FE,0.0085653104925053,0.0781584582441113,0.069593147751606
imgnet_xception_FE,imgnet_swin_FR,0.0007541478129713,0.0263951734539969,0.0256410256410256
imgnet_xception_FE,imgnet_swin_FS,0.0012531328320802,0.0507518796992481,0.049498746867167896
imgnet_xception_FE,imgnet_vit_ALL,0.0,0.0072127769191138,0.0072127769191138
imgnet_xception_FE,imgnet_vit_EFS,0.0020833333333333,0.0423611111111111,0.0402777777777778
imgnet_xception_FE,imgnet_vit_FE,0.0311027332704995,0.1047169811320754,0.0736142478615759
imgnet_xception_FE,imgnet_vit_FR,0.0,0.008,0.008
imgnet_xception_FE,imgnet_vit_FS,0.0008389261744966,0.0226510067114093,0.0218120805369127
imgnet_xception_FE,imgnet_xception_ALL,0.6725371491469455,0.6954845814977973,0.022947432350851837
imgnet_xception_FE,imgnet_xception_EFS,0.7489230769230769,0.1915024630541872,-0.5574206138688897
imgnet_xception_FE,imgnet_xception_FR,0.4285714285714285,0.0326555760936537,-0.3959158524777748
imgnet_xception_FE,imgnet_xception_FS,0.0011286681715575,0.1241534988713318,0.1230248306997743
imgnet_xception_FR,fr_deit_ALL,0.0120824449182658,0.0305614783226723,0.0184790334044065
imgnet_xception_FR,fr_deit_EFS,0.0085653104925053,0.0171489817792068,0.0085836712867015
imgnet_xception_FR,fr_deit_FE,0.0098870056497175,0.0190677966101694,0.0091807909604519
imgnet_xception_FR,fr_deit_FR,0.0184108527131782,0.063953488372093,0.045542635658914796
imgnet_xception_FR,fr_deit_FS,0.026026026026026,0.076076076076076,0.05005005005005
imgnet_xception_FR,fr_efficientnetb4_ALL,0.0041152263374485,0.0057613168724279,0.0016460905349793995
imgnet_xception_FR,fr_efficientnetb4_EFS,0.0094228504122497,0.0035335689045936,-0.005889281507656099
imgnet_xception_FR,fr_efficientnetb4_FE,0.0029411764705882,0.0,-0.0029411764705882
imgnet_xception_FR,fr_efficientnetb4_FR,0.0030534351145038,0.0320121951219512,0.0289587600074474
imgnet_xception_FR,fr_efficientnetb4_FS,0.0,0.0012987012987012,0.0012987012987012
imgnet_xception_FR,fr_resnet34_ALL,0.0,0.0083459787556904,0.0083459787556904
imgnet_xception_FR,fr_resnet34_EFS,0.0,0.0,0.0
imgnet_xception_FR,fr_resnet34_FE,0.0014316392269148,0.0078627591136526,0.0064311198867378
imgnet_xception_FR,fr_resnet34_FR,0.0,0.0043066322136089,0.0043066322136089
imgnet_xception_FR,fr_resnet34_FS,0.0,0.000903342366757,0.000903342366757
imgnet_xception_FR,fr_swin_ALL,0.0,0.004441154700222,0.004441154700222
imgnet_xception_FR,fr_swin_EFS,0.0008539709649871,0.0051238257899231,0.004269854824936001
imgnet_xception_FR,fr_swin_FE,0.0837642192347466,0.1302998965873836,0.046535677352637014
imgnet_xception_FR,fr_swin_FR,0.0060975609756097,0.024390243902439,0.018292682926829302
imgnet_xception_FR,fr_swin_FS,0.0017953321364452,0.0125673249551166,0.010771992818671399
imgnet_xception_FR,fr_vit_ALL,0.0031729243786356,0.0142781597038603,0.0111052353252247
imgnet_xception_FR,fr_vit_EFS,0.0153110047846889,0.0411483253588516,0.0258373205741627
imgnet_xception_FR,fr_vit_FE,0.0123456790123456,0.0270061728395061,0.014660493827160498
imgnet_xception_FR,fr_vit_FR,0.0282637954239569,0.1547779273216689,0.126514131897712
imgnet_xception_FR,fr_vit_FS,0.007624633431085,0.0269794721407624,0.0193548387096774
imgnet_xception_FR,fr_xception_ALL,0.0,0.0005885815185403,0.0005885815185403
imgnet_xception_FR,fr_xception_EFS,0.0,0.0,0.0
imgnet_xception_FR,fr_xception_FE,0.0,0.0,0.0
imgnet_xception_FR,fr_xception_FR,0.0026478375992939,0.0105820105820105,0.007934172982716599
imgnet_xception_FR,fr_xception_FS,0.0,0.0008658008658008,0.0008658008658008
imgnet_xception_FR,imgnet_deit_ALL,0.0139056831922611,0.1161524500907441,0.102246766898483
imgnet_xception_FR,imgnet_deit_EFS,0.00078125,0.0039032006245121,0.0031219506245121
imgnet_xception_FR,imgnet_deit_FE,0.0009090909090909,0.0009090909090909,0.0
imgnet_xception_FR,imgnet_deit_FR,0.047457627118644,0.2983050847457627,0.25084745762711874
imgnet_xception_FR,imgnet_deit_FS,0.0007627765064836,0.0099312452253628,0.0091684687188792
imgnet_xception_FR,imgnet_efficientnetb4_ALL,0.0604453870625662,0.4220572640509014,0.3616118769883352
imgnet_xception_FR,imgnet_efficientnetb4_EFS,0.0068634179821551,0.0425240054869684,0.035660587504813296
imgnet_xception_FR,imgnet_efficientnetb4_FE,0.0091872791519434,0.0522968197879858,0.0431095406360424
imgnet_xception_FR,imgnet_efficientnetb4_FR,0.3181454836131095,0.7521982414068745,0.434052757793765
imgnet_xception_FR,imgnet_efficientnetb4_FS,0.0015831134564643,0.0258575197889182,0.0242744063324539
imgnet_xception_FR,imgnet_resnet34_ALL,0.1519230769230769,0.6993589743589743,0.5474358974358974
imgnet_xception_FR,imgnet_resnet34_EFS,0.0407830342577487,0.1468189233278956,0.10603588907014688
imgnet_xception_FR,imgnet_resnet34_FE,0.0009823182711198,0.0029440628066732,0.0019617445355534
imgnet_xception_FR,imgnet_resnet34_FR,0.0829346092503987,0.4852354349561053,0.40230082570570663
imgnet_xception_FR,imgnet_resnet34_FS,0.0037220843672456,0.0310173697270471,0.0272952853598015
imgnet_xception_FR,imgnet_swin_ALL,0.0022421524663677,0.0784753363228699,0.0762331838565022
imgnet_xception_FR,imgnet_swin_EFS,0.0,0.0088560885608856,0.0088560885608856
imgnet_xception_FR,imgnet_swin_FE,0.0032119914346895,0.0074946466809421,0.0042826552462526
imgnet_xception_FR,imgnet_swin_FR,0.0120663650075414,0.1508295625942684,0.138763197586727
imgnet_xception_FR,imgnet_swin_FS,0.0025062656641604,0.031328320802005,0.028822055137844596
imgnet_xception_FR,imgnet_vit_ALL,0.0,0.0139103554868624,0.0139103554868624
imgnet_xception_FR,imgnet_vit_EFS,0.0020833333333333,0.0347222222222222,0.032638888888888905
imgnet_xception_FR,imgnet_vit_FE,0.002827521206409,0.0056603773584905,0.0028328561520814997
imgnet_xception_FR,imgnet_vit_FR,0.0026619343389529,0.1022222222222222,0.0995602878832693
imgnet_xception_FR,imgnet_vit_FS,0.0,0.0142617449664429,0.0142617449664429
imgnet_xception_FR,imgnet_xception_ALL,0.8304898183819482,0.9273127753303964,0.09682295694844811
imgnet_xception_FR,imgnet_xception_EFS,0.7790769230769231,0.0738916256157635,-0.7051852974611597
imgnet_xception_FR,imgnet_xception_FE,0.7882441597588545,0.0052710843373493,-0.7829730754215052
imgnet_xception_FR,imgnet_xception_FS,0.4362302483069977,0.8611738148984198,0.42494356659142213
imgnet_xception_FS,fr_deit_ALL,0.0106609808102345,0.0412224591329069,0.0305614783226724
imgnet_xception_FS,fr_deit_EFS,0.019271948608137,0.0246516613076098,0.005379712699472801
imgnet_xception_FS,fr_deit_FE,0.0070621468926553,0.0296610169491525,0.022598870056497203
imgnet_xception_FS,fr_deit_FR,0.0271317829457364,0.0387596899224806,0.0116279069767442
imgnet_xception_FS,fr_deit_FS,0.037037037037037,0.1101101101101101,0.07307307307307309
imgnet_xception_FS,fr_efficientnetb4_ALL,0.0016460905349794,0.0205761316872428,0.018930041152263398
imgnet_xception_FS,fr_efficientnetb4_EFS,0.005889281507656,0.0011778563015312,-0.0047114252061248
imgnet_xception_FS,fr_efficientnetb4_FE,0.0014705882352941,0.0014705882352941,0.0
imgnet_xception_FS,fr_efficientnetb4_FR,0.0015267175572519,0.0167682926829268,0.0152415751256749
imgnet_xception_FS,fr_efficientnetb4_FS,0.0,0.0396103896103896,0.0396103896103896
imgnet_xception_FS,fr_resnet34_ALL,0.0,0.0204855842185129,0.0204855842185129
imgnet_xception_FS,fr_resnet34_EFS,0.0,0.0,0.0
imgnet_xception_FS,fr_resnet34_FE,0.0014316392269148,0.0050035739814152,0.0035719347545004
imgnet_xception_FS,fr_resnet34_FR,0.0,0.0008613264427217,0.0008613264427217
imgnet_xception_FS,fr_resnet34_FS,0.0,0.022583559168925,0.022583559168925
imgnet_xception_FS,fr_swin_ALL,0.000740192450037,0.005181347150259,0.004441154700221999
imgnet_xception_FS,fr_swin_EFS,0.0017079419299743,0.0017079419299743,0.0
imgnet_xception_FS,fr_swin_FE,0.0992761116856256,0.15511892450879,0.0558428128231644
imgnet_xception_FS,fr_swin_FR,0.0101626016260162,0.0091463414634146,-0.0010162601626015986
imgnet_xception_FS,fr_swin_FS,0.0053859964093357,0.0287253141831238,0.023339317773788098
imgnet_xception_FS,fr_vit_ALL,0.0021152829190904,0.0105764145954521,0.0084611316763617
imgnet_xception_FS,fr_vit_EFS,0.0220095693779904,0.0382775119617224,0.016267942583732004
imgnet_xception_FS,fr_vit_FE,0.015432098765432,0.0362654320987654,0.020833333333333398
imgnet_xception_FS,fr_vit_FR,0.0242261103633916,0.098250336473755,0.0740242261103634
imgnet_xception_FS,fr_vit_FS,0.0087976539589442,0.032258064516129,0.023460410557184796
imgnet_xception_FS,fr_xception_ALL,0.0,0.0023543260741612,0.0023543260741612
imgnet_xception_FS,fr_xception_EFS,0.0,0.0,0.0
imgnet_xception_FS,fr_xception_FE,0.0,0.0009487666034155,0.0009487666034155
imgnet_xception_FS,fr_xception_FR,0.0,0.0035273368606701,0.0035273368606701
imgnet_xception_FS,fr_xception_FS,0.0008650519031141,0.0467532467532467,0.045888194850132596
imgnet_xception_FS,imgnet_deit_ALL,0.0114873035066505,0.1409558378705384,0.1294685343638879
imgnet_xception_FS,imgnet_deit_EFS,0.0,0.0023419203747072,0.0023419203747072
imgnet_xception_FS,imgnet_deit_FE,0.0018181818181818,0.0009090909090909,-0.0009090909090909
imgnet_xception_FS,imgnet_deit_FR,0.0124293785310734,0.0711864406779661,0.058757062146892705
imgnet_xception_FS,imgnet_deit_FS,0.0007627765064836,0.0993124522536287,0.0985496757471451
imgnet_xception_FS,imgnet_efficientnetb4_ALL,0.0615058324496288,0.3234358430540827,0.26193001060445387
imgnet_xception_FS,imgnet_efficientnetb4_EFS,0.0137268359643102,0.115912208504801,0.10218537254049079
imgnet_xception_FS,imgnet_efficientnetb4_FE,0.0106007067137809,0.1017667844522968,0.0911660777385159
imgnet_xception_FS,imgnet_efficientnetb4_FR,0.0815347721822542,0.2486011191047162,0.16706634692246197
imgnet_xception_FS,imgnet_efficientnetb4_FS,0.0163588390501319,0.2496042216358839,0.233245382585752
imgnet_xception_FS,imgnet_resnet34_ALL,0.2089743589743589,0.6698717948717948,0.4608974358974359
imgnet_xception_FS,imgnet_resnet34_EFS,0.0856443719412724,0.2210440456769983,0.13539967373572592
imgnet_xception_FS,imgnet_resnet34_FE,0.0049115913555992,0.0235525024533856,0.0186409110977864
imgnet_xception_FS,imgnet_resnet34_FR,0.0135566188197767,0.0510774142059058,0.0375207953861291
imgnet_xception_FS,imgnet_resnet34_FS,0.0223325062034739,0.4063275434243176,0.3839950372208437
imgnet_xception_FS,imgnet_swin_ALL,0.0039237668161434,0.1894618834080717,0.18553811659192831
imgnet_xception_FS,imgnet_swin_EFS,0.0014760147601476,0.014760147601476,0.0132841328413284
imgnet_xception_FS,imgnet_swin_FE,0.0042826552462526,0.0224839400428265,0.018201284796573902
imgnet_xception_FS,imgnet_swin_FR,0.004524886877828,0.0844645550527903,0.0799396681749623
imgnet_xception_FS,imgnet_swin_FS,0.0150375939849624,0.3402255639097744,0.32518796992481197
imgnet_xception_FS,imgnet_vit_ALL,0.0,0.0329726944873776,0.0329726944873776
imgnet_xception_FS,imgnet_vit_EFS,0.0055555555555555,0.0319444444444444,0.0263888888888889
imgnet_xception_FS,imgnet_vit_FE,0.005655042412818,0.0169811320754716,0.0113260896626536
imgnet_xception_FS,imgnet_vit_FR,0.0,0.0355555555555555,0.0355555555555555
imgnet_xception_FS,imgnet_vit_FS,0.0025167785234899,0.1728187919463087,0.1703020134228188
imgnet_xception_FS,imgnet_xception_ALL,0.9119427627958172,0.9465859030837004,0.03464314028788318
imgnet_xception_FS,imgnet_xception_EFS,0.9175384615384616,0.187807881773399,-0.7297305797650626
imgnet_xception_FS,imgnet_xception_FE,0.9382064807837228,0.0346385542168674,-0.9035679265668555
imgnet_xception_FS,imgnet_xception_FR,0.9248768472906403,0.4467036352433765,-0.4781732120472639
