origin_backbone,target_backbone,origin_train_family,target_train_family,mean_true_cw_eot,mean_false_cw_eot,diff_cw_eot,mean_true_aa,mean_false_aa,diff_aa,compatibility_effect_cw_eot,compatibility_effect_aa,interaction_diff
deit,deit,ALL,EFS,0.8890876048906728,0.11065762027756651,0.7784299846131063,0.779199846092077,0.0346518669700214,0.7445479791220556,0.7784299846131063,0.7445479791220556,0.03388200549105069
deit,deit,ALL,FE,0.24015921931176165,0.16115562403697994,0.07900359527478171,0.6186119671289163,0.040712634822804246,0.577899332306112,0.07900359527478171,0.577899332306112,-0.4988957370313303
deit,deit,ALL,FR,0.8719632768361583,0.10666633819471809,0.7652969386414402,0.6350298909473131,0.06540697674418605,0.569622914203127,0.7652969386414402,0.569622914203127,0.19567402443831317
deit,deit,ALL,FS,0.9824163353575119,0.17115817115817109,0.8112581641993408,0.8138069419533951,0.0974784853503389,0.7163284566030562,0.8112581641993408,0.7163284566030562,0.09492970759628461
deit,deit,EFS,ALL,0.9037744902658086,0.0649874815706275,0.8387870086951811,0.5965622311658154,0.02487562189054725,0.5716866092752682,0.8387870086951811,0.5716866092752682,0.2671003994199129
deit,deit,EFS,FE,0.22857473035439135,0.058053415511042594,0.17052131484334876,0.6080983564458141,0.031028505392912104,0.577069851052902,0.17052131484334876,0.577069851052902,-0.4065485362095532
deit,deit,EFS,FR,0.5798318223623703,0.0523255813953488,0.5275062409670215,0.42397845224017866,0.0251937984496124,0.39878465379056627,0.5275062409670215,0.39878465379056627,0.1287215871764552
deit,deit,EFS,FS,0.8928905987729517,0.08408408408408405,0.8088065146888677,0.5573181877529704,0.05055055055055055,0.5067676372024198,0.8088065146888677,0.5067676372024198,0.30203887748644787
deit,deit,FE,ALL,0.6599256762596146,0.045381080080541,0.6145445961790736,0.5425315553859653,0.0220326936744847,0.5204988617114806,0.6145445961790736,0.5204988617114806,0.09404573446759301
deit,deit,FE,EFS,0.7643332806212992,0.04039122369732245,0.7239420569239768,0.645544198340471,0.0305139186295503,0.6150302797109207,0.7239420569239768,0.6150302797109207,0.10891177721305612
deit,deit,FE,FR,0.21007094994087505,0.016553343844435648,0.1935176060964394,0.28698758376034683,0.0198643410852713,0.26712324267507553,0.1935176060964394,0.26712324267507553,-0.07360563657863614
deit,deit,FE,FS,0.6351687822276058,0.05755755755755755,0.5776112246700482,0.5730180981897228,0.0475475475475475,0.5254705506421753,0.5776112246700482,0.5254705506421753,0.052140674027872924
deit,deit,FR,ALL,0.9088869884438322,0.05981758307245205,0.8490694053713801,0.5074972778188862,0.02091352702715475,0.48658375079173144,0.8490694053713801,0.48658375079173144,0.36248565457964865
deit,deit,FR,EFS,0.4746655923452086,0.0438300564018765,0.4308355359433321,0.415625,0.01177730192719485,0.4038476980728052,0.4308355359433321,0.4038476980728052,0.026987837870526943
deit,deit,FR,FE,0.030419876733435998,0.11593862352336926,-0.08551874678993326,0.18323317925012833,0.02467257318952225,0.15856060606060607,-0.08551874678993326,0.15856060606060607,-0.24407935285053933
deit,deit,FR,FS,0.8602781543958016,0.05331649449296505,0.8069616599028365,0.5436752542015699,0.036036036036036,0.5076392181655339,0.8069616599028365,0.5076392181655339,0.2993224417373026
deit,deit,FS,ALL,0.8464760718058657,0.0645792298553898,0.7818968419504759,0.6073340758635566,0.034772802080459644,0.572561273783097,0.7818968419504759,0.572561273783097,0.20933556816737897
deit,deit,FS,EFS,0.4993950666556223,0.037857280912470405,0.46153778574315185,0.607727181477516,0.0305139186295503,0.5772132628479657,0.46153778574315185,0.5772132628479657,-0.11567547710481385
deit,deit,FS,FE,0.0747393425783256,0.05323703133025165,0.021502311248073946,0.41614663585002565,0.03198638931689775,0.3841602465331279,0.021502311248073946,0.3841602465331279,-0.36265793528505397
deit,deit,FS,FR,0.5758490999868611,0.0329457364341085,0.5429033635527526,0.5858215083431875,0.03052325581395345,0.555298252529234,0.5429033635527526,0.555298252529234,-0.012394888976481444
deit,efficientnetb4,ALL,ALL,0.4853102130055117,0.03518496698654585,0.45012524601896586,0.01658331478644895,0.0022673020611043,0.014316012725344648,0.45012524601896586,0.014316012725344648,0.4358092332936212
deit,efficientnetb4,ALL,EFS,0.40658945164245514,0.07747313469731999,0.32911631694513516,0.00171585449553875,0.0073593787515369505,-0.0056435242559982005,0.32911631694513516,-0.0056435242559982005,0.33475984120113333
deit,efficientnetb4,ALL,FE,0.09584286011224274,0.0725524838910829,0.023290376221159842,0.0,0.0056822905840781006,-0.0056822905840781006,0.023290376221159842,-0.0056822905840781006,0.028972666805237943
deit,efficientnetb4,ALL,FR,0.26837188785556915,0.0830140765436431,0.18535781131192605,0.01598721023181455,0.00229007633587785,0.013697133895936698,0.18535781131192605,0.013697133895936698,0.17166067741598937
deit,efficientnetb4,ALL,FS,0.27238974745571054,0.03762207449542535,0.2347676729602852,0.00105540897097625,0.0,0.00105540897097625,0.2347676729602852,0.00105540897097625,0.23371226398930894
deit,efficientnetb4,EFS,ALL,0.20283418212604018,0.01127323270012085,0.19156094942591934,0.0160530920929177,0.0022673020611043,0.013785790031813398,0.19156094942591934,0.013785790031813398,0.17777515939410593
deit,efficientnetb4,EFS,EFS,0.3318573775974639,0.05237098111067485,0.2794863964867891,0.01123611855523835,0.00583835155089795,0.0053977670043404,0.2794863964867891,0.0053977670043404,0.27408862948244866
deit,efficientnetb4,EFS,FE,0.0711000831427977,0.0312383080440656,0.039861775098732094,0.00600706713780915,0.00212014134275615,0.003886925795053,0.039861775098732094,0.003886925795053,0.03597484930367909
deit,efficientnetb4,EFS,FR,0.1333073784874539,0.017641983973796502,0.11566539451365739,0.0063948840927258,0.0,0.0063948840927258,0.11566539451365739,0.0063948840927258,0.10927051042093158
deit,efficientnetb4,EFS,FS,0.054027173354350096,0.0159090909090909,0.038118082445259195,0.00079155672823215,0.00032446463335495,0.00046709209487720007,0.038118082445259195,0.00046709209487720007,0.037650990350381996
deit,efficientnetb4,FE,ALL,0.11429070168318425,0.00618069465718805,0.1081100070259962,0.00624397226258895,0.00571374956905765,0.0005302226935313004,0.1081100070259962,0.0005302226935313004,0.1075797843324649
deit,efficientnetb4,FE,EFS,0.17949827199270985,0.03546292660937335,0.1440353453833365,0.0015210272006389502,0.0062789360974556,-0.0047579088968166495,0.1440353453833365,-0.0047579088968166495,0.14879325428015316
deit,efficientnetb4,FE,FE,0.3737476616088131,0.12375025982124296,0.24999740178757016,0.00573945125753475,0.003886925795053,0.0018525254624817502,0.24999740178757016,0.0018525254624817502,0.24814487632508841
deit,efficientnetb4,FE,FR,0.1065288013491645,0.00842131173110285,0.09810748961806165,0.00479616306954435,0.0,0.00479616306954435,0.09810748961806165,0.00479616306954435,0.0933113265485173
deit,efficientnetb4,FE,FS,0.07625244148990845,0.04799112497001675,0.0282613165198917,0.00026385224274405,0.0,0.00026385224274405,0.0282613165198917,0.00026385224274405,0.02799746427714765
deit,efficientnetb4,FR,ALL,0.23255021841683793,0.02687923578108565,0.2056709826357523,0.017113537479980248,0.00491841552876075,0.012195121951219499,0.2056709826357523,0.012195121951219499,0.1934758606845328
deit,efficientnetb4,FR,EFS,0.13631990189377965,0.04076449175258225,0.0955554101411974,0.0005889281507656,0.00338522530038565,-0.00279629714962005,0.0955554101411974,-0.00279629714962005,0.09835170729081745
deit,efficientnetb4,FR,FE,0.0627442319684057,0.04107514030347115,0.021669091664934553,0.00073529411764705,0.00356214924132195,-0.0028268551236749,0.021669091664934553,-0.0028268551236749,0.024495946788609453
deit,efficientnetb4,FR,FR,0.3884526525121366,0.12232226413990754,0.2661303883722291,0.0327737809752198,0.00192639781304725,0.030847383162172552,0.2661303883722291,0.030847383162172552,0.23528300521005652
deit,efficientnetb4,FR,FS,0.049880067162389054,0.00539783435561795,0.044482232806771105,0.00026385224274405,0.0,0.00026385224274405,0.044482232806771105,0.00026385224274405,0.044218380564027056
deit,efficientnetb4,FS,ALL,0.2117883996875395,0.025229435869237902,0.18655896381830162,0.039382890608294155,0.0033277474481669,0.036055143160127257,0.18655896381830162,0.036055143160127257,0.15050382065817436
deit,efficientnetb4,FS,EFS,0.1068383525522643,0.020888772557402298,0.085949579994862,0.00034317089910775,0.00745679239898685,-0.0071136214998791,0.085949579994862,-0.0071136214998791,0.0930632014947411
deit,efficientnetb4,FS,FE,0.0654567657451673,0.01215703595925995,0.05329972978590736,0.00212014134275615,0.0024734982332155,-0.0003533568904593499,0.05329972978590736,-0.0003533568904593499,0.05365308667636671
deit,efficientnetb4,FS,FR,0.11655797313368815,0.02602613031525995,0.0905318428184282,0.03637090327737805,0.0030534351145038,0.033317468162874245,0.0905318428184282,0.033317468162874245,0.05721437465555396
deit,efficientnetb4,FS,FS,0.2443134701709899,0.0935064935064935,0.15080697666449638,0.001764950628297,0.00032446463335495,0.0014404859949420502,0.15080697666449638,0.0014404859949420502,0.14936649066955435
deit,resnet34,ALL,ALL,0.7499192638418738,0.19353770281312005,0.5563815610287537,0.2266025641025641,0.01427825081160935,0.21232431329095475,0.5563815610287537,0.21232431329095475,0.34405724773779894
deit,resnet34,ALL,EFS,0.41327703950228334,0.15600036459331482,0.25727667490896855,0.0220228384991843,0.00040783034257745,0.02161500815660685,0.25727667490896855,0.02161500815660685,0.2356616667523617
deit,resnet34,ALL,FE,0.10723803137106899,0.0680761037078917,0.03916192766317729,0.0025053686471009,0.003579098067287,-0.0010737294201860997,0.03916192766317729,-0.0010737294201860997,0.04023565708336339
deit,resnet34,ALL,FR,0.2778850139510136,0.02531426729166105,0.2525707466593526,0.00717703349282295,0.0,0.00717703349282295,0.2525707466593526,0.00717703349282295,0.24539371316652964
deit,resnet34,ALL,FS,0.4722636907924083,0.0915357044389302,0.38072798635347815,0.01550868486352355,0.0006203473945409,0.01488833746898265,0.38072798635347815,0.01488833746898265,0.3658396488844955
deit,resnet34,EFS,ALL,0.5528495972919342,0.11539336990778565,0.4374562273841485,0.118648305826092,0.008770970626543,0.109877335199549,0.4374562273841485,0.109877335199549,0.3275788921845995
deit,resnet34,EFS,EFS,0.41746986262310865,0.08057278544618274,0.3368970771769259,0.0322185970636215,0.0,0.0322185970636215,0.3368970771769259,0.0322185970636215,0.3046784801133044
deit,resnet34,EFS,FE,0.08462514581774025,0.019917493288701148,0.0647076525290391,0.00433675586050935,0.0021474588403722,0.00218929702013715,0.0647076525290391,0.00218929702013715,0.06251835550890195
deit,resnet34,EFS,FR,0.1271377634246284,0.0167958656330749,0.1103418977915535,0.001993620414673,0.0,0.001993620414673,0.1103418977915535,0.001993620414673,0.10834827737688049
deit,resnet34,EFS,FS,0.10973116038025556,0.024634852427928698,0.08509630795232687,0.0018610421836228,0.0,0.0018610421836228,0.08509630795232687,0.0018610421836228,0.08323526576870406
deit,resnet34,FE,ALL,0.3029804287770904,0.06124761682424805,0.24173281195284235,0.078525641025641,0.0231663459108493,0.05535929511479169,0.24173281195284235,0.05535929511479169,0.18637351683805065
deit,resnet34,FE,EFS,0.1137063715018907,0.038764916774564444,0.07494145472732625,0.0085644371941272,0.0,0.0085644371941272,0.07494145472732625,0.0085644371941272,0.06637701753319905
deit,resnet34,FE,FE,0.35834582531613424,0.049836172058971,0.30850965325716323,0.0162810288113878,0.0021474588403722,0.0141335699710156,0.30850965325716323,0.0141335699710156,0.2943760832861476
deit,resnet34,FE,FR,0.0664427767844683,0.00430663221360895,0.06213614457085936,0.0015948963317384,0.0007974481658692,0.0007974481658692,0.06213614457085936,0.0007974481658692,0.06133869640499016
deit,resnet34,FE,FS,0.10992141145563644,0.0233997614996828,0.08652164995595364,0.0043424317617866,0.00031017369727045,0.00403225806451615,0.08652164995595364,0.00403225806451615,0.08248939189143749
deit,resnet34,FR,ALL,0.5087910003501809,0.09932444262869145,0.40946655772148943,0.1092948717948718,0.02569958787737405,0.08359528391749774,0.40946655772148943,0.08359528391749774,0.3258712738039917
deit,resnet34,FR,EFS,0.1228153615316658,0.0879920256898058,0.03482333584186001,0.0032626427406199,0.0,0.0032626427406199,0.03482333584186001,0.0032626427406199,0.03156069310124011
deit,resnet34,FR,FE,0.08460059442430834,0.0238853492014834,0.06071524522282494,0.0044281670095756,0.0007158196134574,0.0037123473961182003,0.06071524522282494,0.0037123473961182003,0.05700289782670674
deit,resnet34,FR,FR,0.4318730653666343,0.029830216266490052,0.4020428491001442,0.02033492822966505,0.0,0.02033492822966505,0.4020428491001442,0.02033492822966505,0.38170792087047917
deit,resnet34,FR,FS,0.06687283270682165,0.0155742500353043,0.05129858267151735,0.0018610421836228,0.0,0.0018610421836228,0.05129858267151735,0.0018610421836228,0.04943754048789455
deit,resnet34,FS,ALL,0.5033758414069491,0.11845453484300221,0.3849213065639469,0.19300728018506638,0.01824152913046005,0.17476575105460634,0.3849213065639469,0.17476575105460634,0.21015555550934056
deit,resnet34,FS,EFS,0.1285869204485432,0.02611165903981075,0.10247526140873245,0.0053017944535073,0.00081566068515495,0.004486133768352349,0.10247526140873245,0.004486133768352349,0.0979891276403801
deit,resnet34,FS,FE,0.04588690505835865,0.0146533238027162,0.031233581255642448,0.004919326145135501,0.0010737294201861,0.0038455967249494006,0.031233581255642448,0.0038455967249494006,0.02738798453069305
deit,resnet34,FS,FR,0.07113642159764019,0.01335055986218775,0.05778586173545244,0.0223285486443381,0.0011961722488038,0.0211323763955343,0.05778586173545244,0.0211323763955343,0.03665348533991814
deit,resnet34,FS,FS,0.46629922151165265,0.11032685078711824,0.3559723707245344,0.02512406947890815,0.00031017369727045,0.0248138957816377,0.3559723707245344,0.0248138957816377,0.33115847494289674
deit,swin,ALL,ALL,0.7973876683273974,0.05933053244067665,0.7380571358867207,0.019496644239609853,0.00518134715025905,0.014315297089350802,0.7380571358867207,0.014315297089350802,0.72374183879737
deit,swin,ALL,EFS,0.6082252214494818,0.0892670660267661,0.5189581554227156,0.0102107827226863,0.0055508112724167,0.004659971450269599,0.5189581554227156,0.004659971450269599,0.514298183972446
deit,swin,ALL,FE,0.3119296528480543,0.20665527725431754,0.10527437559373676,0.20484832447203094,0.12564632885211996,0.07920199561991098,0.10527437559373676,0.07920199561991098,0.026072379973825777
deit,swin,ALL,FR,0.6106068130817055,0.055370084243828804,0.5552367288378767,0.011999687304565299,0.01524390243902435,-0.0032442151344590515,0.5552367288378767,-0.0032442151344590515,0.5584809439723357
deit,swin,ALL,FS,0.8660182772910733,0.1321442070166439,0.7338740702744294,0.0655481837448198,0.01741112206008735,0.048137061684732446,0.7338740702744294,0.048137061684732446,0.685737008589697
deit,swin,EFS,ALL,0.5056389885585498,0.02370773351744095,0.4819312550411089,0.01385890039930555,0.000740192450037,0.013118707949268551,0.4819312550411089,0.013118707949268551,0.46881254709184034
deit,swin,EFS,EFS,0.7756520588263098,0.06069023542498445,0.7149618234013254,0.04633091847570905,0.00463885851497285,0.041692059960736196,0.7149618234013254,0.041692059960736196,0.6732697634405892
deit,swin,EFS,FE,0.2230933437262643,0.1324777618586812,0.09061558186758309,0.13267871892362296,0.109100310237849,0.02357840868577396,0.09061558186758309,0.02357840868577396,0.06703717318180913
deit,swin,EFS,FR,0.32115890446234774,0.0330284552845528,0.28813044917779496,0.008507155207298651,0.0045731707317073,0.003933984475591351,0.28813044917779496,0.003933984475591351,0.2841964647022036
deit,swin,EFS,FS,0.3825041733597908,0.0240502513015033,0.3584539220582875,0.0080188127410087,0.0062836624775583,0.0017351502634504008,0.3584539220582875,0.0017351502634504008,0.35671877179483713
deit,swin,FE,ALL,0.2770408815260577,0.0115843852585528,0.2654564962675049,0.00408184603333185,0.002220577350111,0.0018612686832208502,0.2654564962675049,0.0018612686832208502,0.26359522758428405
deit,swin,FE,EFS,0.299597593755613,0.032461610696380205,0.2671359830592328,0.00605689148266375,0.00298889837745515,0.0030679931052086003,0.2671359830592328,0.0030679931052086003,0.2640679899540242
deit,swin,FE,FE,0.6082721235459677,0.13481451053945065,0.47345761300651706,0.24910925642564363,0.10703205791106515,0.14207719851457848,0.47345761300651706,0.14207719851457848,0.33138041449193856
deit,swin,FE,FR,0.13935639922010074,0.0096544715447154,0.12970192767538533,0.0048191884633778,0.0045731707317073,0.00024601773167049965,0.12970192767538533,0.00024601773167049965,0.12945590994371484
deit,swin,FE,FS,0.28131482206413694,0.0165978231035398,0.26471699896059714,0.00968759420994135,0.00785007851765855,0.0018375156922828002,0.26471699896059714,0.0018375156922828002,0.26287948326831434
deit,swin,FR,ALL,0.5047732870187505,0.0250947645490966,0.47967852246965387,0.0062233837748486495,0.00398123130848095,0.0022421524663676995,0.47967852246965387,0.0022421524663676995,0.47743637000328615
deit,swin,FR,EFS,0.332332727255539,0.0462571807613891,0.2860755464941499,0.010616655269883151,0.00128095644748075,0.009335698822402401,0.2860755464941499,0.009335698822402401,0.2767398476717475
deit,swin,FR,FE,0.198011355458171,0.12420475255154576,0.07380660290662525,0.081215441474438,0.07238883143743535,0.00882661003700265,0.07380660290662525,0.00882661003700265,0.0649799928696226
deit,swin,FR,FR,0.7317716955450098,0.0542066732884523,0.6775650222565575,0.037553342162380855,0.0096544715447154,0.027898870617665453,0.6775650222565575,0.027898870617665453,0.649666151638892
deit,swin,FR,FS,0.35854391364407423,0.044889490332653846,0.3136544233114204,0.0087477445858812,0.011127459582529,-0.0023797149966478005,0.3136544233114204,-0.0023797149966478005,0.3160341383080682
deit,swin,FS,ALL,0.46428218758401846,0.0263307697669555,0.437951417817063,0.027089010631553397,0.0027811154667029,0.024307895164850497,0.437951417817063,0.024307895164850497,0.4136435226522125
deit,swin,FS,EFS,0.2187438748853756,0.013763743102845151,0.20498013178253047,0.011122735480130201,0.00298889837745515,0.00813383710267505,0.20498013178253047,0.00813383710267505,0.19684629467985543
deit,swin,FS,FE,0.2320223698982924,0.13186935465655716,0.10015301524173523,0.0781130629842622,0.10703205791106515,-0.028918994926802957,0.10015301524173523,-0.028918994926802957,0.1290720101685382
deit,swin,FS,FR,0.3348761174263326,0.0284552845528455,0.3064208328734871,0.013671228341242651,0.00711382113821135,0.006557407203031301,0.3064208328734871,0.006557407203031301,0.29986342567045576
deit,swin,FS,FS,0.9036898799962203,0.1055573178907772,0.7981325621054431,0.1005993439613396,0.026827616617846196,0.07377172734349341,0.7981325621054431,0.07377172734349341,0.7243608347619497
deit,vit,ALL,ALL,0.5921173834898409,0.03791720917788665,0.5542001743119542,0.0334494777316342,0.00634584875727125,0.027103628974362953,0.5542001743119542,0.027103628974362953,0.5270965453375913
deit,vit,ALL,EFS,0.5982954545454546,0.14253056884635823,0.4557648856990964,0.15978036948431684,0.03205741626794255,0.12772295321637428,0.4557648856990964,0.12772295321637428,0.3280419324827221
deit,vit,ALL,FE,0.32468262287444677,0.2263888888888889,0.09829373398555788,0.1435108824658777,0.02601966756263015,0.11749121490324756,0.09829373398555788,0.11749121490324756,-0.019197480917689677
deit,vit,ALL,FR,0.5964414535666218,0.1758552415133841,0.4205862120532377,0.2027321549487019,0.1117092866756393,0.0910228682730626,0.4205862120532377,0.0910228682730626,0.3295633437801751
deit,vit,ALL,FS,0.7480500501879588,0.09799887815150855,0.6500511720364502,0.153044982188195,0.02346041055718475,0.12958457163101025,0.6500511720364502,0.12958457163101025,0.52046660040544
deit,vit,EFS,ALL,0.2087337972025628,0.012664452757727901,0.1960693444448349,0.01448808055511735,0.0023796932839767,0.01210838727114065,0.1960693444448349,0.01210838727114065,0.18396095717369426
deit,vit,EFS,EFS,0.8115862573099415,0.1518324694311536,0.6597537878787879,0.30120281765018597,0.0347969829877724,0.2664058346624136,0.6597537878787879,0.2664058346624136,0.39334795321637434
deit,vit,EFS,FE,0.2733970999301188,0.09076694619147446,0.18263015373864433,0.12587814605368797,0.022847796744278,0.10303034930940996,0.18263015373864433,0.10303034930940996,0.07959980442923437
deit,vit,EFS,FR,0.3754466876028114,0.107671601615074,0.2677750859877374,0.1300783055336945,0.0598923283983849,0.07018597713530961,0.2677750859877374,0.07018597713530961,0.1975891088524278
deit,vit,EFS,FS,0.27727740164144143,0.0230001082485386,0.25427729339290284,0.02079134602137415,0.0161290322580645,0.004662313763309653,0.25427729339290284,0.004662313763309653,0.24961497962959317
deit,vit,FE,ALL,0.1268203924825177,0.00894908527091225,0.11787130721160545,0.03516657852987835,0.0023796932839767,0.032786885245901655,0.11787130721160545,0.032786885245901655,0.08508442196570379
deit,vit,FE,EFS,0.5373870281765019,0.0732190324295587,0.4641679957469432,0.141199827219564,0.0223567916002126,0.1188430356193514,0.4641679957469432,0.1188430356193514,0.3453249601275918
deit,vit,FE,FE,0.727285697647333,0.14693832983927319,0.5803473678080597,0.29331641765862626,0.0224619942751422,0.2708544233834841,0.5803473678080597,0.2708544233834841,0.30949294442457564
deit,vit,FE,FR,0.15993539703903095,0.0646029609690444,0.09533243606998655,0.0793928783404051,0.03633916554508745,0.043053712795317646,0.09533243606998655,0.043053712795317646,0.052278723274668905
deit,vit,FE,FS,0.2310953768033222,0.020654067192820102,0.21044130961050211,0.01705332716644685,0.0158357771260997,0.0012175500403471505,0.21044130961050211,0.0012175500403471505,0.20922375957015496
deit,vit,FR,ALL,0.22846240673098064,0.017864114595806252,0.2105982921351744,0.02167483873147315,0.0031729243786356,0.018501914352837552,0.2105982921351744,0.018501914352837552,0.19209637778233685
deit,vit,FR,EFS,0.43122507974481655,0.0859051036682615,0.34531997607655507,0.08894039074960125,0.01531100478468895,0.0736293859649123,0.34531997607655507,0.0736293859649123,0.27169059011164276
deit,vit,FR,FE,0.03047985092010245,0.14723969252271135,-0.11675984160260891,0.02374630560500805,0.019932279121723,0.003814026483285049,-0.11675984160260891,0.003814026483285049,-0.12057386808589396
deit,vit,FR,FR,0.7435501719754748,0.15565425452370266,0.5878959174517722,0.2906291312826845,0.0605652759084791,0.23006385537420543,0.5878959174517722,0.23006385537420543,0.35783206207756674
deit,vit,FR,FS,0.1850772008896061,0.0250565844633824,0.1600206164262237,0.01286238658505375,0.0070381231671554,0.00582426341789835,0.1600206164262237,0.00582426341789835,0.15419635300832535
deit,vit,FS,ALL,0.2166896748637966,0.01633895310932145,0.20035072175447513,0.01552528844705155,0.00555261766261235,0.0099726707844392,0.20035072175447513,0.0099726707844392,0.19037805097003593
deit,vit,FS,EFS,0.428261230728336,0.0654023790536948,0.3628588516746412,0.0867175039872408,0.02296650717703345,0.06375099681020735,0.3628588516746412,0.06375099681020735,0.29910785486443386
deit,vit,FS,FE,0.1420728511530398,0.08136646866992775,0.060706382483112054,0.03990601110063875,0.03094964859612985,0.008956362504508902,0.060706382483112054,0.008956362504508902,0.05175001997860315
deit,vit,FS,FR,0.34672588604755494,0.0847913862718708,0.26193449977568417,0.11536840144214976,0.07335127860026915,0.04201712284188061,0.26193449977568417,0.04201712284188061,0.21991737693380356
deit,vit,FS,FS,0.8126776260111398,0.05896273298037745,0.7537148930307623,0.14318206420122415,0.021533832588714552,0.1216482316125096,0.7537148930307623,0.1216482316125096,0.6320666614182527
deit,xception,ALL,ALL,0.5057704324648082,0.0805291983104858,0.42524123415432247,0.13593835993395706,0.0093560814529444,0.12658227848101267,0.42524123415432247,0.12658227848101267,0.2986589556733098
deit,xception,ALL,EFS,0.3179694291509707,0.0232903506230078,0.29467907852796293,0.004,0.0012307692307692,0.0027692307692308,0.29467907852796293,0.0027692307692308,0.29190984775873213
deit,xception,ALL,FE,0.06487048764317224,0.05858419446286085,0.006286293180311389,0.0007535795026375,0.00037678975131875,0.00037678975131875,0.006286293180311389,0.00037678975131875,0.005909503428992639
deit,xception,ALL,FR,0.1846521726373852,0.0377860256172024,0.1468661470201828,0.00153940886699505,0.0060755698937821,-0.00453616102678705,0.1468661470201828,-0.00453616102678705,0.15140230804696986
deit,xception,ALL,FS,0.6890504529330714,0.1847419698435499,0.5043084830895215,0.0079006772009029,0.006922367938012999,0.000978309262889901,0.5043084830895215,0.000978309262889901,0.5033301738266316
deit,xception,EFS,ALL,0.42400881057268724,0.033817832723576705,0.39019097784911055,0.0654925701706109,0.00990643918547055,0.05558613098514035,0.39019097784911055,0.05558613098514035,0.3346048468639702
deit,xception,EFS,EFS,0.23449000289771074,0.01016734279918855,0.2243226600985222,0.0083076923076923,0.00338461538461535,0.00492307692307695,0.2243226600985222,0.00492307692307695,0.21939958317544525
deit,xception,EFS,FE,0.04332034018426645,0.0184788013534212,0.024841538830845247,0.00226073850791255,0.00150715900527505,0.0007535795026375001,0.024841538830845247,0.0007535795026375001,0.024087959328207745
deit,xception,EFS,FR,0.1203825954288061,0.0185185185185185,0.1018640769102876,0.0021551724137931,0.0056342636272331496,-0.0034790912134400496,0.1018640769102876,-0.0034790912134400496,0.10534316812372764
deit,xception,EFS,FS,0.3346720999091202,0.06993687275854316,0.26473522715057707,0.0076185101580135,0.0084650112866817,-0.0008465011286682006,0.26473522715057707,-0.0008465011286682006,0.26558172827924525
deit,xception,FE,ALL,0.28083700440528636,0.011553991334628,0.2692830130706584,0.046505228398459,0.0101816180517336,0.0363236103467254,0.2692830130706584,0.0363236103467254,0.23295940272393298
deit,xception,FE,EFS,0.06687554332077655,0.0117647058823529,0.055110837438423654,0.004,0.00215384615384615,0.0018461538461538502,0.055110837438423654,0.0018461538461538502,0.0532646835922698
deit,xception,FE,FE,0.3323890914702453,0.0941029297455476,0.23828616172469771,0.0034046922121061503,0.0026375282592313,0.0007671639528748502,0.23828616172469771,0.0007671639528748502,0.23751899777182287
deit,xception,FE,FR,0.0722215702191056,0.00925925925925925,0.06296231095984635,0.0024630541871921,0.002729903173492,-0.0002668489862998999,0.06296231095984635,-0.0002668489862998999,0.06322915994614625
deit,xception,FE,FS,0.25027752533395875,0.089212424144704,0.16106510118925477,0.00733634311512415,0.0055115327235660495,0.0018248103915581007,0.16106510118925477,0.0018248103915581007,0.15924029079769667
deit,xception,FR,ALL,0.37476259032911297,0.048258660834437396,0.32650392949467555,0.04980737479361585,0.01458447991194275,0.0352228948816731,0.32650392949467555,0.0352228948816731,0.2912810346130025
deit,xception,FR,EFS,0.07086351782092146,0.0071102578962619,0.06375325992465955,0.00246153846153845,0.0018461538461538,0.00061538461538465,0.06375325992465955,0.00061538461538465,0.0631378753092749
deit,xception,FR,FE,0.01216107313504485,0.015353872796689549,-0.0031927996616446987,0.0007535795026375,0.00037678975131875,0.00037678975131875,-0.0031927996616446987,0.00037678975131875,-0.0035695894129634488
deit,xception,FR,FR,0.17572298995589195,0.04850088183421515,0.12722210812167678,0.00615763546798025,0.0067323662276792,-0.0005747307596989503,0.12722210812167678,-0.0005747307596989503,0.12779683888137572
deit,xception,FR,FS,0.22993462519421887,0.044686220476288147,0.18524840471793072,0.0059255079006772,0.00607586680934485,-0.00015035890866764955,0.18524840471793072,-0.00015035890866764955,0.18539876362659838
deit,xception,FS,ALL,0.41327092511013214,0.050859471624925746,0.36241145348520637,0.0957622454595487,0.01265822784810125,0.08310401761144745,0.36241145348520637,0.08310401761144745,0.27930743587375895
deit,xception,FS,EFS,0.12128006374963775,0.00534989858012165,0.1159301651695161,0.0018461538461538,0.0009230769230769,0.0009230769230769,0.1159301651695161,0.0009230769230769,0.1150070882464392
deit,xception,FS,FE,0.0351129375185752,0.01219107930774325,0.022921858210831952,0.001604752555664,0.0007535795026375,0.0008511730530265,0.022921858210831952,0.0008511730530265,0.022070685157805452
deit,xception,FS,FR,0.09246952700433904,0.021913009744186498,0.07055651726015254,0.0019807151335439997,0.0056342636272331496,-0.00365354849368915,0.07055651726015254,-0.00365354849368915,0.07421006575384169
deit,xception,FS,FS,0.5645800963521054,0.180322818641103,0.3842572777110024,0.00987584650112865,0.00902934537246045,0.0008465011286681989,0.3842572777110024,0.0008465011286681989,0.3834107765823342
efficientnetb4,deit,ALL,ALL,0.2833434590077871,0.0482407769294569,0.23510268207833024,0.09851395123192119,0.02274342572850035,0.07577052550342084,0.23510268207833024,0.07577052550342084,0.1593321565749094
efficientnetb4,deit,ALL,EFS,0.07946590158914231,0.030314439834233202,0.04915146175490911,0.018693120985010702,0.0198072805139186,-0.0011141595289078966,0.04915146175490911,-0.0011141595289078966,0.05026562128381701
efficientnetb4,deit,ALL,FE,0.067447354904982,0.0331022085259373,0.03434514637904469,0.01457883923985615,0.01694915254237285,-0.0023703133025167,0.03434514637904469,-0.0023703133025167,0.03671545968156139
efficientnetb4,deit,ALL,FR,0.25599297070030214,0.0450581395348837,0.21093483116541845,0.10042701353304426,0.0251937984496124,0.07523321508343186,0.21093483116541845,0.07523321508343186,0.13570161608198658
efficientnetb4,deit,ALL,FS,0.2459445694739812,0.08249043543161186,0.16345413404236933,0.07805746249682174,0.05355355355355355,0.024503908943268198,0.16345413404236933,0.024503908943268198,0.13895022509910113
efficientnetb4,deit,EFS,ALL,0.36727562601821073,0.08284220587495496,0.2844334201432558,0.023643657683254098,0.01549774018145575,0.008145917501798348,0.2844334201432558,0.008145917501798348,0.27628750264145746
efficientnetb4,deit,EFS,EFS,0.264022028610084,0.06762953982394175,0.19639248878614224,0.0123126338329764,0.02248394004282655,-0.01017130620985015,0.19639248878614224,-0.01017130620985015,0.2065637949959924
efficientnetb4,deit,EFS,FE,0.10911402157164865,0.04531458654340005,0.0637994350282486,0.0074152542372881,0.013827683615819202,-0.006412429378531101,0.0637994350282486,-0.006412429378531101,0.0702118644067797
efficientnetb4,deit,EFS,FR,0.29204605176717907,0.0440021022204703,0.24804394954670878,0.031487320982788,0.023577716463014,0.007909604519774002,0.24804394954670878,0.007909604519774002,0.24013434502693476
efficientnetb4,deit,EFS,FS,0.2034406446171152,0.10062698297992415,0.10281366163719105,0.0252873010310081,0.029029029029029,-0.003741727998020899,0.10281366163719105,-0.003741727998020899,0.10655538963521195
efficientnetb4,deit,FE,ALL,0.22831138577271795,0.10298584856376661,0.12532553720895134,0.02928117230396635,0.01873298905369505,0.0105481832502713,0.12532553720895134,0.0105481832502713,0.11477735395868005
efficientnetb4,deit,FE,EFS,0.16487320245688278,0.05486067707352825,0.11001252538335453,0.010952556209850101,0.022874565042826547,-0.011922008832976446,0.11001252538335453,-0.011922008832976446,0.12193453421633098
efficientnetb4,deit,FE,FE,0.19953646635850025,0.08633923985618895,0.1131972265023113,0.0055521314843348,0.011753980482794,-0.0062018489984592,0.1131972265023113,-0.0062018489984592,0.1193990755007705
efficientnetb4,deit,FE,FR,0.10963900932860329,0.0447263828669031,0.06491262646170019,0.0333399027723032,0.022528248587570552,0.010811654184732646,0.06491262646170019,0.010811654184732646,0.05410097227696754
efficientnetb4,deit,FE,FS,0.23754044342279634,0.08683702801349855,0.1507034154092978,0.0320801350549634,0.0262883020320091,0.005791833022954298,0.1507034154092978,0.005791833022954298,0.1449115823863435
efficientnetb4,deit,FR,ALL,0.17511999246701415,0.049239155531649446,0.1258808369353647,0.0132963615159648,0.00710732054015635,0.00618904097580845,0.1258808369353647,0.00618904097580845,0.11969179595955624
efficientnetb4,deit,FR,EFS,0.031135241508969798,0.0239300084590264,0.0072052330499433985,0.0025319526231262998,0.006423982869379,-0.0038920302462527004,0.0072052330499433985,-0.0038920302462527004,0.011097263296196098
efficientnetb4,deit,FR,FE,0.04706471494607085,0.022050590652285547,0.0250141242937853,0.0097367745249101,0.01024011299435025,-0.0005033384694401507,0.0250141242937853,-0.0005033384694401507,0.025517462763225453
efficientnetb4,deit,FR,FR,0.432686243594797,0.09520102483247925,0.33748521876231774,0.0482722375509131,0.0131618709762186,0.035110366574694504,0.33748521876231774,0.035110366574694504,0.3023748521876232
efficientnetb4,deit,FR,FS,0.10110148345442455,0.0554370260252613,0.045664457429163245,0.0185185185185185,0.021021021021021,-0.002502502502502498,0.045664457429163245,-0.002502502502502498,0.04816695993166574
efficientnetb4,deit,FS,ALL,0.3801210437313046,0.13542928345052024,0.24469176028078438,0.0847277260269734,0.01725372962446355,0.06747399640250985,0.24469176028078438,0.06747399640250985,0.17721776387827454
efficientnetb4,deit,FS,EFS,0.0873589011799965,0.03792254343095095,0.049436357749045555,0.0276925521948608,0.012847965738758,0.0148445864561028,0.049436357749045555,0.0148445864561028,0.034591771292942754
efficientnetb4,deit,FS,FE,0.10487673343605544,0.0722342064714946,0.03264252696456084,0.0321327683615819,0.0162955829481253,0.015837185413456602,0.03264252696456084,0.015837185413456602,0.016805341551104237
efficientnetb4,deit,FS,FR,0.2598081723820785,0.08768065957167255,0.17212751281040595,0.07257423466035995,0.0135658914728682,0.05900834318749175,0.17212751281040595,0.05900834318749175,0.1131191696229142
efficientnetb4,deit,FS,FS,0.5175603410897528,0.15585371467724404,0.3617066264125087,0.1399511639786239,0.044044044044044,0.0959071199345799,0.3617066264125087,0.0959071199345799,0.2657995064779288
efficientnetb4,efficientnetb4,ALL,EFS,0.48061990140906513,0.019994474254387797,0.46062542715467736,0.5265704818054752,0.00667303695332145,0.5198974448521537,0.46062542715467736,0.5198974448521537,-0.059272017697476365
efficientnetb4,efficientnetb4,ALL,FE,0.1231007067137809,0.0308277904801496,0.09227291623363129,0.49979733943047183,0.004297443358969,0.49549989607150285,0.09227291623363129,0.49549989607150285,-0.4032269798378716
efficientnetb4,efficientnetb4,ALL,FR,0.6918794232906358,0.03967131173110285,0.652208111559533,0.8627107474325882,0.0045801526717557,0.8581305947608325,0.652208111559533,0.8581305947608325,-0.20592248320129958
efficientnetb4,efficientnetb4,ALL,FS,0.4143713805982935,0.0214285714285714,0.3929428091697221,0.49355334147205915,0.00097339390006485,0.4925799475719943,0.3929428091697221,0.4925799475719943,-0.09963713840227223
efficientnetb4,efficientnetb4,EFS,ALL,0.6798044067397195,0.01963809573683495,0.6601663110028846,0.5277718864145163,0.0033277474481669,0.5244441389663494,0.6601663110028846,0.5244441389663494,0.13572217203653514
efficientnetb4,efficientnetb4,EFS,FE,0.25432602369569735,0.018403138640615248,0.2359228850550821,0.5997635626688838,0.00356214924132195,0.5962014134275618,0.2359228850550821,0.5962014134275618,-0.36027852837247976
efficientnetb4,efficientnetb4,EFS,FR,0.2861911690160066,0.02900971905402505,0.25718144996198156,0.42135024804583815,0.00465215613768525,0.4166980919081529,0.25718144996198156,0.4166980919081529,-0.15951664194617132
efficientnetb4,efficientnetb4,EFS,FS,0.10443665832847884,0.00318593016482195,0.10125072816365689,0.3654495675802472,0.0,0.3654495675802472,0.10125072816365689,0.3654495675802472,-0.26419883941659034
efficientnetb4,efficientnetb4,FE,ALL,0.2538588429362554,0.01454555769390215,0.23931328524235324,0.43482733941671137,0.00200219071433865,0.4328251487023727,0.23931328524235324,0.4328251487023727,-0.19351186346001947
efficientnetb4,efficientnetb4,FE,EFS,0.44606096739325374,0.019748481631742948,0.4263124857615108,0.5376873595889387,0.0031394680487278,0.5345478915402109,0.4263124857615108,0.5345478915402109,-0.10823540577870006
efficientnetb4,efficientnetb4,FE,FR,0.2692382679222476,0.03334101011873425,0.23589725780351334,0.3599178672329312,0.00192639781304725,0.3579914694198839,0.23589725780351334,0.3579914694198839,-0.12209421161637057
efficientnetb4,efficientnetb4,FE,FS,0.0574915190350546,0.00793441387108925,0.04955710516396535,0.4255645599009655,0.00032446463335495,0.42524009526761053,0.04955710516396535,0.42524009526761053,-0.3756829901036452
efficientnetb4,efficientnetb4,FR,ALL,0.5778026524226595,0.04108440359765915,0.5367182488250003,0.340628804838773,0.00491841552876075,0.33571038931001224,0.5367182488250003,0.33571038931001224,0.20100785951498806
efficientnetb4,efficientnetb4,FR,EFS,0.12701217118178246,0.00872243792018685,0.11828973326159561,0.2672327167574918,0.00279629714962005,0.26443641960787173,0.11828973326159561,0.26443641960787173,-0.14614668634627612
efficientnetb4,efficientnetb4,FR,FE,0.08989555186032006,0.019463209311993298,0.07043234254832675,0.2653996050717107,0.00356214924132195,0.2618374558303887,0.07043234254832675,0.2618374558303887,-0.19140511328206194
efficientnetb4,efficientnetb4,FR,FS,0.13482849604221636,0.0019480519480519,0.13288044409416447,0.2337730870712401,0.00032446463335495,0.23344862243788514,0.13288044409416447,0.23344862243788514,-0.10056817834372067
efficientnetb4,efficientnetb4,FS,ALL,0.6247749281035484,0.06569633731764045,0.5590785907859079,0.6562206250081825,0.0027975247546356,0.6534231002535469,0.5590785907859079,0.6534231002535469,-0.09434450946763895
efficientnetb4,efficientnetb4,FS,EFS,0.32893697257000487,0.04130131309165465,0.28763565947835024,0.5577836737960523,0.0038258098469432997,0.5539578639491091,0.28763565947835024,0.5539578639491091,-0.2663222044707588
efficientnetb4,efficientnetb4,FS,FE,0.1015355435460403,0.11910985242153396,-0.01757430887549366,0.35473134483475366,0.0110112242776969,0.34372012055705675,-0.01757430887549366,0.34372012055705675,-0.3612944294325504
efficientnetb4,efficientnetb4,FS,FR,0.5494707892222807,0.04659565030902105,0.5028751389132596,0.635669174583997,0.0030534351145038,0.6326157394694931,0.5028751389132596,0.6326157394694931,-0.1297406005562335
efficientnetb4,resnet34,ALL,ALL,0.6319418505116533,0.33932969534259366,0.29261215516905964,0.38462802045061334,0.0310620419509729,0.35356597849964044,0.29261215516905964,0.35356597849964044,-0.0609538233305808
efficientnetb4,resnet34,ALL,EFS,0.1064542365275758,0.0758564437194127,0.03059779280816309,0.0456769983686786,0.0,0.0456769983686786,0.03059779280816309,0.0456769983686786,-0.015079205560515507
efficientnetb4,resnet34,ALL,FE,0.059764404828627694,0.009692188658518851,0.050072216170108846,0.0039370078740157,0.003579098067287,0.00035790980672870034,0.050072216170108846,0.00035790980672870034,0.049714306363380145
efficientnetb4,resnet34,ALL,FR,0.23095337769886295,0.012477203720545251,0.2184761739783177,0.1303827751196172,0.0,0.1303827751196172,0.2184761739783177,0.1303827751196172,0.08809339885870049
efficientnetb4,resnet34,ALL,FS,0.19173301637896445,0.0761620726215533,0.11557094375741114,0.0347394540942928,0.0018338634585684,0.0329055906357244,0.11557094375741114,0.0329055906357244,0.08266535312168674
efficientnetb4,resnet34,EFS,ALL,0.5987062760203883,0.2329855842185129,0.3657206918018754,0.2948202795435547,0.0391611263389125,0.2556591532046422,0.3657206918018754,0.2556591532046422,0.11006153859723317
efficientnetb4,resnet34,EFS,EFS,0.6012938388404063,0.18273954481926916,0.4185542940211372,0.10127280461070315,0.00040783034257745,0.1008649742681257,0.4185542940211372,0.1008649742681257,0.3176893197530115
efficientnetb4,resnet34,EFS,FE,0.0826014095305703,0.013744922245736951,0.06885648728483335,0.01444964159797935,0.0008490689422886,0.01360057265569075,0.06885648728483335,0.01360057265569075,0.055255914629142595
efficientnetb4,resnet34,EFS,FR,0.1729038937042055,0.028762666413699203,0.1441412272905063,0.0439729815494809,0.0003987240829346,0.0435742574665463,0.1441412272905063,0.0435742574665463,0.10056696982395999
efficientnetb4,resnet34,EFS,FS,0.0404209284028324,0.03671481503896925,0.003706113363863152,0.015965959907737998,0.0023127133670013,0.013653246540736698,0.003706113363863152,0.013653246540736698,-0.009947133176873546
efficientnetb4,resnet34,FE,ALL,0.384139722189798,0.1027207112563713,0.2814190109334267,0.2292038451818588,0.0179487179487179,0.21125512723314088,0.2814190109334267,0.21125512723314088,0.07016388370028581
efficientnetb4,resnet34,FE,EFS,0.12675694246437036,0.0297716150081566,0.09698532745621376,0.03752039151712885,0.00081566068515495,0.0367047308319739,0.09698532745621376,0.0367047308319739,0.06028059662423986
efficientnetb4,resnet34,FE,FE,0.456726415405368,0.04631059196215435,0.41041582344321365,0.021459118824649452,0.0027718673047633,0.018687251519886153,0.41041582344321365,0.018687251519886153,0.3917285719233275
efficientnetb4,resnet34,FE,FR,0.1227782005357684,0.01197126895450915,0.11080693158125926,0.0255028868859958,0.0007974481658692,0.0247054387201266,0.11080693158125926,0.0247054387201266,0.08610149286113267
efficientnetb4,resnet34,FE,FS,0.036780380210749954,0.021434767697552898,0.015345612513197056,0.019290730541714,0.00169236597246035,0.01759836456925365,0.015345612513197056,0.01759836456925365,-0.0022527520560565936
efficientnetb4,resnet34,FR,ALL,0.5015641414730944,0.3305790630714758,0.17098507840161858,0.14358974358974355,0.0125,0.13108974358974354,0.17098507840161858,0.13108974358974354,0.039895334811875044
efficientnetb4,resnet34,FR,EFS,0.02039151712887435,0.0293637846655791,-0.00897226753670475,0.0032626427406199,0.00040783034257745,0.00285481239804245,-0.00897226753670475,0.00285481239804245,-0.011827079934747199
efficientnetb4,resnet34,FR,FE,0.03484333755851115,0.0079960381065684,0.02684729945194275,0.0010737294201861,0.0003579098067287,0.0007158196134573999,0.02684729945194275,0.0007158196134573999,0.02613147983848535
efficientnetb4,resnet34,FR,FR,0.4907838758040135,0.03332226601032625,0.4574616097936873,0.08572567783094096,0.0,0.08572567783094096,0.4574616097936873,0.08572567783094096,0.37173593196274635
efficientnetb4,resnet34,FR,FS,0.0184145669000114,0.040072368258835596,-0.021657801358824197,0.0006203473945409,0.0,0.0006203473945409,-0.021657801358824197,0.0006203473945409,-0.022278148753365097
efficientnetb4,resnet34,FS,ALL,0.5718060581300338,0.30379168125753864,0.2680143768724952,0.3442711067047685,0.01876543029878885,0.32550567640597966,0.2680143768724952,0.32550567640597966,-0.057491299533484475
efficientnetb4,resnet34,FS,EFS,0.08740657296306856,0.11827079934747145,-0.030864226384402893,0.03181076672104405,0.0028548123980424,0.02895595432300165,-0.030864226384402893,0.02895595432300165,-0.05982018070740454
efficientnetb4,resnet34,FS,FE,0.16614173449281378,0.04100468510733515,0.12513704938547862,0.0093056549749463,0.0017895490336435,0.007516105941302801,0.12513704938547862,0.007516105941302801,0.11762094344417583
efficientnetb4,resnet34,FS,FR,0.20999214288807636,0.0168230183820673,0.19316912450600907,0.06834151387394956,0.0,0.06834151387394956,0.19316912450600907,0.06834151387394956,0.12482761063205951
efficientnetb4,resnet34,FS,FS,0.5857043268530286,0.12956714658130866,0.45613718027172,0.04969335673505615,0.0013550135501355,0.04833834318492065,0.45613718027172,0.04833834318492065,0.40779883708679937
efficientnetb4,swin,ALL,ALL,0.2650476063238325,0.0108873430410292,0.25416026328280333,0.04819549046877745,0.002220577350111,0.04597491311866645,0.25416026328280333,0.04597491311866645,0.2081853501641369
efficientnetb4,swin,ALL,EFS,0.04697376008772895,0.01806006787651135,0.028913692211217604,0.00386398227773905,0.00085397096498715,0.0030100113127519,0.028913692211217604,0.0030100113127519,0.025903680898465703
efficientnetb4,swin,ALL,FE,0.21271388364198415,0.0951396070320579,0.11757427660992625,0.07602654183339269,0.10341261633919335,-0.02738607450580066,0.11757427660992625,-0.02738607450580066,0.14496035111572692
efficientnetb4,swin,ALL,FR,0.25120939557811867,0.01371951219512195,0.2374898833829967,0.03811665379097225,0.01117886178861785,0.026937792002354403,0.2374898833829967,0.026937792002354403,0.2105520913806423
efficientnetb4,swin,ALL,FS,0.25842208753481544,0.01776658882394495,0.2406554987108705,0.18740354026898481,0.0044883303411131,0.18291520992787172,0.2406554987108705,0.18291520992787172,0.05774028878299878
efficientnetb4,swin,EFS,ALL,0.3151823678192204,0.02113510835687225,0.2940472594623481,0.0061659192825112,0.0011102886750555,0.0050556306074557,0.2940472594623481,0.0050556306074557,0.28899162885489244
efficientnetb4,swin,EFS,EFS,0.30088296186121555,0.05095402106881865,0.24992894079239691,0.00275697120762835,0.00128095644748075,0.0014760147601476,0.24992894079239691,0.0014760147601476,0.2484529260322493
efficientnetb4,swin,EFS,FE,0.2834236440657323,0.10880247304518044,0.17462117102055186,0.07964598340526445,0.0594622543950362,0.020183729010228253,0.17462117102055186,0.020183729010228253,0.1544374420103236
efficientnetb4,swin,EFS,FR,0.1582951660964573,0.025162785564507198,0.1331323805319501,0.013294154434756952,0.00380292830077615,0.0094912261339808,0.1331323805319501,0.0094912261339808,0.12364115439796929
efficientnetb4,swin,EFS,FS,0.1073408386315879,0.01520014128678965,0.09214069734479825,0.0192728229910503,0.0030062814126879003,0.0162665415783624,0.09214069734479825,0.0162665415783624,0.07587415576643586
efficientnetb4,swin,FE,ALL,0.10757249239062239,0.00936380790844175,0.09820868448218063,0.0054149392743458495,0.0,0.0054149392743458495,0.09820868448218063,0.0054149392743458495,0.09279374520783479
efficientnetb4,swin,FE,EFS,0.07733731222880115,0.0191459660113253,0.05819134621747585,0.00264100762271495,0.00079598917253045,0.0018450184501844998,0.05819134621747585,0.0018450184501844998,0.05634632776729135
efficientnetb4,swin,FE,FE,0.44494994342200545,0.2065639331338894,0.23838601028811604,0.0721037270615537,0.0687693898655636,0.003334337195990106,0.23838601028811604,0.003334337195990106,0.23505167309212593
efficientnetb4,swin,FE,FR,0.11171044402751715,0.02663659272339325,0.0850738513041239,0.0121468380973402,0.0040650406504065,0.0080817974469337,0.0850738513041239,0.0080817974469337,0.0769920538571902
efficientnetb4,swin,FE,FS,0.09923765877890416,0.0269963508411963,0.07224130793770786,0.01334462727734955,0.01018760995846885,0.003157017318880701,0.07224130793770786,0.003157017318880701,0.06908429061882716
efficientnetb4,swin,FR,ALL,0.0791039190368868,0.0057634603831076,0.0733404586537792,0.00168161434977575,0.0011102886750555,0.0005713256747202499,0.0733404586537792,0.0005713256747202499,0.07276913297905895
efficientnetb4,swin,FR,EFS,0.02319429257486425,0.01093303418089685,0.012261258393967401,0.00042698548249355,0.00128095644748075,-0.0008539709649871999,0.012261258393967401,-0.0008539709649871999,0.013115229358954601
efficientnetb4,swin,FR,FE,0.20065701334620634,0.11633919338159256,0.08431781996461378,0.04601861427094105,0.05997931747673215,-0.013960703205791104,0.08431781996461378,-0.013960703205791104,0.09827852317040489
efficientnetb4,swin,FR,FR,0.3089752786668138,0.0313408196299157,0.2776344590368981,0.0163935180075782,0.00609756097560975,0.01029595703196845,0.2776344590368981,0.01029595703196845,0.26733850200492965
efficientnetb4,swin,FR,FS,0.0370697839751983,0.0089766606822262,0.0280931232929721,0.00121094927624265,0.00359066427289045,-0.0023797149966478,0.0280931232929721,-0.0023797149966478,0.0304728382896199
efficientnetb4,swin,FS,ALL,0.2274878183574366,0.05993442824282295,0.16755339011461365,0.01164911060732285,0.0011102886750555,0.01053882193226735,0.16755339011461365,0.01053882193226735,0.1570145681823463
efficientnetb4,swin,FS,EFS,0.0401208794325347,0.055582480675361805,-0.015461601242827104,0.00213492741246795,0.00042698548249355,0.0017079419299744,-0.015461601242827104,0.0017079419299744,-0.017169543172801505
efficientnetb4,swin,FS,FE,0.3159803493884926,0.13450947653729384,0.18147087285119878,0.13135229157486117,0.09565667011375385,0.035695621461107316,0.18147087285119878,0.035695621461107316,0.14577525139009145
efficientnetb4,swin,FS,FR,0.1382159805760953,0.06000073575396385,0.07821524482213145,0.0136873229592024,0.0055894308943089,0.0080978920648935,0.07821524482213145,0.0080978920648935,0.07011735275723795
efficientnetb4,swin,FS,FS,0.5555923021197517,0.06120440238837665,0.4943878997313751,0.06348175195619205,0.00359066427289045,0.05989108768330159,0.4943878997313751,0.05989108768330159,0.4344968120480735
efficientnetb4,vit,ALL,ALL,0.1046446588970069,0.0204933698522053,0.0841512890448016,0.00884691743285725,0.00449497620306715,0.004351941229790099,0.0841512890448016,0.004351941229790099,0.0797993478150115
efficientnetb4,vit,ALL,EFS,0.11629784688995215,0.051209463051568246,0.0650883838383839,0.03044424508240295,0.0200956937799043,0.010348551302498652,0.0650883838383839,0.010348551302498652,0.054739832535885255
efficientnetb4,vit,ALL,FE,0.11068308874912644,0.03386763335662705,0.0768154553924994,0.0223765432098765,0.02709162390477185,-0.0047150806948953496,0.0768154553924994,-0.0047150806948953496,0.08153053608739474
efficientnetb4,vit,ALL,FR,0.2892591595633318,0.08433438014057121,0.2049247794227606,0.08387421912412925,0.0430686406460296,0.040805578478099645,0.2049247794227606,0.040805578478099645,0.16411920094466095
efficientnetb4,vit,ALL,FS,0.1216856265622232,0.03856846228030465,0.08311716428191855,0.0270016138873034,0.01520842764077225,0.011793186246531152,0.08311716428191855,0.011793186246531152,0.0713239780353874
efficientnetb4,vit,EFS,ALL,0.07814845177582685,0.0203175049469667,0.057830946828860155,0.0015796510001141,0.0036608779731862,-0.0020812269730720997,0.057830946828860155,-0.0020812269730720997,0.059912173801932256
efficientnetb4,vit,EFS,EFS,0.3170271796916534,0.0808446305156831,0.2361825491759703,0.01995614035087715,0.0263157894736842,-0.006359649122807048,0.2361825491759703,-0.006359649122807048,0.24254219829877735
efficientnetb4,vit,EFS,FE,0.22715321453528994,0.06276059864896336,0.1643926158863266,0.01427469135802465,0.01195987654320985,0.002314814814814801,0.1643926158863266,0.002314814814814801,0.1620778010715118
efficientnetb4,vit,EFS,FR,0.27833408105278895,0.09279138627187081,0.18554269478091814,0.0275908479138627,0.02018842530282635,0.007402422611036349,0.18554269478091814,0.007402422611036349,0.1781402721698818
efficientnetb4,vit,EFS,FS,0.08953556456533285,0.03000477277647655,0.0595307917888563,0.0099706744868035,0.010096882442087,-0.00012620795528349958,0.0595307917888563,-0.00012620795528349958,0.0596569997441398
efficientnetb4,vit,FE,ALL,0.0419322689896636,0.019138488095812152,0.02279378089385145,0.0013152406352278001,0.00183725017579675,-0.0005220095405689498,0.02279378089385145,-0.0005220095405689498,0.023315790434420402
efficientnetb4,vit,FE,EFS,0.2116660021265284,0.09911948431685269,0.1125465178096757,0.0221325093035619,0.0186602870813397,0.0034722222222221995,0.1125465178096757,0.0034722222222221995,0.1090742955874535
efficientnetb4,vit,FE,FE,0.304366119263918,0.1021546703936641,0.20221144887025388,0.0077575022399087,0.01243113007761135,-0.00467362783770265,0.20221144887025388,-0.00467362783770265,0.20688507670795653
efficientnetb4,vit,FE,FR,0.19242530282637954,0.11974697173620455,0.07267833109017499,0.01951547779273215,0.035436926248057846,-0.015921448455325695,0.07267833109017499,-0.015921448455325695,0.08859977954550069
efficientnetb4,vit,FE,FS,0.05312739868920855,0.0525332618236926,0.0005941368655159526,0.0069972839457575495,0.00641077368182795,0.0005865102639295997,0.0005941368655159526,0.0005865102639295997,7.626601586352942e-06
efficientnetb4,vit,FR,ALL,0.05895983332747565,0.0136335487576254,0.045326284569850245,0.002644103648863,0.0031729243786356,-0.0005288207297726001,0.045326284569850245,-0.0005288207297726001,0.04585510529962285
efficientnetb4,vit,FR,EFS,0.06453847687400315,0.04773724082934605,0.016801236044657095,0.00765550239234445,0.01483253588516745,-0.0071770334928230005,0.016801236044657095,-0.0071770334928230005,0.023978269537480095
efficientnetb4,vit,FR,FE,0.05988527836012105,0.027693337992080097,0.032191940368040954,0.01118827160493825,0.01358853748501875,-0.0024002658800805,0.032191940368040954,-0.0024002658800805,0.034592206248121454
efficientnetb4,vit,FR,FR,0.36894272468969636,0.13561896216539548,0.23332376252430087,0.023323871066362002,0.0228802153432032,0.00044365572315880134,0.23332376252430087,0.00044365572315880134,0.23288010680114207
efficientnetb4,vit,FR,FS,0.037540347182585754,0.01902074435631475,0.018519602826271003,0.00305875927493155,0.0032258064516129,-0.00016704717668135013,0.018519602826271003,-0.00016704717668135013,0.018686650002952353
efficientnetb4,vit,FS,ALL,0.09209722236979795,0.07083418813757836,0.02126303423221959,0.00947109481148125,0.0034305235543182,0.006040571257163049,0.02126303423221959,0.006040571257163049,0.015222462975056542
efficientnetb4,vit,FS,EFS,0.11633605794790006,0.0830309675704412,0.03330509037745885,0.0374900318979266,0.01483253588516745,0.02265749601275915,0.03330509037745885,0.02265749601275915,0.0106475943646997
efficientnetb4,vit,FS,FE,0.1439479967388772,0.09376601444211505,0.050181982296762156,0.0520833333333333,0.0171462107725067,0.0349371225608266,0.050181982296762156,0.0349371225608266,0.015244859735935555
efficientnetb4,vit,FS,FR,0.2813823837296246,0.1523445491251682,0.1290378346044564,0.0847913862718708,0.04104979811574695,0.04374158815612385,0.1290378346044564,0.04374158815612385,0.08529624644833254
efficientnetb4,vit,FS,FS,0.33494435041036036,0.22843689110197007,0.10650745930839028,0.03507178846267385,0.015754098683304102,0.01931768977936975,0.10650745930839028,0.01931768977936975,0.08718976952902054
efficientnetb4,xception,ALL,ALL,0.42373266990429714,0.46422600882094417,-0.040493338916647026,0.36268574573472756,0.0511832691249312,0.31150247660979635,-0.040493338916647026,0.31150247660979635,-0.3519958155264434
efficientnetb4,xception,ALL,EFS,0.0367791944363952,0.01847290640394085,0.01830628803245435,0.01938461538461535,0.0015384615384615,0.017846153846153852,0.01830628803245435,0.017846153846153852,0.0004601341863004968
efficientnetb4,xception,ALL,FE,0.0166112743192885,0.0057454676390571,0.010865806680231401,0.0007535795026375,0.00037678975131875,0.00037678975131875,0.010865806680231401,0.00037678975131875,0.010489016928912652
efficientnetb4,xception,ALL,FR,0.13551884778009235,0.0079365079365079,0.12758233984358444,0.0231014591367788,0.00475165109413515,0.01834980804264365,0.12758233984358444,0.01834980804264365,0.1092325318009408
efficientnetb4,xception,ALL,FS,0.22388232534959396,0.08673277437385785,0.1371495509757361,0.02118107899115025,0.01077799995313485,0.0104030790380154,0.1371495509757361,0.0104030790380154,0.1267464719377207
efficientnetb4,xception,EFS,ALL,0.37028972730784887,0.3805255682923098,-0.010235840984460953,0.116400660429279,0.0654925701706109,0.050908090258668104,-0.010235840984460953,0.050908090258668104,-0.06114393124312906
efficientnetb4,xception,EFS,EFS,0.3346131556070704,0.20144161112720946,0.13317154447986093,0.0204499030381383,0.00338461538461535,0.01706528765352295,0.13317154447986093,0.01706528765352295,0.11610625682633799
efficientnetb4,xception,EFS,FE,0.050239620721977046,0.0071536144578313,0.04308600626414574,0.0073949457265464,0.00113036925395625,0.00626457647259015,0.04308600626414574,0.00626457647259015,0.036821429791555595
efficientnetb4,xception,EFS,FR,0.06933401141657455,0.00771319686908095,0.0616208145474936,0.01579463388971255,0.00400246305418715,0.0117921708355254,0.0616208145474936,0.0117921708355254,0.0498286437119682
efficientnetb4,xception,EFS,FS,0.1755582265740279,0.18218707552793328,-0.006628848953905392,0.0313146836214236,0.00987584650112865,0.021438837120294953,-0.006628848953905392,0.021438837120294953,-0.028067686074200345
efficientnetb4,xception,FE,ALL,0.30096334848433776,0.27401062558177525,0.02695272290256251,0.13243764420976045,0.04953219592735275,0.0829054482824077,0.02695272290256251,0.0829054482824077,-0.05595272537984519
efficientnetb4,xception,FE,EFS,0.05666835699797155,0.08111416980585334,-0.024445812807881794,0.01855074337427275,0.00369230769230765,0.014858435681965099,-0.024445812807881794,0.014858435681965099,-0.03930424848984689
efficientnetb4,xception,FE,FE,0.43819657186621247,0.03313967444731485,0.4050568974188976,0.02363765838396515,0.0007535795026375,0.022884078881327652,0.4050568974188976,0.022884078881327652,0.38217281853756996
efficientnetb4,xception,FE,FR,0.10726429272331914,0.0066080515864865,0.10065624113683264,0.05083228622733135,0.00519295736068415,0.045639328866647205,0.10065624113683264,0.045639328866647205,0.05501691227018543
efficientnetb4,xception,FE,FS,0.2186699305209463,0.16857318753481276,0.050096742986133536,0.0532973513399517,0.0107223476297968,0.0425750037101549,0.050096742986133536,0.0425750037101549,0.007521739275978635
efficientnetb4,xception,FR,ALL,0.33565578871219914,0.46756789430424217,-0.13191210559204303,0.06989543203082,0.0217391304347826,0.048156301596037406,-0.13191210559204303,0.048156301596037406,-0.18006840718808043
efficientnetb4,xception,FR,EFS,0.0021551724137931,0.0046182266009852,-0.0024630541871921005,0.0006153846153846,0.00276923076923075,-0.00215384615384615,-0.0024630541871921005,-0.00215384615384615,-0.0003092080333459506
efficientnetb4,xception,FR,FE,0.0047138268443794006,0.00263554216867465,0.0020782846757047505,0.00037678975131875,0.00037678975131875,0.0,0.0020782846757047505,0.0,0.0020782846757047505
efficientnetb4,xception,FR,FR,0.21507789807235275,0.0149911816578483,0.20008671641450446,0.0088875386414723,0.007214705281327251,0.0016728333601450486,0.20008671641450446,0.0016728333601450486,0.19841388305435942
efficientnetb4,xception,FR,FS,0.0671694370339968,0.0220476288196378,0.045121808214359,0.00338600451467265,0.0079006772009029,-0.0045146726862302505,0.045121808214359,-0.0045146726862302505,0.04963648090058925
efficientnetb4,xception,FS,ALL,0.5401836529910053,0.47578988547292655,0.06439376751807879,0.2028259363288904,0.06108970831040175,0.14173622801848865,0.06439376751807879,0.14173622801848865,-0.07734246050040985
efficientnetb4,xception,FS,EFS,0.033935815705592495,0.12438423645320194,-0.09044842074760945,0.0055384615384615,0.0009230769230769,0.0046153846153846,-0.09044842074760945,0.0046153846153846,-0.09506380536299405
efficientnetb4,xception,FS,FE,0.0944401419720628,0.011114429254017951,0.08332571271804484,0.0026511127094686,0.0030143180105501,-0.00036320530108150013,0.08332571271804484,-0.00036320530108150013,0.08368891801912634
efficientnetb4,xception,FS,FR,0.04980651807515635,0.0033944912256680003,0.04641202684948835,0.0025964786803420498,0.000923645320197,0.00167283336014505,0.04641202684948835,0.00167283336014505,0.0447391934893433
efficientnetb4,xception,FS,FS,0.6247390870980035,0.2905722005609138,0.3341668865370897,0.06836155654666584,0.00665875166956965,0.061702804877096194,0.3341668865370897,0.061702804877096194,0.27246408165999353
resnet34,deit,ALL,ALL,0.4756932217316322,0.26493343497704624,0.21075978675458595,0.0887153883372909,0.21344005486473308,-0.12472466652744219,0.21075978675458595,-0.12472466652744219,0.33548445328202814
resnet34,deit,ALL,EFS,0.2226054303435569,0.05708211279873285,0.16552331754482405,0.034362453158458206,0.0507394271948608,-0.016376974036402592,0.16552331754482405,-0.016376974036402592,0.18190029158122664
resnet34,deit,ALL,FE,0.09922701592193114,0.06424370826913195,0.034983307652799195,0.03834617360041085,0.07346687211093984,-0.03512069851052899,0.034983307652799195,-0.03512069851052899,0.07010400616332818
resnet34,deit,ALL,FR,0.37646498489029034,0.1160113651294179,0.26045361976087245,0.1082561424254368,0.1501346734988832,-0.04187853107344641,0.26045361976087245,-0.04187853107344641,0.30233215083431886
resnet34,deit,ALL,FS,0.40752708399767223,0.15783009900656955,0.24969698499110268,0.09957898401834325,0.091337332756097,0.008241651262246255,0.24969698499110268,0.008241651262246255,0.2414553337288564
resnet34,deit,EFS,ALL,0.3566681758436235,0.08407083070517254,0.2725973451384509,0.0179853023705105,0.05033113066555285,-0.03234582829504235,0.2725973451384509,-0.03234582829504235,0.30494317343349325
resnet34,deit,EFS,EFS,0.3278814029433395,0.0461004390159416,0.28178096392739793,0.045358505085653096,0.023033491702355448,0.02232501338329765,0.28178096392739793,0.02232501338329765,0.2594559505441003
resnet34,deit,EFS,FE,0.07254108885464815,0.030033384694401602,0.042507704160246546,0.017505136106831,0.04625064201335385,-0.028745505906522847,0.042507704160246546,-0.028745505906522847,0.07125321006676939
resnet34,deit,EFS,FR,0.31861779004073054,0.0415796216003153,0.27703816844041523,0.01865063723558005,0.0484348311654184,-0.02978419392983835,0.27703816844041523,-0.02978419392983835,0.30682236237025357
resnet34,deit,EFS,FS,0.3075183663418958,0.059138206197029704,0.24838016014486608,0.022022022022022,0.026788802532509603,-0.004766780510487602,0.24838016014486608,-0.004766780510487602,0.2531469406553537
resnet34,deit,FE,ALL,0.18400736787929675,0.0999204134886882,0.08408695439060855,0.026779429850230553,0.0646338612688844,-0.03785443141865385,0.08408695439060855,-0.03785443141865385,0.12194138580926239
resnet34,deit,FE,EFS,0.1110316247103975,0.0432690497526299,0.06776257495776761,0.019662573608136998,0.012905681209850101,0.006756892398286897,0.06776257495776761,0.006756892398286897,0.06100568255948071
resnet34,deit,FE,FE,0.17804185927067281,0.060859013867488404,0.11718284540318441,0.02164483821263475,0.0160516178736517,0.005593220338983049,0.11718284540318441,0.005593220338983049,0.11158962506420136
resnet34,deit,FE,FR,0.1889403494941532,0.03729798975167515,0.15164235974247806,0.0658849034292471,0.0377792011562212,0.028105702273025904,0.15164235974247806,0.028105702273025904,0.12353665746945215
resnet34,deit,FE,FS,0.22962458256575902,0.03220332632097335,0.19742125624478568,0.08346447133632486,0.0203063475374688,0.06315812379885605,0.19742125624478568,0.06315812379885605,0.13426313244592963
resnet34,deit,FR,ALL,0.38854276710819763,0.4086767355857477,-0.020133968477550057,0.05146834492247685,0.17297860326971115,-0.1215102583472343,-0.020133968477550057,-0.1215102583472343,0.10137628986968425
resnet34,deit,FR,EFS,0.1841130949243331,0.13932543656859714,0.04478765835573595,0.0489611215203426,0.02960134502141325,0.019359776498929348,0.04478765835573595,0.019359776498929348,0.0254278818568066
resnet34,deit,FR,FE,0.0385413456599897,0.1453826399589111,-0.10684129429892139,0.0131664098613251,0.04478556753980475,-0.03161915767847965,-0.10684129429892139,-0.03161915767847965,-0.07522213662044175
resnet34,deit,FR,FR,0.6385921692287478,0.3972999605833662,0.24129220864538165,0.07371238996189719,0.1858018000262777,-0.1120894100643805,0.24129220864538165,-0.1120894100643805,0.35338161870976215
resnet34,deit,FR,FS,0.29723153252565016,0.22875931699461105,0.0684722155310391,0.0441872078027684,0.0513648660101749,-0.007177658207406498,0.0684722155310391,-0.007177658207406498,0.0756498737384456
resnet34,deit,FS,ALL,0.22811016217847757,0.08584766084021164,0.14226250133826593,0.03828284729401875,0.1639580212600841,-0.12567517396606537,0.14226250133826593,-0.12567517396606537,0.2679376753043313
resnet34,deit,FS,EFS,0.0346882836208649,0.01900770850747125,0.01568057511339365,0.006423982869379,0.02874815979657385,-0.02232417692719485,0.01568057511339365,-0.02232417692719485,0.0380047520405885
resnet34,deit,FS,FE,0.05700436569080635,0.034003595274781646,0.023000770416024705,0.01563816127375445,0.044729070364663504,-0.029090909090909053,0.023000770416024705,-0.029090909090909053,0.05209167950693376
resnet34,deit,FS,FR,0.137012219156484,0.05022336092497695,0.08678885823150706,0.038992905005912445,0.10251116804624885,-0.0635182630403364,0.08678885823150706,-0.0635182630403364,0.15030712127184348
resnet34,deit,FS,FS,0.3696607226018991,0.0869953222894399,0.2826654003124592,0.07769783513490605,0.0980832090671907,-0.02038537393228465,0.2826654003124592,-0.02038537393228465,0.3030507742447438
resnet34,efficientnetb4,ALL,ALL,0.6605568865672553,0.1052612055911219,0.5552956809761334,0.47433373045485683,0.2119703773527268,0.26236335310213,0.5552956809761334,0.26236335310213,0.29293232787400336
resnet34,efficientnetb4,ALL,EFS,0.312282181409259,0.1830827359226783,0.12919944548658072,0.10133767935631001,0.10732397030540994,-0.005986290949099929,0.12919944548658072,-0.005986290949099929,0.13518573643568066
resnet34,efficientnetb4,ALL,FE,0.0322490126792766,0.0371024734982332,-0.004853460818956601,0.13226720016628554,0.0413999168572022,0.09086728330908334,-0.004853460818956601,0.09086728330908334,-0.09572074412803994
resnet34,efficientnetb4,ALL,FR,0.439775009260884,0.046446988750463,0.393328020510421,0.4259389435016872,0.147809691178355,0.2781292523233322,0.393328020510421,0.2781292523233322,0.1151987681870888
resnet34,efficientnetb4,ALL,FS,0.4135018675256142,0.018264914505019998,0.3952369530205942,0.2293216720116293,0.0061292139737243005,0.22319245803790502,0.3952369530205942,0.22319245803790502,0.17204449498268917
resnet34,efficientnetb4,EFS,ALL,0.2756699789220114,0.01808299403444915,0.25758698488756226,0.04495066528765125,0.012341533238198699,0.03260913204945255,0.25758698488756226,0.03260913204945255,0.22497785283810973
resnet34,efficientnetb4,EFS,EFS,0.5063533956676215,0.1216742524490201,0.3846791432186014,0.10919301887722885,0.0136294223168603,0.09556359656036854,0.3846791432186014,0.09556359656036854,0.28911554665823286
resnet34,efficientnetb4,EFS,FE,0.0621414466846809,0.01872791519434625,0.04341353149033465,0.05400124714196625,0.014516212845562199,0.03948503429640405,0.04341353149033465,0.03948503429640405,0.003928497193930604
resnet34,efficientnetb4,EFS,FR,0.16511607786941174,0.015030049131426502,0.15008602873798524,0.0727314331740714,0.0398960221136068,0.032835411060464594,0.15008602873798524,0.032835411060464594,0.11725061767752065
resnet34,efficientnetb4,EFS,FS,0.0412200596237535,0.00129870129870125,0.039921358325052246,0.0197923426346528,0.0005277044854881,0.0192646381491647,0.039921358325052246,0.0192646381491647,0.020656720175887548
resnet34,efficientnetb4,FE,ALL,0.1087986419316689,0.02630144578418405,0.08249719614748485,0.0299617279586644,0.01525775805262075,0.014703969906043649,0.08249719614748485,0.014703969906043649,0.0677932262414412
resnet34,efficientnetb4,FE,EFS,0.0112272002404184,0.051984421275089995,-0.040757221034671595,0.0020590253946465,0.0039232234943932,-0.0018641980997467001,-0.040757221034671595,-0.0018641980997467001,-0.038893022934924894
resnet34,efficientnetb4,FE,FE,0.3193592808147994,0.0694294325504053,0.24992984826439413,0.04165454167532735,0.01484098939929325,0.026813552276034103,0.24992984826439413,0.026813552276034103,0.22311629598836002
resnet34,efficientnetb4,FE,FR,0.13386668713809435,0.00889532276617725,0.12497136437191711,0.15680890402182068,0.001962399546012,0.1548465044758087,0.12497136437191711,0.1548465044758087,-0.029875140103891584
resnet34,efficientnetb4,FE,FS,0.0339941061576945,0.00190778878113965,0.032086317376554846,0.012532895919621749,0.0,0.012532895919621749,0.032086317376554846,0.012532895919621749,0.019553421456933097
resnet34,efficientnetb4,FR,ALL,0.7455915146913143,0.315363802591327,0.43022771209998734,0.25427298395367204,0.0926702713081881,0.16160271264548393,0.43022771209998734,0.16160271264548393,0.2686249994545034
resnet34,efficientnetb4,FR,EFS,0.3167318607705991,0.2569108173741075,0.059821043396491635,0.0136427611150588,0.0303473827256904,-0.016704621610631597,0.059821043396491635,-0.016704621610631597,0.07652566500712324
resnet34,efficientnetb4,FR,FE,0.15791675327374766,0.13218405736853045,0.025732695905217207,0.0588235294117647,0.04416961130742045,0.01465391810434425,0.025732695905217207,0.01465391810434425,0.011078777800872956
resnet34,efficientnetb4,FR,FR,0.873003426527071,0.4236897067711684,0.44931371975590256,0.46714628297362115,0.1945362793734478,0.27261000360017335,0.44931371975590256,0.27261000360017335,0.17670371615572922
resnet34,efficientnetb4,FR,FS,0.40105540897097625,0.02433522941438505,0.3767201795565912,0.0788449059052563,0.00105540897097625,0.07778949693428004,0.3767201795565912,0.07778949693428004,0.29893068262231115
resnet34,efficientnetb4,FS,ALL,0.2826062954671414,0.031714517628268046,0.25089177783887334,0.2197997809285661,0.07013580683310855,0.14966397409545756,0.25089177783887334,0.14966397409545756,0.10122780374341578
resnet34,efficientnetb4,FS,EFS,0.014455398992763149,0.0592830102711008,-0.04482761127833765,0.00598669515510595,0.01225673872042925,-0.006270043565323301,-0.04482761127833765,-0.006270043565323301,-0.03855756771301435
resnet34,efficientnetb4,FS,FE,0.0230253585533153,0.00530035335689045,0.01772500519642485,0.0209130118478486,0.0374844107254209,-0.0165713988775723,0.01772500519642485,-0.0165713988775723,0.03429640407399715
resnet34,efficientnetb4,FS,FR,0.13949876684018636,0.0153925639975824,0.12410620284260396,0.233940481202824,0.09221813388983466,0.14172234731298936,0.12410620284260396,0.14172234731298936,-0.017616144470385398
resnet34,efficientnetb4,FS,FS,0.5020619881437823,0.0479731350443751,0.4540888530994072,0.2225827384815055,0.00738786279683375,0.21519487568467174,0.4540888530994072,0.21519487568467174,0.23889397741473548
resnet34,resnet34,ALL,EFS,0.8879611754862413,0.3792822185970636,0.5086789568891776,0.8686353926623258,0.13162987234559698,0.7370055203167288,0.5086789568891776,0.7370055203167288,-0.2283265634275512
resnet34,resnet34,ALL,FE,0.30252262060170554,0.0493886352301272,0.25313398537157833,0.7950259677979616,0.02086107896095055,0.7741648888370111,0.25313398537157833,0.7741648888370111,-0.5210309034654328
resnet34,resnet34,ALL,FR,0.7823415018426061,0.12339893300007625,0.6589425688425299,0.7948198838651714,0.214545495757246,0.5802743881079254,0.6589425688425299,0.5802743881079254,0.07866818073460446
resnet34,resnet34,ALL,FS,0.9128683697920519,0.3487335834896811,0.5641347863023708,0.7921250624830483,0.1697793311680015,0.6223457313150468,0.5641347863023708,0.6223457313150468,-0.058210945012675985
resnet34,resnet34,EFS,ALL,0.8489591844675305,0.32648389167736663,0.5224752927901639,0.5644765362259676,0.12537907505686124,0.43909746116910636,0.5224752927901639,0.43909746116910636,0.08337783162105755
resnet34,resnet34,EFS,FE,0.2700491939777536,0.0587055383033303,0.21134365567442331,0.5841302510431419,0.0146015247379664,0.5695287263051755,0.21134365567442331,0.5695287263051755,-0.35818507063075217
resnet34,resnet34,EFS,FR,0.43936275591465923,0.0550994581136194,0.38426329780103985,0.4024063565067237,0.11004784688995214,0.29235850961677157,0.38426329780103985,0.29235850961677157,0.09190478818426828
resnet34,resnet34,EFS,FS,0.29079274456929843,0.08586375669381176,0.2049289878754867,0.4448532460924278,0.0130272952853598,0.43182595080706804,0.2049289878754867,0.43182595080706804,-0.22689696293158135
resnet34,resnet34,FE,ALL,0.4491060659118322,0.2970691801875413,0.15203688572429092,0.3959281020975486,0.15256410256410255,0.24336399953344603,0.15203688572429092,0.24336399953344603,-0.09132711380915512
resnet34,resnet34,FE,EFS,0.2356581610474111,0.21768207462944694,0.017976086417964166,0.33473990006403753,0.01345840130505705,0.3212814987589805,0.017976086417964166,0.3212814987589805,-0.3033054123410163
resnet34,resnet34,FE,FR,0.24886181862926043,0.05546687948922585,0.19339493914003458,0.5136009214956583,0.0175438596491228,0.4960570618465355,0.19339493914003458,0.4960570618465355,-0.3026621227065009
resnet34,resnet34,FE,FS,0.1618890951109676,0.11716412139307496,0.04472497371789265,0.2041926405616413,0.01858324311117385,0.18560939745046745,0.04472497371789265,0.18560939745046745,-0.14088442373257481
resnet34,resnet34,FR,ALL,0.9979592233765223,0.4755685576436714,0.522390665732851,0.6609681479753504,0.266025641025641,0.3949425069497094,0.522390665732851,0.3949425069497094,0.12744815878314159
resnet34,resnet34,FR,EFS,0.7381729200652528,0.2441910468969836,0.49398187316826925,0.5392568840359545,0.01427406199021205,0.5249828220457424,0.49398187316826925,0.5249828220457424,-0.031000948877473178
resnet34,resnet34,FR,FE,0.38824381076908293,0.1333368640575316,0.25490694671155134,0.578807661098087,0.01031434184675835,0.5684933192513286,0.25490694671155134,0.5684933192513286,-0.3135863725397773
resnet34,resnet34,FR,FS,0.7078163771712158,0.2805385198186143,0.42727785735260154,0.6706448474741158,0.0300868486352357,0.6405579988388801,0.42727785735260154,0.6405579988388801,-0.21328014148627855
resnet34,resnet34,FS,ALL,0.8057444262869149,0.27356571728726503,0.5321787089996499,0.7182252483427616,0.24326923076923074,0.47495601757353084,0.5321787089996499,0.47495601757353084,0.05722269142611908
resnet34,resnet34,FS,EFS,0.18908253364308178,0.21859706362153344,-0.029514529978451665,0.6149392110761579,0.015089722675367,0.5998494884007909,-0.029514529978451665,0.5998494884007909,-0.6293640183792426
resnet34,resnet34,FS,FE,0.046801269096599846,0.01731890366103355,0.029482365435566295,0.7110736169141565,0.0073255488536338505,0.7037480680605226,0.029482365435566295,0.7037480680605226,-0.6742657026249563
resnet34,resnet34,FS,FR,0.2651111922256524,0.00399042298483635,0.261120769240816,0.7407160136658301,0.0825358851674641,0.6581801284983659,0.261120769240816,0.6581801284983659,-0.3970593592575499
resnet34,swin,ALL,ALL,0.4455429543968427,0.18296175727662284,0.2625811971202199,0.06736850796453711,0.14459725896446074,-0.07722875099992363,0.2625811971202199,-0.07722875099992363,0.33980994812014353
resnet34,swin,ALL,EFS,0.16185396781380282,0.19005265629086684,-0.028198688477064027,0.01539259030506615,0.0840537466006598,-0.06866115629559365,-0.028198688477064027,-0.06866115629559365,0.04046246781852962
resnet34,swin,ALL,FE,0.184646326637717,0.15622612596852445,0.02842020066919254,0.14795311666138894,0.1010282579956553,0.046924858665733635,0.02842020066919254,0.046924858665733635,-0.018504657996541093
resnet34,swin,ALL,FR,0.28788673067726145,0.031030423426406148,0.2568563072508553,0.0635185593937387,0.0333779384173932,0.030140620976345497,0.2568563072508553,0.030140620976345497,0.22671568627450978
resnet34,swin,ALL,FS,0.3413009633599258,0.19606691774319096,0.14523404561673486,0.16834107260971093,0.1475322057387634,0.020808866870947518,0.14523404561673486,0.020808866870947518,0.12442517874578735
resnet34,swin,EFS,ALL,0.390326423210842,0.02053868086419955,0.36978774234664247,0.01046330902536895,0.0056952083326418,0.004768100692727151,0.36978774234664247,0.004768100692727151,0.3650196416539153
resnet34,swin,EFS,EFS,0.29372410120343734,0.12842904005470449,0.16529506114873285,0.03111195842957575,0.017459137016647648,0.0136528214129281,0.16529506114873285,0.0136528214129281,0.15164223973580476
resnet34,swin,EFS,FE,0.11962426011262445,0.07731643153398329,0.042307828578641155,0.086884866549008,0.06106825011238095,0.025816616436627048,0.042307828578641155,0.025816616436627048,0.016491212142014107
resnet34,swin,EFS,FR,0.25582625170143103,0.01316309825994185,0.24266315344148917,0.0289634146341463,0.01008212853621745,0.01888128609792885,0.24266315344148917,0.01888128609792885,0.22378186734356031
resnet34,swin,EFS,FS,0.16346634089712606,0.01536887551013975,0.14809746538698632,0.0119829420949141,0.01021179519714905,0.001771146897765051,0.14809746538698632,0.001771146897765051,0.14632631848922126
resnet34,swin,FE,ALL,0.06722474300717285,0.02559431147165525,0.0416304315355176,0.00139055773335145,0.00205171057479425,-0.0006611528414427999,0.0416304315355176,-0.0006611528414427999,0.0422915843769604
resnet34,swin,FE,EFS,0.01257763730498105,0.0512703999798324,-0.03869276267485135,0.00341588385994875,0.00528201524542995,-0.0018661313854812,-0.03869276267485135,-0.0018661313854812,-0.036826631289370144
resnet34,swin,FE,FE,0.41572591449304563,0.15103169032018052,0.26469422417286514,0.1877669739519784,0.05482695548385805,0.13294001846812034,0.26469422417286514,0.13294001846812034,0.1317542057047448
resnet34,swin,FE,FR,0.0867775815767207,0.03181905970643415,0.054958521870286554,0.0258502556745024,0.0049341500202332,0.020916105654269202,0.054958521870286554,0.020916105654269202,0.03404241621601735
resnet34,swin,FE,FS,0.1272824115945159,0.015097775857957251,0.11218463573655864,0.021525987320185548,0.004030498148423101,0.017495489171762448,0.11218463573655864,0.017495489171762448,0.09468914656479618
resnet34,swin,FR,ALL,0.38256830183919566,0.3649785659518111,0.01758973588738455,0.0230465806759981,0.06576261397470065,-0.04271603329870255,0.01758973588738455,-0.04271603329870255,0.0603057691860871
resnet34,swin,FR,EFS,0.15837474514796385,0.36954663910430735,-0.2111718939563435,0.011839629924907249,0.04175539876662635,-0.029915768841719103,-0.2111718939563435,-0.029915768841719103,-0.1812561251146244
resnet34,swin,FR,FE,0.16597724922440535,0.20633529603245426,-0.040358046808048914,0.13650465356773525,0.07763253755073744,0.05887211601699781,-0.040358046808048914,0.05887211601699781,-0.09923016282504672
resnet34,swin,FR,FR,0.4927942096163043,0.42856288857006214,0.06423132104624218,0.1313274840893205,0.09261073097156304,0.03871675311775745,0.06423132104624218,0.03871675311775745,0.025514567928484735
resnet34,swin,FR,FS,0.28850627466331896,0.2734720553628236,0.015034219300495366,0.01924863775237015,0.07685675139374465,-0.0576081136413745,0.015034219300495366,-0.0576081136413745,0.07264233294186986
resnet34,swin,FS,ALL,0.1919942626787,0.055191429368048196,0.13680283331065182,0.00927398074171925,0.04222001307783965,-0.0329460323361204,0.13680283331065182,-0.0329460323361204,0.16974886564677222
resnet34,swin,FS,EFS,0.011839629924907249,0.01677911142903055,-0.004939481504123301,0.00170794192997435,0.01530309666888295,-0.0135951547389086,-0.004939481504123301,-0.0135951547389086,0.008655673234785298
resnet34,swin,FS,FE,0.1603078241498353,0.117908651450766,0.0423991726990693,0.1447776628748707,0.07294243216730255,0.07183523070756816,0.0423991726990693,0.07183523070756816,-0.029436058008498855
resnet34,swin,FS,FR,0.10203987786484195,0.019784883934812147,0.0822549939300298,0.02286585365853655,0.03662445278298935,-0.013758599124452799,0.0822549939300298,-0.013758599124452799,0.0960135930544826
resnet34,swin,FS,FS,0.5434822469099139,0.14980336838505595,0.39367887852485794,0.0499442052168122,0.1702573309395571,-0.12031312572274491,0.39367887852485794,-0.12031312572274491,0.5139920042476028
resnet34,vit,ALL,ALL,0.15182985322432158,0.11085060582803485,0.04097924739628672,0.0070914015275045,0.1257901320035712,-0.1186987304760667,0.04097924739628672,-0.1186987304760667,0.15967797787235344
resnet34,vit,ALL,EFS,0.2393872939925571,0.12299475013290795,0.11639254385964914,0.0483253588516746,0.06344696969696964,-0.015121610845295043,0.11639254385964914,-0.015121610845295043,0.13151415470494418
resnet34,vit,ALL,FE,0.17995574190542735,0.10088225017470295,0.0790734917307244,0.04205246913580245,0.052497861905260554,-0.010445392769458106,0.0790734917307244,-0.010445392769458106,0.0895188845001825
resnet34,vit,ALL,FR,0.3445640795573501,0.13356243457454758,0.2110016449828025,0.11571711603478066,0.09635211097722479,0.019365005057555867,0.2110016449828025,0.019365005057555867,0.19163663992524663
resnet34,vit,ALL,FS,0.13199064142179529,0.19596749591607784,-0.06397685449428256,0.037053966816902456,0.1673955401602078,-0.13034157334330534,-0.06397685449428256,-0.13034157334330534,0.06636471884902279
resnet34,vit,EFS,ALL,0.0755997047758151,0.0096197149599052,0.0659799898159099,0.0018508725542041,0.010609244527413748,-0.00875837197320965,0.0659799898159099,-0.00875837197320965,0.07473836178911955
resnet34,vit,EFS,EFS,0.3463234316852738,0.08560938330675169,0.2607140483785221,0.0478468899521531,0.030567185007974403,0.0172797049441787,0.2607140483785221,0.0172797049441787,0.2434343434343434
resnet34,vit,EFS,FE,0.16924208013044487,0.055350279524807755,0.11389180060563711,0.0169753086419753,0.02832684632480415,-0.01135153768282885,0.11389180060563711,-0.01135153768282885,0.12524333828846596
resnet34,vit,EFS,FR,0.3309771197846568,0.04571018393898605,0.28526693584567075,0.05114401076716015,0.0400579917144457,0.011086019052714453,0.28526693584567075,0.011086019052714453,0.2741809167929563
resnet34,vit,EFS,FS,0.0949069062567655,0.02196805684032355,0.07293884941644195,0.00791788856304985,0.00959943120313325,-0.0016815426400834006,0.07293884941644195,-0.0016815426400834006,0.07462039205652535
resnet34,vit,FE,ALL,0.034793189137733396,0.01252822897365455,0.022264960164078848,0.002644103648863,0.005158794702856399,-0.0025146910539933995,0.022264960164078848,-0.0025146910539933995,0.024779651218072248
resnet34,vit,FE,EFS,0.11713184476342366,0.077894072301967,0.039237772461456655,0.0277511961722488,0.0170005980861244,0.0107505980861244,0.039237772461456655,0.0107505980861244,0.028487174375332255
resnet34,vit,FE,FE,0.2113003726997437,0.07356889121826225,0.13773148148148145,0.02739197530864195,0.01212823332286095,0.015263741985781001,0.13773148148148145,0.015263741985781001,0.12246773949570046
resnet34,vit,FE,FR,0.2420074771945566,0.0650097203529235,0.1769977568416331,0.0796221701273405,0.0198994221130432,0.059722748014297306,0.1769977568416331,0.059722748014297306,0.1172750088273358
resnet34,vit,FE,FS,0.07345844240193661,0.0273802377531539,0.046078204648782706,0.01998587848609495,0.0148000354267944,0.005185843059300551,0.046078204648782706,0.005185843059300551,0.04089236158948215
resnet34,vit,FR,ALL,0.0871111594251465,0.24655769308835934,-0.15944653366321285,0.0029017028245455997,0.06136990451530075,-0.05846820169075515,-0.15944653366321285,-0.05846820169075515,-0.1009783319724577
resnet34,vit,FR,EFS,0.15623504784688994,0.1595893141945773,-0.0033542663476873735,0.0373205741626794,0.0361991626794258,0.0011214114832535996,-0.0033542663476873735,0.0011214114832535996,-0.004475677830940973
resnet34,vit,FR,FE,0.0837191358024691,0.11903098066620074,-0.03531184486373164,0.0162037037037037,0.026742183591068197,-0.010538479887364498,-0.03531184486373164,-0.010538479887364498,-0.02477336497636714
resnet34,vit,FR,FR,0.4432259608195005,0.47989531927620754,-0.036669358456707046,0.1004835429402611,0.1093877073329185,-0.008904164392657399,-0.036669358456707046,-0.008904164392657399,-0.027765194064049648
resnet34,vit,FR,FS,0.091621809128304,0.1702279615816095,-0.07860615245330549,0.00833735165029815,0.042569967919069404,-0.034232616268771256,-0.07860615245330549,-0.034232616268771256,-0.04437353618453423
resnet34,vit,FS,ALL,0.05355025063814025,0.0179650564198046,0.03558519421833565,0.0015796510001141,0.02940717316304265,-0.02782752216292855,0.03558519421833565,-0.02782752216292855,0.0634127163812642
resnet34,vit,FS,EFS,0.06872175704412546,0.04302066719829875,0.02570108984582671,0.01565822700691115,0.0298179160021265,-0.014159688995215351,0.02570108984582671,-0.014159688995215351,0.03986077884104206
resnet34,vit,FS,FE,0.07231685301653851,0.0464709993011879,0.025845853715350607,0.0192901234567901,0.0240415663071176,-0.0047514428503274975,0.025845853715350607,-0.0047514428503274975,0.030597296565678105
resnet34,vit,FS,FR,0.2038277254374159,0.07401166442350825,0.12981606101390764,0.0592193808882907,0.0417579753535213,0.0174614055347694,0.12981606101390764,0.0174614055347694,0.11235465547913823
resnet34,vit,FS,FS,0.22997057607904106,0.19212541085240797,0.03784516522663309,0.017639837430376448,0.12226426420516046,-0.10462442677478401,0.03784516522663309,-0.10462442677478401,0.1424695920014171
resnet34,xception,ALL,ALL,0.7175353213732877,0.4807647929722848,0.23677052840100288,0.5590170397103025,0.33544303797468356,0.22357400173561892,0.23677052840100288,0.22357400173561892,0.013196526665383956
resnet34,xception,ALL,EFS,0.267676035931614,0.35129310344827586,-0.08361706751666187,0.14527731092436974,0.172,-0.026722689075630246,-0.08361706751666187,-0.026722689075630246,-0.05689437844103162
resnet34,xception,ALL,FE,0.06676016209048714,0.0045180722891566,0.062242089801330544,0.1397207180025424,0.00753579502637525,0.13218492297616716,0.062242089801330544,0.13218492297616716,-0.06994283317483661
resnet34,xception,ALL,FR,0.3381663064349448,0.00643282574890705,0.33173348068603775,0.371907866990726,0.0195813351362397,0.35232653185448626,0.33173348068603775,0.35232653185448626,-0.020593051168448506
resnet34,xception,ALL,FS,0.5384997996736146,0.4422595839074394,0.0962402157661752,0.41158896170339065,0.2497734852804486,0.16181547642294206,0.0962402157661752,0.16181547642294206,-0.06557526065676686
resnet34,xception,EFS,ALL,0.27412438775854153,0.3532488986784141,-0.07912451091987255,0.14352173232789656,0.08750687947165656,0.05601485285624,-0.07912451091987255,0.05601485285624,-0.13513936377611255
resnet34,xception,EFS,EFS,0.4149014778325123,0.33072297884671104,0.08417849898580126,0.11848480930833866,0.0403076923076923,0.07817711700064636,0.08417849898580126,0.07817711700064636,0.006001381985154902
resnet34,xception,EFS,FE,0.0416335646190073,0.008004503783635451,0.03362906083537185,0.046950362418832846,0.00452147701582515,0.042428885403007696,0.03362906083537185,0.042428885403007696,-0.008799824567635846
resnet34,xception,EFS,FR,0.11423094602392195,0.00748418077438405,0.1067467652495379,0.14985934721455307,0.00615763546798025,0.1437017117465728,0.1067467652495379,0.1437017117465728,-0.036954946497034916
resnet34,xception,EFS,FS,0.17826874028905632,0.2531810364203141,-0.07491229613125777,0.07766916353581665,0.02990970654627535,0.0477594569895413,-0.07491229613125777,0.0477594569895413,-0.12267175312079907
resnet34,xception,FE,ALL,0.14608586807995375,0.40748898678414097,-0.2614031187041872,0.0846524048754115,0.22069345074298294,-0.13604104586757143,-0.2614031187041872,-0.13604104586757143,-0.12536207283661577
resnet34,xception,FE,EFS,0.0167161692263112,0.26304332077658643,-0.24632715155027524,0.011758241758241701,0.0652307692307692,-0.0534725274725275,-0.24632715155027524,-0.0534725274725275,-0.19285462407774773
resnet34,xception,FE,FE,0.32686724126105937,0.01481161839006875,0.31205562287099065,0.11593112826723895,0.0018839487565938,0.11404717951064515,0.31205562287099065,0.11404717951064515,0.1980084433603455
resnet34,xception,FE,FR,0.10585678099541315,0.0040049291435613,0.10185185185185185,0.22959203083491664,0.00347909121344005,0.22611293962147658,0.10185185185185185,0.22611293962147658,-0.12426108776962473
resnet34,xception,FE,FS,0.1197443639881563,0.2836936765266336,-0.16394931253847728,0.124194505846423,0.051222593671647304,0.0729719121747757,-0.16394931253847728,0.0729719121747757,-0.23692122471325297
resnet34,xception,FR,ALL,0.8523585718989922,0.496420704845815,0.3559378670531772,0.35538419278004507,0.28040726472206934,0.07497692805797573,0.3559378670531772,0.07497692805797573,0.28096093899520147
resnet34,xception,FR,EFS,0.32912923790205734,0.395935960591133,-0.06680672268907567,0.05989269553975435,0.1298461538461538,-0.06995345830639946,-0.06680672268907567,-0.06995345830639946,0.003146735617323787
resnet34,xception,FR,FE,0.21515926133376004,0.02108433734939755,0.1940749239843625,0.0704879248536811,0.0037678975131876,0.06672002734049351,0.1940749239843625,0.06672002734049351,0.12735489664386898
resnet34,xception,FR,FR,0.5550258030233385,0.2178236461970288,0.3372021568263097,0.3753051643702799,0.01552751316310065,0.35977765120717925,0.3372021568263097,0.35977765120717925,-0.022575494380869532
resnet34,xception,FR,FS,0.4974954315812103,0.4765801354401806,0.020915296141029716,0.3283262514938255,0.12204652143688434,0.20627973005694117,0.020915296141029716,0.20627973005694117,-0.18536443391591145
resnet34,xception,FS,ALL,0.29057663486943597,0.26435510134232887,0.0262215335271071,0.3612468469425668,0.263621353880022,0.09762549306254481,0.0262215335271071,0.09762549306254481,-0.07140395953543771
resnet34,xception,FS,EFS,0.01139524775427405,0.20085120254998545,-0.1894559547957114,0.017657401422107248,0.1409230769230769,-0.12326567550096965,-0.1894559547957114,-0.12326567550096965,-0.06619027929474175
resnet34,xception,FS,FE,0.0190360588463912,0.0041415662650602,0.014894492581331003,0.050745428832495096,0.00866616428033155,0.04207926455216354,0.014894492581331003,0.04207926455216354,-0.02718477197083254
resnet34,xception,FS,FR,0.024945639240155547,0.0047172425484192995,0.020228396691736247,0.27559060039391475,0.0064655172413793,0.26912508315253547,0.020228396691736247,0.26912508315253547,-0.2488966864607992
resnet34,xception,FS,FS,0.5524390958928205,0.3286647513509816,0.22377434454183887,0.3768453138791036,0.21021444695259595,0.16663086692650764,0.22377434454183887,0.16663086692650764,0.05714347761533123
swin,deit,ALL,ALL,0.8988309683111536,0.1658701566061319,0.7329608117050217,0.0331485172169898,0.03258753735210625,0.0005609798648835568,0.7329608117050217,0.0005609798648835568,0.7323998318401381
swin,deit,ALL,EFS,0.5706190651897256,0.06696059900951574,0.5036584661802098,0.016450582173447498,0.0305139186295503,-0.0140633364561028,0.5036584661802098,-0.0140633364561028,0.5177218026363126
swin,deit,ALL,FE,0.1198202362609142,0.09752311248073955,0.02229712378017465,0.0187146892655367,0.0229031843862352,-0.0041884951206985,0.02229712378017465,-0.0041884951206985,0.02648561890087315
swin,deit,ALL,FR,0.7716265930889502,0.0925863881224543,0.6790402049664959,0.024543423991591047,0.02374031007751935,0.0008031139140716979,0.6790402049664959,0.0008031139140716979,0.6782370910524241
swin,deit,ALL,FS,0.8810632634162046,0.15739498092439266,0.7236682824918119,0.0475005898346859,0.06106106106106105,-0.013560471226375152,0.7236682824918119,-0.013560471226375152,0.7372287537181871
swin,deit,EFS,ALL,0.7076659739931404,0.09058866930579146,0.6170773046873489,0.0335986331943667,0.01293626873406325,0.02066236446030345,0.6170773046873489,0.02066236446030345,0.5964149402270454
swin,deit,EFS,EFS,0.6381318855094618,0.11853430423880056,0.5195975812706612,0.04657387580299785,0.01766595289079225,0.0289079229122056,0.5195975812706612,0.0289079229122056,0.4906896583584556
swin,deit,EFS,FE,0.07391242937853104,0.0627824858757062,0.01112994350282484,0.01150231124807395,0.01311761684643035,-0.0016153055983564,0.01112994350282484,-0.0016153055983564,0.01274524910118124
swin,deit,EFS,FR,0.4361105636578636,0.057329851530679196,0.3787807121271844,0.044887334121666,0.02374031007751935,0.02114702404414665,0.3787807121271844,0.02114702404414665,0.35763368808303775
swin,deit,EFS,FS,0.6070359893889306,0.13263263263263264,0.4744033567562979,0.0192343373121405,0.0315315315315315,-0.012297194219391,0.4744033567562979,-0.012297194219391,0.48670055097568893
swin,deit,FE,ALL,0.2993155818006158,0.07315251587538064,0.22616306592523516,0.0088888774300891,0.0085287846481876,0.0003600927819014995,0.22616306592523516,0.0003600927819014995,0.22580297314333367
swin,deit,FE,EFS,0.0968696582001099,0.0862808145766345,0.010588843623475397,0.0053533190578158,0.0133832976445396,-0.008029978586723798,0.010588843623475397,-0.008029978586723798,0.018618822210199195
swin,deit,FE,FE,0.3694157678479712,0.05624935798664605,0.31316640986132516,0.011047765793528501,0.00388418079096045,0.007163585002568051,0.31316640986132516,0.007163585002568051,0.3060028248587571
swin,deit,FE,FR,0.1654266850610957,0.040293653921955004,0.1251330311391407,0.0162265142556825,0.0271317829457364,-0.010905268690053899,0.1251330311391407,-0.010905268690053899,0.1360382998291946
swin,deit,FE,FS,0.2493054551878081,0.07307307307307305,0.17623238211473508,0.0038848917567453,0.013013013013013,-0.009128121256267701,0.17623238211473508,-0.009128121256267701,0.18536050337100277
swin,deit,FR,ALL,0.5978249793294352,0.0507896091231681,0.5470353702062671,0.0148770313229155,0.0220326936744847,-0.007155662351569199,0.5470353702062671,-0.007155662351569199,0.5541910325578363
swin,deit,FR,EFS,0.26057817571180064,0.0237781475987158,0.23680002811308484,0.0026766595289079,0.02569593147751605,-0.023019271948608148,0.23680002811308484,-0.023019271948608148,0.259819300061693
swin,deit,FR,FE,0.020390344119157598,0.03279789419619925,-0.012407550077041654,0.00873009758602975,0.023507960965588052,-0.014777863379558302,-0.012407550077041654,-0.014777863379558302,0.0023703133025166478
swin,deit,FR,FR,0.7372996321114177,0.06005945342267765,0.6772401786887401,0.0301159505978189,0.03488372093023255,-0.00476777033241365,0.6772401786887401,-0.00476777033241365,0.6820079490211537
swin,deit,FR,FS,0.40710649534178944,0.055318496494967055,0.3517879988468224,0.0183994062712598,0.024024024024024,-0.0056246177527642,0.3517879988468224,-0.0056246177527642,0.35741261659958656
swin,deit,FS,ALL,0.5671538599457986,0.04095803069175765,0.526195829254041,0.01721011456794445,0.01309547443298275,0.004114640134961701,0.526195829254041,0.004114640134961701,0.5220811891190793
swin,deit,FS,EFS,0.18290197318714524,0.01714898177920685,0.1657529914079384,0.0021413276231263,0.01391862955032115,-0.011777301927194849,0.1657529914079384,-0.011777301927194849,0.17753029333513323
swin,deit,FS,FE,0.06043400102722135,0.02835002568053415,0.0320839753466872,0.0052966101694915,0.0171520287621982,-0.0118554185927067,0.0320839753466872,-0.0118554185927067,0.0439393939393939
swin,deit,FS,FR,0.2981178557351202,0.0382751937984496,0.2598426619366706,0.02252167914860065,0.02470930232558135,-0.0021876231769807006,0.2598426619366706,-0.0021876231769807006,0.2620302851136513
swin,deit,FS,FS,0.8130858130858131,0.1253885665650371,0.687697246520776,0.0209500117966937,0.037299313043020095,-0.016349301246326393,0.687697246520776,-0.016349301246326393,0.7040465477671024
swin,efficientnetb4,ALL,ALL,0.8350865594002155,0.08424213066607311,0.7508444287341424,0.02029487364116795,0.0099555311173079,0.01033934252386005,0.7508444287341424,0.01033934252386005,0.7405050862102823
swin,efficientnetb4,ALL,EFS,0.7918381344307269,0.04218834067675835,0.7496497937539686,0.00220736899885445,0.0024531262505123,-0.00024575725165785003,0.7496497937539686,-0.00024575725165785003,0.7498955510056264
swin,efficientnetb4,ALL,FE,0.0977993140719185,0.0346861359384743,0.06311317813344419,0.0017667844522968,0.0007067137809187,0.0010600706713781,0.06311317813344419,0.0010600706713781,0.06205310746206609
swin,efficientnetb4,ALL,FR,0.6123796085083153,0.0698605749546704,0.542519033553645,0.02746993245098575,0.0011630390344212998,0.02630689341656445,0.542519033553645,0.02630689341656445,0.5162121401370805
swin,efficientnetb4,ALL,FS,0.4910024671898022,0.026807559195421948,0.4641949079943803,0.0013192612137203,0.0,0.0013192612137203,0.4641949079943803,0.0013192612137203,0.46287564678066
swin,efficientnetb4,EFS,ALL,0.2853392334245404,0.05034388105555765,0.23499535236898272,0.01207642189143305,0.01207642189143305,0.0,0.23499535236898272,0.0,0.23499535236898272
swin,efficientnetb4,EFS,EFS,0.6078792769998109,0.0520643991721075,0.5558148778277034,0.00210995535140455,0.0030420544012779004,-0.0009320990498733503,0.5558148778277034,-0.0009320990498733503,0.5567469768775768
swin,efficientnetb4,EFS,FE,0.05734774475161085,0.01318852629390975,0.0441592184577011,0.00106007067137805,0.00106007067137805,0.0,0.0441592184577011,0.0,0.0441592184577011
swin,efficientnetb4,EFS,FR,0.14012996919537535,0.04131633717416305,0.0988136320212123,0.01475216773146365,0.0038887973590593,0.010863370372404351,0.0988136320212123,0.010863370372404351,0.08795026164880794
swin,efficientnetb4,EFS,FS,0.07142086146043924,0.03942792036459575,0.0319929410958435,0.0013192612137203,0.00079155672823215,0.00052770448548815,0.0319929410958435,0.00052770448548815,0.03146523661035534
swin,efficientnetb4,FE,ALL,0.1136140677026738,0.0126343558121571,0.10097971189051669,0.0034464475079533,0.01128108785113615,-0.00783464034318285,0.10097971189051669,-0.00783464034318285,0.10881435223369954
swin,efficientnetb4,FE,EFS,0.1002704707062775,0.0289544222929905,0.071316048413287,0.0015210272006389502,0.0,0.0015210272006389502,0.071316048413287,0.0015210272006389502,0.06979502121264805
swin,efficientnetb4,FE,FE,0.24636510081064225,0.0320385574724589,0.21432654333818335,0.0007067137809187,0.00035335689045935,0.00035335689045935,0.21432654333818335,0.00035335689045935,0.213973186447724
swin,efficientnetb4,FE,FR,0.07175661909496785,0.0153182332183034,0.05643838587666444,0.0075939248601119,0.0031614403133980997,0.0044324845467138005,0.05643838587666444,0.0044324845467138005,0.05200590132995064
swin,efficientnetb4,FE,FS,0.04814018435390465,0.00967943665832845,0.0384607476955762,0.0,0.00026385224274405,-0.00026385224274405,0.0384607476955762,-0.00026385224274405,0.038724599938320246
swin,efficientnetb4,FR,ALL,0.33893972917184884,0.0377922225277003,0.3011475066441485,0.02321109845559,0.019645950887850247,0.003565147567739752,0.3011475066441485,0.003565147567739752,0.2975823590764088
swin,efficientnetb4,FR,EFS,0.30230190929052336,0.01539453338956015,0.2869073759009632,0.0025505398979622004,0.00220736899885445,0.00034317089910775034,0.2869073759009632,0.00034317089910775034,0.2865642050018555
swin,efficientnetb4,FR,FE,0.1365386614009561,0.00688526293909785,0.12965339846185825,0.0106007067137809,0.0029125961338598502,0.00768811057992105,0.12965339846185825,0.00768811057992105,0.1219652878819372
swin,efficientnetb4,FR,FR,0.5507709685909808,0.08975197890468109,0.46101898968629973,0.017549929522031202,0.0023620798018074,0.015187849720223802,0.46101898968629973,0.015187849720223802,0.44583113996607593
swin,efficientnetb4,FR,FS,0.0606945824623924,0.0,0.0606945824623924,0.00079155672823215,0.0,0.00079155672823215,0.0606945824623924,0.00079155672823215,0.05990302573416025
swin,efficientnetb4,FS,ALL,0.28645881064285683,0.048381402493574005,0.23807740814928283,0.0161717921527041,0.01207642189143305,0.004095370261271051,0.23807740814928283,0.004095370261271051,0.23398203788801178
swin,efficientnetb4,FS,EFS,0.08193129656288925,0.004219439960835,0.07771185660205425,0.0012752699489811002,0.00269888350217015,-0.00142361355318905,0.07771185660205425,-0.00142361355318905,0.0791354701552433
swin,efficientnetb4,FS,FE,0.0409893992932862,0.00356214924132195,0.03742725005196425,0.0007067137809187,0.00035335689045935,0.00035335689045935,0.03742725005196425,0.00035335689045935,0.037073893161504896
swin,efficientnetb4,FS,FR,0.1501682800101382,0.0179301680606734,0.1322381119494648,0.01355312696407755,0.0031614403133980997,0.010391686650679452,0.1322381119494648,0.010391686650679452,0.12184642529878535
swin,efficientnetb4,FS,FS,0.3451872665592982,0.10742726930062015,0.23775999725867808,0.0,0.00026385224274405,-0.00026385224274405,0.23775999725867808,-0.00026385224274405,0.23802384950142214
swin,resnet34,ALL,ALL,0.8780144741449749,0.4367617018793043,0.4412527722656706,0.11987179487179485,0.02467948717948715,0.0951923076923077,0.4412527722656706,0.0951923076923077,0.3460604645733629
swin,resnet34,ALL,EFS,0.8167088909351818,0.1185793013831174,0.6981295895520645,0.01060358890701465,0.0,0.01060358890701465,0.6981295895520645,0.01060358890701465,0.6875260006450499
swin,resnet34,ALL,FE,0.11657878436932025,0.0386175881973735,0.07796119617194675,0.0021474588403722,0.0007158196134574,0.0014316392269147998,0.07796119617194675,0.0014316392269147998,0.07652955694503194
swin,resnet34,ALL,FR,0.6559598909215643,0.037427142987750996,0.6185327479338133,0.0007974481658692,0.0007974481658692,0.0,0.6185327479338133,0.0,0.6185327479338133
swin,resnet34,ALL,FS,0.7842084882800855,0.15834297197397115,0.6258655163061143,0.0062034739454094,0.0018610421836228,0.0043424317617866,0.6258655163061143,0.0043424317617866,0.6215230845443277
swin,resnet34,EFS,ALL,0.5813635656200148,0.21823518540134618,0.3631283802186686,0.12916666666666665,0.0317307692307692,0.09743589743589745,0.3631283802186686,0.09743589743589745,0.26569248278277113
swin,resnet34,EFS,EFS,0.6600833422923571,0.049452642600391644,0.6106306996919655,0.0122349102773246,0.0,0.0122349102773246,0.6106306996919655,0.0122349102773246,0.5983957894146409
swin,resnet34,EFS,FE,0.0380479958697541,0.0171975496306418,0.020850446239112305,0.0010737294201861,0.0010737294201861,0.0,0.020850446239112305,0.0,0.020850446239112305
swin,resnet34,EFS,FR,0.14869807724166562,0.03158449007481095,0.11711358716685466,0.0047846889952153,0.0015948963317384,0.0031897926634769005,0.11711358716685466,0.0031897926634769005,0.11392379450337776
swin,resnet34,EFS,FS,0.1936467348544453,0.06055111729777345,0.13309561755667185,0.00682382133995035,0.00031017369727045,0.0065136476426799,0.13309561755667185,0.0065136476426799,0.12658196991399195
swin,resnet34,FE,ALL,0.34715429360725264,0.07291739621026415,0.2742368973969885,0.05769230769230765,0.02147435897435895,0.0362179487179487,0.2742368973969885,0.0362179487179487,0.23801894867903978
swin,resnet34,FE,EFS,0.16425629975179604,0.0087946451525449,0.15546165459925113,0.0028548123980424,0.0,0.0028548123980424,0.15546165459925113,0.0028548123980424,0.15260684220120874
swin,resnet34,FE,FE,0.19584506246926686,0.0571837026447462,0.13866135982452066,0.0017895490336435,0.0003579098067287,0.0014316392269148,0.13866135982452066,0.0014316392269148,0.13722972059760585
swin,resnet34,FE,FR,0.0352738268809465,0.008182601205857,0.027091225675089498,0.0011961722488038,0.0011961722488038,0.0,0.027091225675089498,0.0,0.027091225675089498
swin,resnet34,FE,FS,0.08375250212386325,0.020265241941087697,0.06348726018277555,0.00248138957816375,0.00124069478908185,0.0012406947890819,0.06348726018277555,0.0012406947890819,0.06224656539369365
swin,resnet34,FR,ALL,0.5456207929652542,0.17385461655188514,0.37176617641336906,0.1253205128205128,0.025,0.1003205128205128,0.37176617641336906,0.1003205128205128,0.27144566359285627
swin,resnet34,FR,EFS,0.16593085814982916,0.01376690334070305,0.15216395480912612,0.0061174551386623,0.0,0.0061174551386623,0.15216395480912612,0.0061174551386623,0.14604649967046382
swin,resnet34,FR,FE,0.040307776268061896,0.0346676197283774,0.005640156539684499,0.0016981378845772,0.0017895490336435,-9.14111490662999e-05,0.005640156539684499,-9.14111490662999e-05,0.0057315676887507985
swin,resnet34,FR,FR,0.6628566891656407,0.0198376609315936,0.6430190282340471,0.00797448165869215,0.0015948963317384,0.00637958532695375,0.6430190282340471,0.00637958532695375,0.6366394429070934
swin,resnet34,FR,FS,0.11123579701471126,0.0161889935690093,0.09504680344570196,0.00341191066997515,0.0006203473945409,0.0027915632754342504,0.09504680344570196,0.0027915632754342504,0.0922552401702677
swin,resnet34,FS,ALL,0.479961382825571,0.13495827010622155,0.34500311271934947,0.1506410256410256,0.01698717948717945,0.13365384615384615,0.34500311271934947,0.13365384615384615,0.21134926656550332
swin,resnet34,FS,EFS,0.1083835428186802,0.00040783034257745,0.10797571247610276,0.0032626427406199,0.0,0.0032626427406199,0.10797571247610276,0.0032626427406199,0.10471306973548286
swin,resnet34,FS,FE,0.01084926075754375,0.0075053609721229,0.003343899785420849,0.0007158196134574,0.0039370078740157,-0.0032211882605583005,0.003343899785420849,-0.0032211882605583005,0.0065650880459791495
swin,resnet34,FS,FR,0.06698789399841755,0.00301464254952625,0.0639732514488913,0.0063795853269537,0.0011961722488038,0.0051834130781499,0.0639732514488913,0.0051834130781499,0.05878983837074139
swin,resnet34,FS,FS,0.5414587634296525,0.1407687040063122,0.4006900594233403,0.005272952853598,0.00076184488064895,0.00451110797294905,0.4006900594233403,0.00451110797294905,0.3961789514503912
swin,swin,ALL,EFS,0.9842541619267602,0.0646651393926407,0.9195890225341194,0.8417563441219382,0.00426985482493595,0.8374864892970023,0.9195890225341194,0.8374864892970023,0.08210253323711714
swin,swin,ALL,FE,0.5586872133732221,0.167358483045424,0.39132873032779814,0.536747462847855,0.0992761116856256,0.4374713511622294,0.39132873032779814,0.4374713511622294,-0.04614262083443127
swin,swin,ALL,FR,0.9558018798513777,0.05312603465401165,0.902675845197366,0.835993543758967,0.0091463414634146,0.8268472022955523,0.902675845197366,0.8268472022955523,0.07582864290181368
swin,swin,ALL,FS,0.9891194548309733,0.12325247589350391,0.8658669789374693,0.8521798211867191,0.0253033841335835,0.8268764370531356,0.8658669789374693,0.8268764370531356,0.03899054188433371
swin,swin,EFS,ALL,0.8366288631905282,0.0438725840018853,0.7927562791886429,0.6639872723410329,0.00102046150833295,0.6629668108327,0.7927562791886429,0.6629668108327,0.12978946835594285
swin,swin,EFS,FE,0.5494824940377202,0.1588662478492611,0.39061624618845914,0.5728831968892067,0.0853336773039201,0.48754951958528664,0.39061624618845914,0.48754951958528664,-0.0969332733968275
swin,swin,EFS,FR,0.5720579038369569,0.0496656917926645,0.5223922120442923,0.47277250487437,0.008130081300813,0.464642423573557,0.5223922120442923,0.464642423573557,0.05774978847073531
swin,swin,EFS,FS,0.8216040550208555,0.04164810590209815,0.7799559491187574,0.5977280499273318,0.00991651030628635,0.5878115396210454,0.7799559491187574,0.5878115396210454,0.19214440949771205
swin,swin,FE,ALL,0.2923629482230402,0.01619440673409165,0.27616854148894854,0.18663035685242285,0.002220577350111,0.18440977950231185,0.27616854148894854,0.18440977950231185,0.09175876198663668
swin,swin,FE,EFS,0.5108775733359383,0.0081127241673783,0.50276484916856,0.6130332985652658,0.00213492741246795,0.6108983711527979,0.50276484916856,0.6108983711527979,-0.10813352198423787
swin,swin,FE,FR,0.2995783210094545,0.0274390243902439,0.27213929661921055,0.3156315528087407,0.00304878048780485,0.3125827723209359,0.27213929661921055,0.3125827723209359,-0.04044347570172535
swin,swin,FE,FS,0.5537356632154893,0.0215439856373429,0.5321916775781463,0.3721472667305607,0.01166965888689405,0.36047760784366667,0.5321916775781463,0.36047760784366667,0.17171406973447967
swin,swin,FR,ALL,0.8667688856950341,0.0206859725232596,0.8460829131717744,0.5956022444759405,0.005091519983536501,0.5905107244924039,0.8460829131717744,0.5905107244924039,0.2555721886793705
swin,swin,FR,EFS,0.753981048777183,0.0131048304505248,0.7408762183266582,0.4764231536422965,0.0051238257899231,0.4712993278523734,0.7408762183266582,0.4712993278523734,0.2695768904742848
swin,swin,FR,FE,0.564648939633162,0.1608066184074457,0.4038423212257163,0.4247346591701746,0.1437435367114788,0.28099112245869584,0.4038423212257163,0.28099112245869584,0.12285119876702044
swin,swin,FR,FS,0.7816899744873853,0.02691198372952125,0.754777990757864,0.6010178048352479,0.0179533213644524,0.5830644834707955,0.754777990757864,0.5830644834707955,0.17171350728706847
swin,swin,FS,ALL,0.6607109664656308,0.01074357808366495,0.6499673883819658,0.5281804210798844,0.00361113508346245,0.5245692859964219,0.6499673883819658,0.5245692859964219,0.12539810238554383
swin,swin,FS,EFS,0.28790449390403383,0.0029309165849984503,0.2849735773190354,0.5630662284419599,0.00213492741246795,0.560931301029492,0.2849735773190354,0.560931301029492,-0.27595772371045657
swin,swin,FS,FE,0.44022163958820965,0.10858324715615306,0.3316383924320566,0.3320890234261684,0.1059979317476732,0.22609109167849523,0.3316383924320566,0.22609109167849523,0.10554730075356139
swin,swin,FS,FR,0.5173522973917521,0.02235772357723575,0.4949945738145164,0.5067505426185483,0.00711382113821135,0.499636721480337,0.4949945738145164,0.499636721480337,-0.004642147665820606
swin,vit,ALL,ALL,0.5808636642399762,0.0655948851783346,0.5152687790616416,0.0034305235543182,0.0031729243786356,0.0002575991756825998,0.5152687790616416,0.0002575991756825998,0.515011179885959
swin,vit,ALL,EFS,0.5939526847421585,0.09539805954279634,0.4985546251993621,0.0283143939393939,0.03492822966507175,-0.006613835725677853,0.4985546251993621,-0.006613835725677853,0.50516846092504
swin,vit,ALL,FE,0.23118157465641734,0.12180147915210805,0.10938009550430929,0.0166749572381052,0.0339506172839506,-0.017275660045845402,0.10938009550430929,-0.017275660045845402,0.12665575555015468
swin,vit,ALL,FR,0.6102742634963362,0.13342186331688347,0.47685240017945274,0.05787348586810225,0.05585464333781965,0.0020188425302826024,0.47685240017945274,0.0020188425302826024,0.4748335576491701
swin,vit,ALL,FS,0.6393008620519987,0.06748189297171756,0.5718189690802811,0.0143286622448778,0.01508221968548875,-0.0007535574406109507,0.5718189690802811,-0.0007535574406109507,0.572572526520892
swin,vit,EFS,ALL,0.26754759863351196,0.01347811741999775,0.2540694812135142,0.00130842944602415,0.0010576414595452,0.0002507879864789499,0.2540694812135142,0.0002507879864789499,0.25381869322703526
swin,vit,EFS,EFS,0.6293859649122807,0.14235944976076553,0.4870265151515152,0.038755980861244,0.0172248803827751,0.0215311004784689,0.4870265151515152,0.0215311004784689,0.4654954146730463
swin,vit,EFS,FE,0.14287939669228975,0.0949991264849755,0.04788027020731425,0.01273148148148145,0.01504629629629625,-0.002314814814814801,0.04788027020731425,-0.002314814814814801,0.05019508502212905
swin,vit,EFS,FR,0.3054978316135786,0.14670255720053835,0.15879527441304023,0.0343203230148048,0.02624495289367425,0.008075370121130552,0.15879527441304023,0.008075370121130552,0.15071990429190968
swin,vit,EFS,FS,0.19860334783207695,0.0357771260997067,0.16282622173237024,0.0052377531539687,0.00879765395894425,-0.0035599008049755493,0.16282622173237024,-0.0035599008049755493,0.1663861225373458
swin,vit,FE,ALL,0.06639056830110684,0.01295610787942885,0.053434460421677994,0.0010576414595452,0.0007932310946589,0.0002644103648863001,0.053434460421677994,0.0002644103648863001,0.05317005005679169
swin,vit,FE,EFS,0.22820142211589575,0.1052631578947368,0.12293826422115896,0.0110047846889952,0.0124401913875598,-0.0014354066985646004,0.12293826422115896,-0.0014354066985646004,0.12437367091972355
swin,vit,FE,FE,0.305920976007454,0.1031810505474027,0.2027399254600513,0.00887345679012345,0.0069444444444444,0.0019290123456790495,0.2027399254600513,0.0019290123456790495,0.20081091311437224
swin,vit,FE,FR,0.18367698519515474,0.1325706594885599,0.051106325706594846,0.0114401076716016,0.0329744279946164,-0.021534320323014798,0.051106325706594846,-0.021534320323014798,0.07264064602960965
swin,vit,FE,FS,0.0920781751264539,0.02082111436950145,0.07125706075695246,0.0043988269794721,0.00293255131964805,0.0014662756598240504,0.07125706075695246,0.0014662756598240504,0.06979078509712841
swin,vit,FR,ALL,0.31607037429664253,0.013138783973871151,0.3029315903227714,0.0018100054189821,0.0023796932839767,-0.0005696878649945997,0.3029315903227714,-0.0005696878649945997,0.303501278187766
swin,vit,FR,EFS,0.3457668793195109,0.051234383306751695,0.2945324960127592,0.011089513556618798,0.02583732057416265,-0.01474780701754385,0.2945324960127592,-0.01474780701754385,0.30928030303030307
swin,vit,FR,FE,0.0460400652224551,0.0589447938504542,-0.012904728627999101,0.0118693347761836,0.03896604938271605,-0.02709671460653245,-0.012904728627999101,-0.02709671460653245,0.014191985978533349
swin,vit,FR,FR,0.7459578286227008,0.07783340810527885,0.6681244205174219,0.0531628532974428,0.04037685060565275,0.012786002691790053,0.6681244205174219,0.012786002691790053,0.6553384178256318
swin,vit,FR,FS,0.1487691649117282,0.020780275148103603,0.1279888897636246,0.0060358401070676,0.0032258064516129,0.0028100336554547,0.1279888897636246,0.0028100336554547,0.1251788561081699
swin,vit,FS,ALL,0.2590295254154076,0.007105023905911801,0.2519245015094958,0.0007864199054552,0.0015864621893178,-0.0008000422838626,0.2519245015094958,-0.0008000422838626,0.2527245437933584
swin,vit,FS,EFS,0.2533011031366294,0.0270102339181286,0.2262908692185008,0.0084811935140882,0.01531100478468895,-0.00682981127060075,0.2262908692185008,-0.00682981127060075,0.23312068048910156
swin,vit,FS,FE,0.11389762403913341,0.0361373165618448,0.0777603074772886,0.00973051279366075,0.0204475308641975,-0.01071701807053675,0.0777603074772886,-0.01071701807053675,0.08847732554782535
swin,vit,FS,FR,0.2980098698968147,0.0693135935397039,0.22869627635711082,0.02086137281292055,0.0275908479138627,-0.006729475100942149,0.22869627635711082,-0.006729475100942149,0.23542575145805297
swin,vit,FS,FS,0.6813399200928969,0.03360551280284985,0.647734407290047,0.0046104036686413,0.00879765395894425,-0.004187250290302949,0.647734407290047,-0.004187250290302949,0.65192165758035
swin,xception,ALL,ALL,0.6148113168409508,0.29985376212490894,0.31495755471604187,0.05723720418271875,0.01183269124931205,0.0454045129334067,0.31495755471604187,0.0454045129334067,0.26955304178263517
swin,xception,ALL,EFS,0.7149884091567662,0.0222797739785569,0.6927086351782094,0.0015384615384615,0.0015384615384615,0.0,0.6927086351782094,0.0,0.6927086351782094
swin,xception,ALL,FE,0.076323557989072,0.030594865229418552,0.04572869275965345,0.00226073850791255,0.00113036925395625,0.0011303692539563002,0.04572869275965345,0.0011303692539563002,0.04459832350569715
swin,xception,ALL,FR,0.37801103189273244,0.0069218280863382,0.37108920380639426,0.0025964786803420498,0.00400246305418715,-0.0014059843738451002,0.37108920380639426,-0.0014059843738451002,0.37249518818023936
swin,xception,ALL,FS,0.9072618314717638,0.11925356434385775,0.7880082671279061,0.0081828442437923,0.00620767494356655,0.0019751693002257502,0.7880082671279061,0.0019751693002257502,0.7860330978276803
swin,xception,EFS,ALL,0.4551211453744494,0.05560685477075135,0.3995142906036981,0.04567969179966975,0.0074298293891029,0.03824986241056685,0.3995142906036981,0.03824986241056685,0.36126442819313126
swin,xception,EFS,EFS,0.48679368299043757,0.026890756302521,0.45990292668791655,0.00307692307692305,0.00307692307692305,0.0,0.45990292668791655,0.0,0.45990292668791655
swin,xception,EFS,FE,0.030654877574815352,0.005941222194279901,0.02471365538053545,0.00113036925395625,0.00037678975131875,0.0007535795026374999,0.02471365538053545,0.0007535795026374999,0.023960075877897953
swin,xception,EFS,FR,0.07606838860689749,0.03659611992945325,0.039472268677444244,0.00123152709359605,0.00475165109413515,-0.0035201240005391004,0.039472268677444244,-0.0035201240005391004,0.04299239267798335
swin,xception,EFS,FS,0.3821956260443845,0.1069071071892742,0.2752885188551103,0.00931151241534985,0.0081828442437923,0.0011286681715575488,0.2752885188551103,0.0011286681715575488,0.27415985068355275
swin,xception,FE,ALL,0.3012114537444934,0.0560816741125253,0.24512977963196808,0.01816180517336265,0.0063291139240506,0.01183269124931205,0.24512977963196808,0.01183269124931205,0.23329708838265603
swin,xception,FE,EFS,0.04956896551724135,0.00504201680672265,0.0445269487105187,0.00246153846153845,0.00276923076923075,-0.00030769230769230006,0.0445269487105187,-0.00030769230769230006,0.044834641018211004
swin,xception,FE,FE,0.1534408506892846,0.02604607233488025,0.12739477835440435,0.00037678975131875,0.00037678975131875,0.0,0.12739477835440435,0.0,0.12739477835440435
swin,xception,FE,FR,0.019849419880227,0.0101410934744268,0.009708326405800199,0.0027709359605911,0.00396143026708805,-0.0011904943064969496,0.009708326405800199,-0.0011904943064969496,0.010898820712297148
swin,xception,FE,FS,0.2145581093098023,0.03101809777882005,0.18354001153098223,0.0087471783295711,0.00733634311512415,0.0014108352144469507,0.18354001153098223,0.0014108352144469507,0.18212917631653527
swin,xception,FR,ALL,0.4845336917544137,0.17072380617777236,0.31380988557664136,0.0462300495321959,0.0082553659878921,0.0379746835443038,0.31380988557664136,0.0379746835443038,0.2758352020323376
swin,xception,FR,EFS,0.2529013329469718,0.00134381338742385,0.25155751955954797,0.0009230769230769,0.00246153846153845,-0.00153846153846155,0.25155751955954797,-0.00153846153846155,0.2530959810980095
swin,xception,FR,FE,0.0380271084337349,0.00217616195331605,0.03585094648041885,0.0082893745290128,0.00037678975131875,0.00791258477769405,0.03585094648041885,0.00791258477769405,0.027938361702724804
swin,xception,FR,FR,0.35464650021027094,0.037037037037037,0.31760946317323396,0.00690682350792825,0.0067733990147783,0.00013342449314994974,0.31760946317323396,0.00013342449314994974,0.317476038680084
swin,xception,FR,FS,0.5004297245267899,0.008337242140853851,0.49209248238593606,0.0138261851015801,0.00635803385223425,0.00746815124934585,0.49209248238593606,0.00746815124934585,0.4846243311365902
swin,xception,FS,ALL,0.43226872246696035,0.0789909781083975,0.35327774435856285,0.04760594386351125,0.00385250412768295,0.043753439735828306,0.35327774435856285,0.043753439735828306,0.30952430462273456
swin,xception,FS,EFS,0.06432193567082,0.00072804984062585,0.06359388583019414,0.0003076923076923,0.00246153846153845,-0.00215384615384615,0.06359388583019414,-0.00215384615384615,0.06574773198404028
swin,xception,FS,FE,0.012899082096888451,0.00245479069980105,0.0104442913970874,0.00150715900527505,0.0007535795026375,0.0007535795026375501,0.0104442913970874,0.0007535795026375501,0.00969071189444985
swin,xception,FS,FR,0.03956599412545185,0.009700176366843,0.029865817758608852,0.00184729064039405,0.00615763546798025,-0.0043103448275862,0.029865817758608852,-0.0043103448275862,0.034176162586195054
swin,xception,FS,FS,0.5126283798970029,0.148295515620572,0.36433286427643097,0.0056433408577878,0.00987584650112865,-0.0042325056433408495,0.36433286427643097,-0.0042325056433408495,0.3685653699197718
vit,deit,ALL,ALL,0.9376948547384932,0.1580334005368542,0.779661454201639,0.2011483436161737,0.04721061302573325,0.15393773059044047,0.779661454201639,0.15393773059044047,0.6257237236111985
vit,deit,ALL,EFS,0.600796704744836,0.10944649854037865,0.4913502062044574,0.11665885974304065,0.0378638584047109,0.07879500133832976,0.4913502062044574,0.07879500133832976,0.4125552048661276
vit,deit,ALL,FE,0.18151643554185926,0.1689432460195172,0.012573189522342043,0.0680033384694401,0.0390973292244478,0.028906009244992294,0.012573189522342043,0.028906009244992294,-0.01633281972265025
vit,deit,ALL,FR,0.7758310340296939,0.07031434765471026,0.7055166863749837,0.18048219682039152,0.0377906976744186,0.1426914991459729,0.7055166863749837,0.1426914991459729,0.5628251872290108
vit,deit,ALL,FS,0.8581182404711816,0.17547838136073426,0.6826398591104473,0.1308470942338219,0.09059059059059055,0.040256503643231356,0.6826398591104473,0.040256503643231356,0.642383355467216
vit,deit,EFS,ALL,0.684676178351179,0.08316403463625605,0.6015121437149229,0.18679813061140998,0.0262970859985785,0.1605010446128315,0.6015121437149229,0.1605010446128315,0.4410110991020914
vit,deit,EFS,EFS,0.6978998019533573,0.1618497907834263,0.536050011169931,0.21392615765524625,0.05674518201284795,0.1571809756423983,0.536050011169931,0.1571809756423983,0.3788690355275327
vit,deit,EFS,FE,0.1182960965588084,0.05436825885978425,0.06392783769902416,0.09291345659989725,0.022046738572162248,0.070866718027735,0.06392783769902416,0.070866718027735,-0.006938880328710845
vit,deit,EFS,FR,0.27128498226251474,0.061852910261463646,0.2094320720010511,0.0883096833530416,0.02277131782945735,0.06553836552358425,0.2094320720010511,0.06553836552358425,0.14389370647746685
vit,deit,EFS,FS,0.34395128512775575,0.1331331331331331,0.21081815199462264,0.06702125466427525,0.04904904904904905,0.0179722056152262,0.21081815199462264,0.0179722056152262,0.19284594637939645
vit,deit,FE,ALL,0.3513525192291072,0.05725198224588745,0.29410053698321975,0.18274321947010497,0.0202027949731391,0.16254042449696587,0.29410053698321975,0.16254042449696587,0.13156011248625388
vit,deit,FE,EFS,0.4049300812518355,0.0714273163801391,0.3335027648716964,0.1476336656852248,0.02783725910064235,0.11979640658458243,0.3335027648716964,0.11979640658458243,0.21370635828711396
vit,deit,FE,FE,0.5908436055469954,0.0618810991268618,0.5289625064201336,0.31129173086800205,0.0301720595788392,0.2811196712891628,0.5289625064201336,0.2811196712891628,0.24784283513097083
vit,deit,FE,FR,0.0403708448298515,0.01598837209302325,0.024382472736828253,0.07579982919458675,0.0251937984496124,0.05060603074497435,0.024382472736828253,0.05060603074497435,-0.026223558008146096
vit,deit,FE,FS,0.1765719118660295,0.0365365365365365,0.140035375329493,0.12892182800649615,0.0305305305305305,0.09839129747596564,0.140035375329493,0.09839129747596564,0.04164407785352736
vit,deit,FR,ALL,0.7934123780888145,0.07299772849519576,0.7204146495936188,0.0544960462843839,0.01883439943141435,0.03566164685296955,0.7204146495936188,0.03566164685296955,0.6847530027406492
vit,deit,FR,EFS,0.2563436423011564,0.0352091287202773,0.2211345135808791,0.03343649625267665,0.01391862955032115,0.019517866702355495,0.2211345135808791,0.019517866702355495,0.2016166468785236
vit,deit,FR,FE,0.0088276836158192,0.0818515665125834,-0.0730238828967642,0.021040061633281898,0.02325629173086795,-0.0022162300975860534,-0.0730238828967642,-0.0022162300975860534,-0.07080765279917815
vit,deit,FR,FR,0.9241098410195767,0.0999605833661805,0.8241492576533962,0.12478485087373535,0.0266472868217054,0.09813756405202995,0.8241492576533962,0.09813756405202995,0.7260116936013663
vit,deit,FR,FS,0.40235231411702,0.06785739138680309,0.3344949227302169,0.05696199632126405,0.04004004004004,0.016921956281224053,0.3344949227302169,0.016921956281224053,0.31757296644899285
vit,deit,FS,ALL,0.581843182325345,0.0429547878961428,0.5388883944292022,0.2266388733478917,0.03192987386439709,0.19470899948349463,0.5388883944292022,0.19470899948349463,0.3441793949457076
vit,deit,FS,EFS,0.23848430310925697,0.0205627135151145,0.21792158959414248,0.09235144539614559,0.02248394004282655,0.06986750535331904,0.21792158959414248,0.06986750535331904,0.14805408424082345
vit,deit,FS,FE,0.08500513610683101,0.04633667180277345,0.03866846430405756,0.04712506420133535,0.0213405238828967,0.025784540318438652,0.03866846430405756,0.025784540318438652,0.012883923985618911
vit,deit,FS,FR,0.24779759558533695,0.01719879122322945,0.2305988043621075,0.08112107476021539,0.0314922480620155,0.049628826698199895,0.2305988043621075,0.049628826698199895,0.1809699776639076
vit,deit,FS,FS,0.831340507811096,0.1225304754716519,0.7088100323394442,0.3034384498915391,0.08835036409407115,0.21508808579746796,0.7088100323394442,0.21508808579746796,0.4937219465419762
vit,efficientnetb4,ALL,ALL,0.44756512138390303,0.08077997285608919,0.36678514852781385,0.01207642189143305,0.02109020768146485,-0.0090137857900318,0.36678514852781385,-0.0090137857900318,0.37579893431784567
vit,efficientnetb4,ALL,EFS,0.4962640627802256,0.106033726436815,0.39023033634341064,0.0048088388535747,0.00161844084808885,0.0031903980054858497,0.39023033634341064,0.0031903980054858497,0.38703993833792477
vit,efficientnetb4,ALL,FE,0.2036426938266472,0.1357462066098524,0.06789648721679481,0.0039440864685096,0.00250207856994385,0.0014420078985657504,0.06789648721679481,0.0014420078985657504,0.06645447931822906
vit,efficientnetb4,ALL,FR,0.2154002407829833,0.2614841053986079,-0.04608386461562458,0.010755365173510001,0.0077415929851538,0.003013772188356201,-0.04608386461562458,0.003013772188356201,-0.049097636803980785
vit,efficientnetb4,ALL,FS,0.15697837782270496,0.0475259568927115,0.10945242092999347,0.0006489292667099,0.0005277044854881,0.0001212247812218,0.10945242092999347,0.0001212247812218,0.10933119614877167
vit,efficientnetb4,EFS,ALL,0.12538981186913314,0.037072167017966395,0.08831764485116675,0.00438819283522945,0.00491841552876075,-0.0005302226935313004,0.08831764485116675,-0.0005302226935313004,0.08884786754469805
vit,efficientnetb4,EFS,EFS,0.4325228906435554,0.0794834881996248,0.3530394024439306,0.007948306902302549,0.00210995535140455,0.005838351550897999,0.3530394024439306,0.005838351550897999,0.3472010508930326
vit,efficientnetb4,EFS,FE,0.09314851382249009,0.03786634795260855,0.05528216586988154,0.0024734982332155,0.00144200789856575,0.0010314903346497501,0.05528216586988154,0.0010314903346497501,0.054250675535231795
vit,efficientnetb4,EFS,FR,0.0692470413912772,0.06103044393753285,0.008216597453744354,0.0027977617905675,0.0011630390344212998,0.0016347227561462003,0.008216597453744354,0.0016347227561462003,0.006581874697598153
vit,efficientnetb4,EFS,FS,0.03196638453894385,0.0144484802796148,0.01751790425932905,0.0,0.0,0.0,0.01751790425932905,0.0,0.01751790425932905
vit,efficientnetb4,FE,ALL,0.038203745161445146,0.0168484261332146,0.021355319028230547,0.00571374956905765,0.0121951219512195,-0.006481372382161851,0.021355319028230547,-0.006481372382161851,0.027836691410392397
vit,efficientnetb4,FE,EFS,0.2308246932968828,0.0444980053997198,0.186326687897163,0.006181522450005699,0.00456308160191685,0.0016184408480888497,0.186326687897163,0.0016184408480888497,0.18470824704907415
vit,efficientnetb4,FE,FE,0.278185408438994,0.061473706090209905,0.21671170234878406,0.01065786738723755,0.00250207856994385,0.0081557888172937,0.21671170234878406,0.0081557888172937,0.20855591353149036
vit,efficientnetb4,FE,FR,0.021796587120547398,0.00948082997017015,0.012315757150377247,0.00359712230215825,0.0039968025579536,-0.00039968025579534966,0.012315757150377247,-0.00039968025579534966,0.012715437406172597
vit,efficientnetb4,FE,FS,0.03681509783092895,0.0167820306342733,0.020033067196655648,0.00026385224274405,0.00026385224274405,0.0,0.020033067196655648,0.0,0.020033067196655648
vit,efficientnetb4,FR,ALL,0.17955980606504937,0.055993916621935896,0.12356588944311347,0.0035928587949325,0.0065090836093546,-0.0029162248144221003,0.12356588944311347,-0.0029162248144221003,0.12648211425753558
vit,efficientnetb4,FR,EFS,0.1352983660273282,0.02287973747861195,0.11241862854871625,0.0009320990498733501,0.0019616117471966,-0.00102951269732325,0.11241862854871625,-0.00102951269732325,0.1134481412460395
vit,efficientnetb4,FR,FE,0.01713261276241945,0.023760652670962352,-0.006628039908542903,0.0007067137809187,0.00212014134275615,-0.0014134275618374501,-0.006628039908542903,-0.0014134275618374501,-0.005214612346705453
vit,efficientnetb4,FR,FR,0.4190141789007818,0.3074217455304049,0.11159243337037689,0.0051958433253397,0.00192639781304725,0.00326944551229245,0.11159243337037689,0.00326944551229245,0.10832298785808443
vit,efficientnetb4,FR,FS,0.02481753075420615,0.0040794298050234,0.02073810094918275,0.0,0.00026385224274405,-0.00026385224274405,0.02073810094918275,-0.00026385224274405,0.021001953191926798
vit,efficientnetb4,FS,ALL,0.13808744528669117,0.04000039275755075,0.09808705252914043,0.0131368672784956,0.0187042055605741,-0.005567338282078499,0.09808705252914043,-0.005567338282078499,0.10365439081121894
vit,efficientnetb4,FS,EFS,0.0999251116055199,0.0086776018264043,0.0912475097791156,0.0037283961994934002,0.00289371079706995,0.0008346854024234504,0.0912475097791156,0.0008346854024234504,0.09041282437669215
vit,efficientnetb4,FS,FE,0.0345042610683849,0.013102785283724749,0.021401475784660152,0.00253065890667215,0.00141342756183745,0.0011172313448347,0.021401475784660152,0.0011172313448347,0.020284244439825454
vit,efficientnetb4,FS,FR,0.047850134526525104,0.046065586555146094,0.0017845479713790094,0.0027977617905675,0.006758562615556399,-0.003960800824988899,0.0017845479713790094,-0.003960800824988899,0.005745348796367908
vit,efficientnetb4,FS,FS,0.2860603776171058,0.09766730630846719,0.18839307130863858,0.001176633752198,0.0005277044854881,0.0006489292667099,0.18839307130863858,0.0006489292667099,0.18774414204192869
vit,resnet34,ALL,ALL,0.7999435819617914,0.42844101396832807,0.3715025679934633,0.18525641025641024,0.07447609883167121,0.11078031142473903,0.3715025679934633,0.11078031142473903,0.2607222565687243
vit,resnet34,ALL,EFS,0.5749741746401977,0.2637669033407031,0.31120727129949466,0.01345840130505705,0.0,0.01345840130505705,0.31120727129949466,0.01345840130505705,0.2977488699944376
vit,resnet34,ALL,FE,0.1579156147563695,0.1555685015442826,0.0023471132120869154,0.0032211882605583,0.0017895490336435,0.0014316392269148,0.0023471132120869154,0.0014316392269148,0.0009154739851721153
vit,resnet34,ALL,FR,0.30105662001205713,0.20076192675906845,0.10029469325298868,0.00239234449760765,0.0015948963317384,0.0007974481658692503,0.10029469325298868,0.0007974481658692503,0.09949724508711942
vit,resnet34,ALL,FS,0.5800699249755111,0.11539190040370209,0.46467802457180907,0.0043424317617866,0.0013821922751899,0.0029602394865967,0.46467802457180907,0.0029602394865967,0.4617177850852124
vit,resnet34,EFS,ALL,0.4696967044083888,0.15270952492120926,0.3169871794871795,0.1967948717948718,0.026516300227445,0.1702785715674268,0.3169871794871795,0.1702785715674268,0.14670860791975274
vit,resnet34,EFS,EFS,0.45399580250260585,0.05668374334500335,0.3973120591576025,0.050163132137031,0.0,0.050163132137031,0.3973120591576025,0.050163132137031,0.3471489270205715
vit,resnet34,EFS,FE,0.0532887994438758,0.015943674894656902,0.0373451245492189,0.0012069787490173,0.0032211882605583,-0.002014209511541,0.0373451245492189,-0.002014209511541,0.0393593340607599
vit,resnet34,EFS,FR,0.03645136255244085,0.0170684242400495,0.01938293831239135,0.00279106858054225,0.0,0.00279106858054225,0.01938293831239135,0.00279106858054225,0.0165918697318491
vit,resnet34,EFS,FS,0.1023629239600915,0.02418878510538615,0.07817413885470535,0.01209677419354835,0.0004516711833785,0.01164510301016985,0.07817413885470535,0.01164510301016985,0.0665290358445355
vit,resnet34,FE,ALL,0.1999518501225633,0.05182337263141505,0.14812847749114827,0.1349358974358974,0.0455436811103983,0.0893922163254991,0.14812847749114827,0.0893922163254991,0.05873626116564917
vit,resnet34,FE,EFS,0.1479956716229544,0.022870050528893952,0.12512562109406045,0.01427406199021205,0.0011241627208009,0.013149899269411151,0.12512562109406045,0.013149899269411151,0.1119757218246493
vit,resnet34,FE,FE,0.2200074916823386,0.024830227114418547,0.19517726456792006,0.00983091750073475,0.00501073729420185,0.0048201802065329005,0.19517726456792006,0.0048201802065329005,0.19035708436138715
vit,resnet34,FE,FR,0.0044527071290745,0.00301464254952625,0.0014380645795482503,0.0011961722488038,0.0011961722488038,0.0,0.0014380645795482503,0.0,0.0014380645795482503
vit,resnet34,FE,FS,0.06319950192884885,0.0090006410816796,0.05419886084716925,0.01643920595533495,0.00214403715583885,0.014295168799496098,0.05419886084716925,0.014295168799496098,0.039903692047673155
vit,resnet34,FR,ALL,0.6312040387533558,0.16949145947628488,0.461712579277071,0.11538461538461535,0.02916666666666665,0.0862179487179487,0.461712579277071,0.0862179487179487,0.3754946305591223
vit,resnet34,FR,EFS,0.18428906640740028,0.0762642740619902,0.10802479234541008,0.00163132137030995,0.0,0.00163132137030995,0.10802479234541008,0.00163132137030995,0.10639347097510013
vit,resnet34,FR,FE,0.021843725470527448,0.03700035283859695,-0.0151566273680695,0.0,0.0028632784538296,-0.0028632784538296,-0.0151566273680695,-0.0028632784538296,-0.012293348914239902
vit,resnet34,FR,FR,0.5000897071833801,0.0552183802800926,0.44487132690328746,0.001993620414673,0.0,0.001993620414673,0.44487132690328746,0.001993620414673,0.44287770648861446
vit,resnet34,FR,FS,0.05776431730404975,0.0208959564781752,0.03686836082587455,0.0,0.00031017369727045,-0.00031017369727045,0.03686836082587455,-0.00031017369727045,0.037178534523145
vit,resnet34,FS,ALL,0.420650947433952,0.1417814481926773,0.2788694992412747,0.18108974358974356,0.07377651095429714,0.10731323263544641,0.2788694992412747,0.10731323263544641,0.1715562666058283
vit,resnet34,FS,EFS,0.0814877744382692,0.00774877650897225,0.07373899792929695,0.0093800978792822,0.00040783034257745,0.00897226753670475,0.07373899792929695,0.00897226753670475,0.0647667303925922
vit,resnet34,FS,FE,0.028089249225403498,0.0083534362480981,0.019735812977305398,0.0014316392269148,0.0025053686471009,-0.0010737294201861002,0.019735812977305398,-0.0010737294201861002,0.0208095423974915
vit,resnet34,FS,FR,0.0227062285656543,0.00079808459696725,0.02190814396868705,0.00239234449760765,0.00279106858054225,-0.00039872408293459977,0.02190814396868705,-0.00039872408293459977,0.02230686805162165
vit,resnet34,FS,FS,0.5107036543897283,0.1255909271251521,0.38511272726457624,0.01331029025757585,0.00124069478908185,0.012069595468494,0.38511272726457624,0.012069595468494,0.37304313179608223
vit,swin,ALL,ALL,0.8364529430118198,0.11707321930607785,0.719379723705742,0.00761394150820015,0.0047322113166462995,0.002881730191553851,0.719379723705742,0.002881730191553851,0.7164979935141882
vit,swin,ALL,EFS,0.6877718290419454,0.16143895683192522,0.5263328722100202,0.008908713339908801,0.00170794192997435,0.007200771409934451,0.5263328722100202,0.007200771409934451,0.5191321008000858
vit,swin,ALL,FE,0.31512891146595684,0.213256412357254,0.10187249910870283,0.17063081695966906,0.1390899689762151,0.03154084798345397,0.10187249910870283,0.03154084798345397,0.07033165112524886
vit,swin,ALL,FR,0.6987133502556745,0.08809734024942055,0.610616010006254,0.02575138873560675,0.01016260162601625,0.0155887871095905,0.610616010006254,0.0155887871095905,0.5950272228966634
vit,swin,ALL,FS,0.8329553686730291,0.14626613661622634,0.6866892320568028,0.020857237348307897,0.02292366913693565,-0.002066431788627754,0.6866892320568028,-0.002066431788627754,0.6887556638454305
vit,swin,EFS,ALL,0.454587077169212,0.049165333435123554,0.40542174373408846,0.0055945936077909,0.0025906735751295,0.0030039200326614003,0.40542174373408846,0.0030039200326614003,0.40241782370142704
vit,swin,EFS,EFS,0.7229485001937979,0.0839264387520049,0.639022061441793,0.02747486142666715,0.0051238257899231,0.022351035636744048,0.639022061441793,0.022351035636744048,0.616671025805049
vit,swin,EFS,FE,0.24567250309462804,0.1259386300374898,0.11973387305713823,0.12828645073285663,0.1184074457083764,0.009879005024480234,0.11973387305713823,0.009879005024480234,0.109854868032658
vit,swin,EFS,FR,0.18042986425339363,0.05284552845528455,0.12758433579810907,0.0017704079755729001,0.0086382113821138,-0.0068678034065409,0.12758433579810907,-0.0068678034065409,0.13445213920464996
vit,swin,EFS,FS,0.21939892370063396,0.05425761441305235,0.1651413092875816,0.015742340591154702,0.0117118424427316,0.004030498148423102,0.1651413092875816,0.004030498148423102,0.1611108111391585
vit,swin,FE,ALL,0.21880964274926726,0.018885695034072048,0.1999239477151952,0.00819605474104875,0.0038015769750358503,0.0043944777660129,0.1999239477151952,0.0043944777660129,0.1955294699491823
vit,swin,FE,EFS,0.20934483725708306,0.02855540254804765,0.1807894347090354,0.018344619825361348,0.0046968403074295,0.013647779517931849,0.1807894347090354,0.013647779517931849,0.16714165519110358
vit,swin,FE,FE,0.553547584197135,0.16303375414370141,0.3905138300534336,0.23663939998538489,0.12254395036194415,0.11409544962344073,0.3905138300534336,0.11409544962344073,0.2764183804299929
vit,swin,FE,FR,0.06602702056432325,0.01778455284552845,0.0482424677187948,0.0054583747194937495,0.00609756097560975,-0.0006391862561160007,0.0482424677187948,-0.0006391862561160007,0.0488816539749108
vit,swin,FE,FS,0.1456575685173436,0.01799550492028995,0.12766206359705365,0.0414073784101186,0.0108563599303465,0.0305510184797721,0.12766206359705365,0.0305510184797721,0.09711104511728155
vit,swin,FR,ALL,0.5539823930455102,0.040922809212906544,0.5130595838326036,0.0016708267916474002,0.00139055773335145,0.0002802690582959502,0.5130595838326036,0.0002802690582959502,0.5127793147743077
vit,swin,FR,EFS,0.2881216105073091,0.060026280877667856,0.22809532962964124,0.00298889837745515,0.00256191289496155,0.0004269854824935997,0.22809532962964124,0.0004269854824935997,0.22766834414714765
vit,swin,FR,FE,0.2032605975787718,0.14492381346755565,0.05833678411121615,0.06463288521199585,0.0822130299896587,-0.017580144777662843,0.05833678411121615,-0.017580144777662843,0.07591692888887899
vit,swin,FR,FR,0.8114009675164624,0.07881304491777945,0.732587922598683,0.01052358091454215,0.0127032520325203,-0.002179671117978151,0.732587922598683,-0.002179671117978151,0.7347675937166611
vit,swin,FR,FS,0.21080191502094547,0.05596295496371084,0.15483896005723463,0.0089766606822262,0.0051148967571532,0.003861763925073,0.15483896005723463,0.003861763925073,0.15097719613216162
vit,swin,FS,ALL,0.44624787982992165,0.021271612457804,0.42497626737211763,0.0094967853076777,0.00279190302483125,0.00670488228284645,0.42497626737211763,0.00670488228284645,0.4182713850892712
vit,swin,FS,EFS,0.13910777365672886,0.00533999703788665,0.1337677766188422,0.006346800444947199,0.00085397096498715,0.005492829479960049,0.1337677766188422,0.005492829479960049,0.12827494713888216
vit,swin,FS,FE,0.3280006820360991,0.0961920020195354,0.2318086800165637,0.17581971660071435,0.10496380558428126,0.0708559110164331,0.2318086800165637,0.0708559110164331,0.1609527690001306
vit,swin,FS,FR,0.2357240738696979,0.0175224404958981,0.2182016333737998,0.009769433101570801,0.009015285288599451,0.0007541478129713501,0.2182016333737998,0.0007541478129713501,0.21744748556082846
vit,swin,FS,FS,0.9116726961029145,0.13981936438942955,0.7718533317134849,0.07354281124714834,0.024218985524853402,0.04932382572229494,0.7718533317134849,0.04932382572229494,0.7225295059911899
vit,vit,ALL,EFS,0.8966125066454014,0.12414938862307279,0.7724631180223286,0.4605080409356725,0.03684210526315785,0.42366593567251465,0.7724631180223286,0.42366593567251465,0.34879718234981394
vit,vit,ALL,FE,0.37800197996738877,0.17090903796878634,0.20709294199860243,0.14780379853620504,0.0385802469135802,0.10922355162262484,0.20709294199860243,0.10922355162262484,0.09786939037597758
vit,vit,ALL,FR,0.8770593689247794,0.14502766561985939,0.7320317033049201,0.8133439460399994,0.07738896366083445,0.7359549823791649,0.7320317033049201,0.7359549823791649,-0.003923279074244834
vit,vit,ALL,FS,0.939905085713161,0.0782432738294396,0.8616618118837214,0.7170584935739731,0.0291584660197996,0.6879000275541736,0.8616618118837214,0.6879000275541736,0.1737617843295478
vit,vit,EFS,ALL,0.41669302596888486,0.01951868867716075,0.39717433729172413,0.448039072250643,0.0037017451084082,0.4443373271422348,0.39717433729172413,0.4443373271422348,-0.04716298985051065
vit,vit,EFS,FE,0.44907989750757044,0.07798014209177731,0.3710997554157931,0.7215742486124201,0.02893518518518515,0.692639063427235,0.3710997554157931,0.692639063427235,-0.3215393080114419
vit,vit,EFS,FR,0.37928099297143714,0.1505117391954538,0.22876925377598334,0.4710829618288886,0.0753701211305518,0.3957128406983368,0.22876925377598334,0.3957128406983368,-0.16694358692235345
vit,vit,EFS,FS,0.3996012025428566,0.0357771260997067,0.3638240764431499,0.5210344131945128,0.01407624633431085,0.506958166860202,0.3638240764431499,0.506958166860202,-0.1431340904170521
vit,vit,FE,ALL,0.18658272012196928,0.0115931889197753,0.174989531202194,0.2660584002260225,0.00396615547329455,0.26209224475272797,0.174989531202194,0.26209224475272797,-0.08710271355053398
vit,vit,FE,EFS,0.7726774322169059,0.12025684476342366,0.6524205874534822,0.7135898458266878,0.02583732057416265,0.6877525252525252,0.6524205874534822,0.6877525252525252,-0.03533193779904298
vit,vit,FE,FR,0.1870542844324809,0.0874831763122476,0.0995711081202333,0.31193117424862155,0.0706594885598923,0.24127168568872925,0.0995711081202333,0.24127168568872925,-0.14170057756849597
vit,vit,FE,FS,0.21563453325198284,0.011563158101911051,0.2040713751500718,0.5344055679111968,0.0102639296187683,0.5241416382924284,0.2040713751500718,0.5241416382924284,-0.32007026314235665
vit,vit,FR,ALL,0.6928975098564719,0.01806041306865595,0.674837096787816,0.2548305634951317,0.0036949339192045,0.2511356295759272,0.674837096787816,0.2511356295759272,0.4237014672118888
vit,vit,FR,EFS,0.691563662945242,0.05686636097820305,0.6346973019670389,0.22733087453482184,0.01339712918660285,0.213933745348219,0.6346973019670389,0.213933745348219,0.4207635566188199
vit,vit,FR,FE,0.03973765432098765,0.0706586303284416,-0.030920976007453943,0.04469636145727875,0.02353395061728395,0.021162410839994795,-0.030920976007453943,0.021162410839994795,-0.05208338684744874
vit,vit,FR,FS,0.4386976224684603,0.02740631581019105,0.41129130665826924,0.30338817925957995,0.012569131453088949,0.290819047806491,0.41129130665826924,0.290819047806491,0.12047225885177826
vit,vit,FS,ALL,0.41786836477786937,0.00892865170330125,0.4089397130745681,0.34899974962068486,0.0018440613650004,0.34715568825568444,0.4089397130745681,0.34715568825568444,0.061784024818883676
vit,vit,FS,EFS,0.46131379585326954,0.02430887825624665,0.43700491759702287,0.5123205741626794,0.0129186602870813,0.4994019138755981,0.43700491759702287,0.4994019138755981,-0.062396996278575256
vit,vit,FS,FE,0.21755474027486607,0.0467723619846261,0.17078237829023996,0.2468804906854702,0.02623456790123455,0.22064592278423564,0.17078237829023996,0.22064592278423564,-0.04986354449399569
vit,vit,FS,FR,0.4182617018094811,0.05248990578734855,0.3657717960221325,0.595564517573663,0.06191117092866755,0.5336533466449955,0.3657717960221325,0.5336533466449955,-0.16788155062286303
vit,xception,ALL,ALL,0.5868536947102857,0.3009361233480176,0.2859175713622681,0.11392405063291135,0.02586681342872865,0.0880572372041827,0.2859175713622681,0.0880572372041827,0.1978603341580854
vit,xception,ALL,EFS,0.38897058823529407,0.13457331208345405,0.25439727615184005,0.0003076923076923,0.0003076923076923,0.0,0.25439727615184005,0.0,0.25439727615184005
vit,xception,ALL,FE,0.1042743078576164,0.0814231784824306,0.02285112937518581,0.0,0.00037678975131875,-0.00037678975131875,0.02285112937518581,-0.00037678975131875,0.02322791912650456
vit,xception,ALL,FR,0.16769764659475073,0.154118051684287,0.013579594910463733,0.000615763546798,0.00105706981334695,-0.00044130626654895005,0.013579594910463733,-0.00044130626654895005,0.014020901177012683
vit,xception,ALL,FS,0.58416908524132,0.3497950319056413,0.23437405333567873,0.00112866817155755,0.0047968397291196,-0.0036681715575620504,0.23437405333567873,-0.0036681715575620504,0.23804222489324078
vit,xception,EFS,ALL,0.4017070484581498,0.0435970044571437,0.3581100440010061,0.116400660429279,0.0110071546505228,0.1053935057787562,0.3581100440010061,0.1053935057787562,0.25271653822224993
vit,xception,EFS,EFS,0.2355042016806722,0.01554621848739495,0.21995798319327725,0.0046153846153846,0.00276923076923075,0.0018461538461538502,0.21995798319327725,0.0018461538461538502,0.2181118293471234
vit,xception,EFS,FE,0.033380438261585196,0.0145029834708854,0.018877454790699796,0.00226073850791255,0.00037678975131875,0.0018839487565938,0.018877454790699796,0.0018839487565938,0.016993506034105994
vit,xception,EFS,FR,0.07002839473572675,0.00916879382683445,0.0608596009088923,0.00153940886699505,0.005059532867534151,-0.003520124000539101,0.0608596009088923,-0.003520124000539101,0.0643797249094314
vit,xception,EFS,FS,0.22097539405665814,0.045338747031749255,0.1756366470249089,0.0076185101580135,0.00959367945823925,-0.0019751693002257494,0.1756366470249089,-0.0019751693002257494,0.17761181632513465
vit,xception,FE,ALL,0.2034881233583891,0.0118771277740469,0.1916109955843422,0.0938359933957072,0.0170610897083104,0.0767749036873968,0.1916109955843422,0.0767749036873968,0.1148360918969454
vit,xception,FE,EFS,0.029875398435236098,0.00661040278180235,0.023264995653433748,0.00369230769230765,0.0018461538461538,0.0018461538461538502,0.023264995653433748,0.0018461538461538502,0.021418841807279897
vit,xception,FE,FE,0.1817288127843442,0.03878726480876065,0.14294154797558353,0.00886135138110955,0.00179993965644205,0.0070614117246675,0.14294154797558353,0.0070614117246675,0.13588013625091602
vit,xception,FE,FR,0.0175600739371534,0.0033944912256680003,0.014165582711485398,0.0021551724137931,0.002288596906943,-0.00013342449314989987,0.014165582711485398,-0.00013342449314989987,0.014299007204635297
vit,xception,FE,FS,0.11629142114469425,0.040201841048342145,0.07608958009635211,0.01015801354401805,0.007787419841127199,0.0023705937028908504,0.07608958009635211,0.0023705937028908504,0.07371898639346126
vit,xception,FR,ALL,0.48238792967099065,0.1921806167400881,0.2902073129309025,0.0451293340671436,0.0085305448541552,0.036598789212988404,0.2902073129309025,0.036598789212988404,0.2536085237179141
vit,xception,FR,EFS,0.0827622428281657,0.0187807881773399,0.0639814546508258,0.0009230769230769,0.00215384615384615,-0.00123076923076925,0.0639814546508258,-0.00123076923076925,0.06521222388159505
vit,xception,FR,FE,0.0050074586772135,0.01694277108433735,-0.011935312407123849,0.00113036925395625,0.00037678975131875,0.0007535795026374999,-0.011935312407123849,0.0007535795026374999,-0.012688891909761349
vit,xception,FR,FR,0.33040746934770343,0.09021522622878135,0.24019224311892207,0.0049261083743842,0.0067733990147783,-0.0018472906403941003,0.24019224311892207,-0.0018472906403941003,0.24203953375931617
vit,xception,FR,FS,0.2225367183606461,0.10728137550936641,0.11525534285127968,0.00366817155756205,0.0081828442437923,-0.0045146726862302505,0.11525534285127968,-0.0045146726862302505,0.11977001553750993
vit,xception,FS,ALL,0.3345264317180617,0.07146225558957975,0.26306417612848193,0.0935608145294441,0.02944413869014855,0.06411667583929556,0.26306417612848193,0.06411667583929556,0.19894750028918637
vit,xception,FS,EFS,0.03456968994494345,0.00084033613445375,0.0337293538104897,0.00246153846153845,0.0006153846153846,0.0018461538461538498,0.0337293538104897,0.0018461538461538498,0.03188319996433585
vit,xception,FS,FE,0.01453298964358375,0.01018066573695155,0.0043523239066322,0.0007535795026375,0.00037678975131875,0.00037678975131875,0.0043523239066322,0.00037678975131875,0.00397553415531345
vit,xception,FS,FR,0.0316099260954467,0.00634236031648225,0.025267565778964454,0.0049261083743842,0.002729903173492,0.0021962052008922,0.025267565778964454,0.0021962052008922,0.023071360578072256
vit,xception,FS,FS,0.4672757077384617,0.1397193476200248,0.3275563601184369,0.00987584650112865,0.0080695868840166,0.00180625961711205,0.3275563601184369,0.00180625961711205,0.32575010050132486
xception,deit,ALL,ALL,0.2678163499329899,0.32711475033440524,-0.05929840040141532,0.03785829876356685,0.0249267567843972,0.012931541979169646,-0.05929840040141532,0.012931541979169646,-0.07222994238058497
xception,deit,ALL,EFS,0.15239551094276726,0.064132974891501,0.08826253605126627,0.00827589668094215,0.00944777168094215,-0.001171875000000001,0.08826253605126627,-0.001171875000000001,0.08943441105126627
xception,deit,ALL,FE,0.0810156651258346,0.0431625577812018,0.03785310734463279,0.02587827426810475,0.0059540318438623,0.01992424242424245,0.03785310734463279,0.01992424242424245,0.017928864920390343
xception,deit,ALL,FR,0.14921495204309548,0.1764452765733806,-0.02723032453028512,0.07379615030876355,0.01493726185783725,0.058858888450926294,-0.02723032453028512,0.058858888450926294,-0.08608921298121142
xception,deit,ALL,FS,0.2753284223872459,0.1668146374028727,0.10851378498437322,0.0339149217867753,0.0237857995295066,0.010129122257268697,0.10851378498437322,0.010129122257268697,0.09838466272710453
xception,deit,EFS,ALL,0.40706436704215504,0.23798882177136096,0.16907554527079408,0.0609476370092876,0.05213352824751695,0.008814108761770648,0.16907554527079408,0.008814108761770648,0.1602614365090234
xception,deit,EFS,EFS,0.3163211518332492,0.08376946266356415,0.23255168916968505,0.06541170369379015,0.0106631423982869,0.05474856129550325,0.23255168916968505,0.05474856129550325,0.1778031278741818
xception,deit,EFS,FE,0.09807010785824345,0.06255778120184895,0.035512326656394505,0.0378839239856189,0.017313816127375398,0.0205701078582435,0.035512326656394505,0.0205701078582435,0.014942218798151004
xception,deit,EFS,FR,0.2542569964525029,0.0641784916568125,0.19007850479569038,0.061286296150308756,0.021799040861910347,0.03948725528839841,0.19007850479569038,0.03948725528839841,0.15059124950729197
xception,deit,EFS,FS,0.3439891381067851,0.10039145333262975,0.24359768477415536,0.08808808808808805,0.0186628275873127,0.06942526050077535,0.24359768477415536,0.06942526050077535,0.17417242427338
xception,deit,FE,ALL,0.21569427944539676,0.10976682571069975,0.10592745373469702,0.02958540343712425,0.03031504251071465,-0.0007296390735904018,0.10592745373469702,-0.0007296390735904018,0.10665709280828742
xception,deit,FE,EFS,0.1395802114003579,0.0284557131059687,0.1111244982943892,0.0429277636509636,0.008131189775160549,0.03479657387580305,0.1111244982943892,0.03479657387580305,0.07632792441858614
xception,deit,FE,FE,0.22148176682074985,0.05884565998972775,0.1626361068310221,0.052162300975860255,0.01731766820749865,0.034844632768361604,0.1626361068310221,0.034844632768361604,0.12779147406266048
xception,deit,FE,FR,0.11611154907370905,0.0241394034949415,0.09197214557876754,0.00839574300354745,0.01816449875180655,-0.0097687557482591,0.09197214557876754,-0.0097687557482591,0.10174090132702664
xception,deit,FE,FS,0.249394161158867,0.0839403192344368,0.1654538419244302,0.042042042042042,0.0137769348295664,0.028265107212475597,0.1654538419244302,0.028265107212475597,0.13718873471195459
xception,deit,FR,ALL,0.202710198037554,0.23941867019581892,-0.03670847215826492,0.0161923582983338,0.0495720568001244,-0.0333796985017906,-0.03670847215826492,-0.0333796985017906,-0.0033287736564743195
xception,deit,FR,EFS,0.0421445263572721,0.04175169619795625,0.00039283015931584897,0.0030672845289079,0.00467328024625265,-0.0016059957173447503,0.00039283015931584897,-0.0016059957173447503,0.0019988258766605992
xception,deit,FR,FE,0.0400025680534155,0.02362480739599375,0.016377760657421754,0.0121070878274268,0.005398048279404199,0.0067090395480226,0.016377760657421754,0.0067090395480226,0.009668721109399155
xception,deit,FR,FR,0.41078044934962554,0.2421462357114702,0.16863421363815534,0.0309962554197871,0.0594879122322953,-0.028491656812508197,0.16863421363815534,-0.028491656812508197,0.19712587045066354
xception,deit,FR,FS,0.18614680379386256,0.0559906736377324,0.13015613015613015,0.0199009077727613,0.0137757895194966,0.006125118253264698,0.13015613015613015,0.006125118253264698,0.12403101190286545
xception,deit,FS,ALL,0.28049924089688966,0.1549124999838763,0.12558674091301336,0.050875137183318105,0.09148526670499631,-0.0406101295216782,0.12558674091301336,-0.0406101295216782,0.16619687043469156
xception,deit,FS,EFS,0.057441056650376104,0.02286447233998755,0.034576584310388556,0.012847965738758,0.0131515993040685,-0.00030363356531049913,0.034576584310388556,-0.00030363356531049913,0.03488021787569905
xception,deit,FS,FE,0.09261556240369799,0.02346687211093985,0.06914869029275814,0.030570107858243403,0.008985618900873099,0.021584488957370303,0.06914869029275814,0.021584488957370303,0.04756420133538783
xception,deit,FS,FR,0.2080738404940218,0.02502956247536455,0.18304427801865725,0.07162166600972275,0.03051504401524105,0.0411066219944817,0.18304427801865725,0.0411066219944817,0.14193765602417555
xception,deit,FS,FS,0.44405062052120875,0.167736491265903,0.27631412925530574,0.15503604290789644,0.0757267565047885,0.07930928640310794,0.27631412925530574,0.07930928640310794,0.1970048428521978
xception,efficientnetb4,ALL,ALL,0.6206917769660788,0.3121113336737232,0.3085804432923556,0.06592631868347665,0.024152843782866147,0.0417734749006105,0.3085804432923556,0.0417734749006105,0.2668069683917451
xception,efficientnetb4,ALL,EFS,0.2078577072033426,0.21316411949182526,-0.005306412288482665,0.00961767770714945,0.00220736899885445,0.007410308708295,-0.005306412288482665,0.007410308708295,-0.012716720996777665
xception,efficientnetb4,ALL,FE,0.09696788609436699,0.0622479733943047,0.03471991270006229,0.0058537726044481,0.00532893369361875,0.00052483891082935,0.03471991270006229,0.00052483891082935,0.03419507378923294
xception,efficientnetb4,ALL,FR,0.5784006940788832,0.1314113343471564,0.44698935973172677,0.34649227183138986,0.00465215613768525,0.3418401156937046,0.44698935973172677,0.3418401156937046,0.10514924403802217
xception,efficientnetb4,ALL,FS,0.3574212726587397,0.036712298255833845,0.32070897440290586,0.0061648280337443,0.00026385224274405,0.00590097579100025,0.32070897440290586,0.00590097579100025,0.3148079986119056
xception,efficientnetb4,EFS,ALL,0.37476423637022194,0.10409777044630344,0.2706664659239185,0.0621556279975038,0.01646461472666255,0.045691013270841255,0.2706664659239185,0.045691013270841255,0.22497545265307728
xception,efficientnetb4,EFS,EFS,0.5744097388842841,0.2440876945522934,0.33032204433199075,0.0892114991758239,0.013828695877826251,0.07538280329799765,0.33032204433199075,0.07538280329799765,0.2549392410339931
xception,efficientnetb4,EFS,FE,0.13069528164622735,0.04522968197879855,0.0854655996674288,0.03051080856370815,0.00426886302224065,0.0262419455414675,0.0854655996674288,0.0262419455414675,0.0592236541259613
xception,efficientnetb4,EFS,FR,0.1867920297908015,0.01700042405100305,0.16979160573979846,0.0838181363306301,0.00192639781304725,0.08189173851758284,0.16979160573979846,0.08189173851758284,0.08789986722221561
xception,efficientnetb4,EFS,FS,0.1059084055785902,0.005459514100675,0.1004488914779152,0.010261643486137,0.0,0.010261643486137,0.1004488914779152,0.010261643486137,0.09018724799177821
xception,efficientnetb4,FE,ALL,0.06467145830878596,0.0207063962749128,0.043965062033873153,0.0259693474551492,0.0069206062430994504,0.01904874121204975,0.043965062033873153,0.01904874121204975,0.024916320821823403
xception,efficientnetb4,FE,EFS,0.055434376923710754,0.0269501277222779,0.028484249201432853,0.08549199550846286,0.0054442506950322,0.08004774481343066,0.028484249201432853,0.08004774481343066,-0.05156349561199781
xception,efficientnetb4,FE,FE,0.460016108917065,0.05553419247557675,0.4044819164414883,0.2908438993972147,0.01666493452504675,0.274178964872168,0.4044819164414883,0.274178964872168,0.1303029515693203
xception,efficientnetb4,FE,FR,0.053222665769823096,0.0050100163771421005,0.048212649392680995,0.0341998157199431,0.0035611205691934503,0.03063869515074965,0.048212649392680995,0.03063869515074965,0.017573954241931346
xception,efficientnetb4,FE,FS,0.1059889319124147,0.00472878045437405,0.10126015145804064,0.1533505467956763,0.00316622691292875,0.15018431988274755,0.10126015145804064,0.15018431988274755,-0.04892416842470691
xception,efficientnetb4,FR,ALL,0.578929866593352,0.2703780073227463,0.3085518592706057,0.2820745453831349,0.07045634063425976,0.21161820474887516,0.3085518592706057,0.21161820474887516,0.09693365452173053
xception,efficientnetb4,FR,EFS,0.02950699685420265,0.16328941819715276,-0.1337824213429501,0.00460956529260875,0.03456729342849955,-0.029957728135890798,-0.1337824213429501,-0.029957728135890798,-0.1038246932070593
xception,efficientnetb4,FR,FE,0.029089586364581102,0.0162544169611307,0.012835169403450402,0.0200348160465599,0.00571087092080645,0.014323945125753449,0.012835169403450402,0.014323945125753449,-0.0014887757223030467
xception,efficientnetb4,FR,FR,0.8235076572888032,0.1802746826928701,0.6432329745959331,0.5972406807378524,0.0606793954149657,0.5365612853228867,0.6432329745959331,0.5365612853228867,0.10667168927304638
xception,efficientnetb4,FR,FS,0.052539149504848705,0.002496316348559,0.050042833156289705,0.008578707928751251,0.0005277044854881,0.008051003443263151,0.050042833156289705,0.008051003443263151,0.041991829713026556
xception,efficientnetb4,FS,ALL,0.24937224251469564,0.03494342109282605,0.2144288214218696,0.2710821343318103,0.04668730825794565,0.22439482607386463,0.2144288214218696,0.22439482607386463,-0.009966004651995042
xception,efficientnetb4,FS,EFS,0.0603118168554629,0.044141740222096146,0.016170076633366753,0.0098080587359831,0.02113269840653905,-0.01132463967055595,0.016170076633366753,-0.01132463967055595,0.027494716303922702
xception,efficientnetb4,FS,FE,0.0523539804614425,0.00744907503637495,0.044904905425067546,0.0067709415921845505,0.0060356474745375,0.0007352941176470501,0.044904905425067546,0.0007352941176470501,0.044169611307420496
xception,efficientnetb4,FS,FR,0.17460543760113856,0.00878382659725875,0.16582161100387982,0.326263569297234,0.00595920210396565,0.3203043671932683,0.16582161100387982,0.3203043671932683,-0.1544827561893885
xception,efficientnetb4,FS,FS,0.24136055237638349,0.022443717232635402,0.21891683514374807,0.29922419564446895,0.0026385224274406,0.29658567321702833,0.21891683514374807,0.29658567321702833,-0.07766883807328026
xception,resnet34,ALL,ALL,0.7099363837982957,0.46464485817672463,0.24529152562157108,0.28529188779378317,0.09487179487179485,0.1904200929219883,0.24529152562157108,0.1904200929219883,0.05487143269958278
xception,resnet34,ALL,EFS,0.14280372259123003,0.2601957585644372,-0.11739203597320719,0.03711256117455135,0.0020391517128874,0.03507340946166395,-0.11739203597320719,0.03507340946166395,-0.15246544543487114
xception,resnet34,ALL,FE,0.20544360509855275,0.0211475180996379,0.18429608699891487,0.04724409448818895,0.0010737294201861,0.04617036506800285,0.18429608699891487,0.04617036506800285,0.13812572193091202
xception,resnet34,ALL,FR,0.4624556533741931,0.20161122350286953,0.26084442987132356,0.06467366442886635,0.0015948963317384,0.06307876809712795,0.26084442987132356,0.06307876809712795,0.1977656617741956
xception,resnet34,ALL,FS,0.37863298297995385,0.21885794436935269,0.15977503861060116,0.0150082600908722,0.00169236597246035,0.01331589411841185,0.15977503861060116,0.01331589411841185,0.1464591444921893
xception,resnet34,EFS,ALL,0.7039998443640325,0.44581339247500096,0.25818645188903155,0.23604201901207206,0.09615384615384615,0.1398881728582259,0.25818645188903155,0.1398881728582259,0.11829827903080564
xception,resnet34,EFS,EFS,0.8352248559155265,0.3841761827079935,0.45104867320753306,0.34768529987800145,0.02487765089722675,0.3228076489807747,0.45104867320753306,0.3228076489807747,0.12824102422675837
xception,resnet34,EFS,FE,0.21898825812072406,0.10594382220301754,0.11304443591770652,0.1262507506261663,0.0016981378845772,0.1245526127415891,0.11304443591770652,0.1245526127415891,-0.011508176823882582
xception,resnet34,EFS,FR,0.33988676959964476,0.08981613808169604,0.2500706315179487,0.07172912313671186,0.0011961722488038,0.07053295088790805,0.2500706315179487,0.07053295088790805,0.17953768063004066
xception,resnet34,EFS,FS,0.1150713595638851,0.18731773442631033,-0.07224637486242523,0.0243574613165486,0.0065136476426799,0.0178438136738687,-0.07224637486242523,0.0178438136738687,-0.09009018853629393
xception,resnet34,FE,ALL,0.2887266059686393,0.1877353994008015,0.1009912065678378,0.10314170603215331,0.0179487179487179,0.08519298808343541,0.1009912065678378,0.08519298808343541,0.015798218484402396
xception,resnet34,FE,EFS,0.13172920065252855,0.1398858075040783,-0.008156606851549758,0.03369333027947475,0.00489396411092985,0.0287993661685449,-0.008156606851549758,0.0287993661685449,-0.03695597302009466
xception,resnet34,FE,FE,0.4998144616124934,0.0682220091317154,0.431592452480778,0.23706180659369708,0.00549416164022535,0.23156764495347174,0.431592452480778,0.23156764495347174,0.20002480752730625
xception,resnet34,FE,FR,0.05578446354073215,0.00558659217877095,0.0501978713619612,0.00464147801969095,0.0,0.00464147801969095,0.0501978713619612,0.00464147801969095,0.045556393342270254
xception,resnet34,FE,FS,0.043332414300156205,0.10960563389752999,-0.06627321959737378,0.0248690938108719,0.00806451612903225,0.01680457768183965,-0.06627321959737378,0.01680457768183965,-0.08307779727921344
xception,resnet34,FR,ALL,0.6444442823236449,0.4493652970701529,0.19507898525349204,0.2636036916078614,0.1996794871794872,0.06392420442837421,0.19507898525349204,0.06392420442837421,0.13115478082511783
xception,resnet34,FR,EFS,0.07555845879861825,0.2035073409461664,-0.12794888214754815,0.0225405142635448,0.00122349102773245,0.021317023235812353,-0.12794888214754815,0.021317023235812353,-0.14926590538336051
xception,resnet34,FR,FE,0.1058322887299985,0.0058940880946084,0.0999382006353901,0.13542315627228144,0.0007158196134574,0.13470733665882403,0.0999382006353901,0.13470733665882403,-0.03476913602343393
xception,resnet34,FR,FR,0.6582077260913171,0.3082187590437558,0.3499889670475613,0.27531743382416574,0.09449760765550234,0.18081982616866338,0.3499889670475613,0.18081982616866338,0.1691691408788979
xception,resnet34,FR,FS,0.0805493352700276,0.12700253966973085,-0.046453204399703255,0.014507835318220799,0.0049627791563275,0.009545056161893299,-0.046453204399703255,0.009545056161893299,-0.055998260561596555
xception,resnet34,FS,ALL,0.501476109878993,0.3621658690323334,0.13931024084665966,0.36756526894889285,0.20544871794871794,0.1621165510001749,0.13931024084665966,0.1621165510001749,-0.022806310153515252
xception,resnet34,FS,EFS,0.1119546875949461,0.26753670473083196,-0.15558201713588588,0.04425485072708315,0.0122349102773246,0.03201994044975855,-0.15558201713588588,0.03201994044975855,-0.1876019575856444
xception,resnet34,FS,FE,0.03500713042612095,0.00789923546960845,0.027107894956512498,0.0693849295360673,0.0012069787490173,0.06817795078705,0.027107894956512498,0.06817795078705,-0.041070055830537494
xception,resnet34,FS,FR,0.0823862523225911,0.002425874713779,0.0799603776088121,0.11487477797147315,0.00358851674641145,0.1112862612250617,0.0799603776088121,0.1112862612250617,-0.031325883616249606
xception,resnet34,FS,FS,0.4529379361204695,0.2566391741254054,0.19629876199506413,0.37250319980453733,0.0790942928039702,0.2934089070005671,0.19629876199506413,0.2934089070005671,-0.09711014500550297
xception,swin,ALL,ALL,0.3474566672088105,0.23343176288615305,0.11402490432265747,0.00195109584994335,0.0,0.00195109584994335,0.11402490432265747,0.00195109584994335,0.11207380847271411
xception,swin,ALL,EFS,0.09427429799490135,0.11916707894662205,-0.024892780951720705,0.00440693134514605,0.00042698548249355,0.0039799458626525,-0.024892780951720705,0.0039799458626525,-0.028872726814373206
xception,swin,ALL,FE,0.2428679617971208,0.056950014282898746,0.18591794751422205,0.16237607647661917,0.0434332988624612,0.11894277761415797,0.18591794751422205,0.11894277761415797,0.06697516990006408
xception,swin,ALL,FR,0.37777747121362615,0.05536318655041745,0.3224142846632087,0.02091610565426915,0.00444211455689215,0.016473991097377,0.3224142846632087,0.016473991097377,0.3059402935658317
xception,swin,ALL,FS,0.32416206584684326,0.1827222904658414,0.14143977538100186,0.01058526027816395,0.00331956462070795,0.007265695657455999,0.14143977538100186,0.007265695657455999,0.13417407972354586
xception,swin,EFS,ALL,0.3709878581884205,0.1197431399428425,0.25124471824557804,0.00972311657533195,0.00028026905829595,0.009442847517036,0.25124471824557804,0.009442847517036,0.24180187072854203
xception,swin,EFS,EFS,0.42193161299674475,0.2012387305768873,0.22069288241985746,0.01471256471744905,0.00965207773341605,0.005060486984033,0.22069288241985746,0.005060486984033,0.21563239543582446
xception,swin,EFS,FE,0.21795758975528629,0.10396068106176184,0.11399690869352444,0.12878524499046695,0.0506904508302903,0.07809479416017664,0.11399690869352444,0.07809479416017664,0.035902114533347795
xception,swin,EFS,FR,0.26538185630725086,0.03316410992164215,0.23221774638560871,0.0256525217967111,0.0010162601626016,0.0246362616341095,0.23221774638560871,0.0246362616341095,0.2075814847514992
xception,swin,EFS,FS,0.24603924533056154,0.04784796371539255,0.198191281615169,0.03321364452423695,0.0045305138969506005,0.028683130627286352,0.198191281615169,0.028683130627286352,0.16950815098788263
xception,swin,FE,ALL,0.08796444586803324,0.015673492148317248,0.072290953719716,0.00287094263342545,0.00028026905829595,0.0025906735751295,0.072290953719716,0.0025906735751295,0.0697002801445865
xception,swin,FE,EFS,0.035930119335352145,0.029267255097828453,0.006662864237523693,0.0051238257899231,0.00528201524542995,-0.00015818945550684967,0.006662864237523693,-0.00015818945550684967,0.006821053693030542
xception,swin,FE,FE,0.43308129737438245,0.16041190108705033,0.2726693962873321,0.16819165214387416,0.047162353378846646,0.12102929876502752,0.2726693962873321,0.12102929876502752,0.1516400975223046
xception,swin,FE,FR,0.0548642533936651,0.00747480042673725,0.047389452966927856,0.0039339844755913005,0.00290162969502995,0.0010323547805613504,0.047389452966927856,0.0010323547805613504,0.046357098186366505
xception,swin,FE,FS,0.1223238752176671,0.04544406348006455,0.07687981173760255,0.00870556103004365,0.01123601193288425,-0.0025304509028405992,0.07687981173760255,-0.0025304509028405992,0.07941026264044315
xception,swin,FR,ALL,0.1676610582428561,0.1067609360945056,0.0609001221483505,0.00334165358329485,0.00112107623318385,0.0022205773501109997,0.0609001221483505,0.0022205773501109997,0.0586795447982395
xception,swin,FR,EFS,0.03474401353748805,0.03134420071783975,0.0033998128196483027,0.00213492741246795,0.00153399655260425,0.0006009308598636999,0.0033998128196483027,0.0006009308598636999,0.002798881959784603
xception,swin,FR,FE,0.17696345570861993,0.0651499482936918,0.11181350741492813,0.12466700916098485,0.0418821096173733,0.08278489954361154,0.11181350741492813,0.08278489954361154,0.029028607871316586
xception,swin,FR,FR,0.41738632601258135,0.1626476106390023,0.25473871537357906,0.051764889820843846,0.00304878048780485,0.04871610933303899,0.25473871537357906,0.04871610933303899,0.20602260604054007
xception,swin,FR,FS,0.06054746381213355,0.01474230909409965,0.0458051547180339,0.0156157899236421,0.00246408210832285,0.01315170781531925,0.0458051547180339,0.01315170781531925,0.03265344690271465
xception,swin,FS,ALL,0.21131125258486486,0.0381848439787169,0.17312640860614795,0.013804962608663849,0.00149117245820235,0.012313790150461499,0.17312640860614795,0.012313790150461499,0.16081261845568645
xception,swin,FS,EFS,0.0329992027503537,0.00934105583583585,0.023658146914517852,0.00116499286256735,0.00122297465502405,-5.7981792456700005e-05,0.023658146914517852,-5.7981792456700005e-05,0.02371612870697455
xception,swin,FS,FE,0.2428862306212064,0.07809479416017655,0.16479143646102984,0.11744639484132689,0.050173387748594346,0.06727300709273254,0.16479143646102984,0.06727300709273254,0.0975184293682973
xception,swin,FS,FR,0.14944772468086664,0.0045731707317073,0.14487455394915935,0.0190307361218408,0.0050813008130081,0.013949435308832702,0.14487455394915935,0.013949435308832702,0.13092511864032666
xception,swin,FS,FS,0.46275192019546174,0.133723559347201,0.3290283608482607,0.08202508065495875,0.034021319006672844,0.04800376164828591,0.3290283608482607,0.04800376164828591,0.2810245991999748
xception,vit,ALL,ALL,0.08036345050485895,0.205415522046321,-0.12505207154146203,0.00423056583818085,0.002372882094773,0.0018576837434078498,-0.12505207154146203,0.0018576837434078498,-0.1269097552848699
xception,vit,ALL,EFS,0.1835758904837852,0.08863802498670915,0.09493786549707604,0.03688031632110575,0.013481858054226449,0.0233984582668793,0.09493786549707604,0.0233984582668793,0.07153940723019675
xception,vit,ALL,FE,0.1356350454227812,0.0273948870253901,0.10824015839739111,0.0364363342292968,0.00973051279366075,0.026705821435636046,0.10824015839739111,0.026705821435636046,0.08153433696175506
xception,vit,ALL,FR,0.3219398833557649,0.14325945865111406,0.17868042470465084,0.0767160161507402,0.0228802153432032,0.053835800807537,0.17868042470465084,0.053835800807537,0.12484462389711384
xception,vit,ALL,FS,0.17549966541360779,0.25841533980200354,-0.08291567438839575,0.01185641323387585,0.00800325729693555,0.0038531559369403,-0.08291567438839575,0.0038531559369403,-0.08676883032533605
xception,vit,EFS,ALL,0.0824403183168407,0.051669681299008154,0.03077063701783255,0.00396615547329455,0.00646722414888055,-0.002501068675586,0.03077063701783255,-0.002501068675586,0.03327170569341855
xception,vit,EFS,EFS,0.38134303561935134,0.0910087719298245,0.29033426368952686,0.06645235247208925,0.0127408958001063,0.053711456671982946,0.29033426368952686,0.053711456671982946,0.2366228070175439
xception,vit,EFS,FE,0.1996345795481015,0.0739605171208944,0.12567406242720708,0.0490383664374396,0.01170097799653245,0.03733738844090715,0.12567406242720708,0.03733738844090715,0.08833667398629994
xception,vit,EFS,FR,0.3201722745625841,0.05353192762075665,0.2666403469418275,0.0962314939434724,0.0161507402422611,0.0800807537012113,0.2666403469418275,0.0800807537012113,0.18655959324061616
xception,vit,EFS,FS,0.115178659292645,0.10694832608396145,0.008230333208683549,0.0202346041055718,0.0090982896730894,0.011136314432482402,0.008230333208683549,0.011136314432482402,-0.002905981223798853
xception,vit,FE,ALL,0.04485440538182025,0.0096605820951272,0.03519382328669305,0.00687466948704385,0.00104401908113785,0.0058306504059059995,0.03519382328669305,0.0058306504059059995,0.02936317288078705
xception,vit,FE,EFS,0.1762044790005316,0.050785818713450254,0.12541866028708135,0.04888855661881975,0.011999933545986151,0.0368886230728336,0.12541866028708135,0.0368886230728336,0.08853003721424774
xception,vit,FE,FE,0.29772886093640805,0.07073724668064285,0.2269916142557652,0.1062149468821633,0.015043750945416,0.0911711959367473,0.2269916142557652,0.0911711959367473,0.1358204183190179
xception,vit,FE,FR,0.21934320323014805,0.0659488559892328,0.15339434724091527,0.03633916554508745,0.0118837633947604,0.024455402150327047,0.15339434724091527,0.024455402150327047,0.12893894509058823
xception,vit,FE,FS,0.0761348875199275,0.10656970221811095,-0.030434814698183446,0.011563158101911051,0.01618832293491305,-0.004625164833002,-0.030434814698183446,-0.004625164833002,-0.025809649865181444
xception,vit,FR,ALL,0.04873201539546715,0.12177071303070394,-0.0730386976352368,0.0023796932839767,0.0154968176761802,-0.0131171243922035,-0.0730386976352368,-0.0131171243922035,-0.059921573243033294
xception,vit,FR,EFS,0.0685572833599149,0.05737971823498135,0.01117756512493355,0.013003389154704899,0.0132110579479,-0.000207668793195101,0.01117756512493355,-0.000207668793195101,0.011385233918128651
xception,vit,FR,FE,0.042953645469368695,0.0182200675518285,0.024733577917540196,0.00990141492419215,0.0071153465749758,0.0027860683492163503,0.024733577917540196,0.0027860683492163503,0.021947509568323847
xception,vit,FR,FR,0.35797517571407206,0.25294451921639,0.10503065649768206,0.0787199308303109,0.023005012175155,0.0557149186551559,0.10503065649768206,0.0557149186551559,0.049315737842526165
xception,vit,FR,FS,0.0710604912515499,0.0235568501643409,0.047503641087208996,0.0099706744868035,0.009684799937019,0.0002858745497845011,0.047503641087208996,0.0002858745497845011,0.047217766537424495
xception,vit,FS,ALL,0.0421341526376602,0.026926538055067603,0.015207614582592593,0.00713907985193015,0.01780158787891665,-0.010662508026986497,0.015207614582592593,-0.010662508026986497,0.02587012260957909
xception,vit,FS,EFS,0.08774255715045184,0.04344431153641675,0.044298245614035094,0.02957203615098345,0.01343534024455075,0.0161366959064327,0.044298245614035094,0.0161366959064327,0.028161549707602394
xception,vit,FS,FE,0.1161294549266247,0.0285100745399487,0.087619380386676,0.03253431132986575,0.0091298099859205,0.02340450134394525,0.087619380386676,0.02340450134394525,0.06421487904273074
xception,vit,FS,FR,0.2983968894870644,0.0491251682368775,0.24927172125018687,0.08411843876177655,0.0121130551816958,0.07200538358008075,0.24927172125018687,0.07200538358008075,0.17726633767010613
xception,vit,FS,FS,0.24652669802594024,0.3076558778956484,-0.06112917986970817,0.0247187998189297,0.11387869275128415,-0.08915989293235445,-0.06112917986970817,-0.08915989293235445,0.028030713062646276
xception,xception,ALL,EFS,0.24096276441611125,0.24476600985221675,-0.0038032454361054957,0.4529191984486102,0.0012307692307692,0.451688429217841,-0.0038032454361054957,0.451688429217841,-0.4554916746539465
xception,xception,ALL,FE,0.16083951555748605,0.00527108433734935,0.1555684312201367,0.0697207609008063,0.0007535795026375,0.06896718139816879,0.1555684312201367,0.06896718139816879,0.0866012498219679
xception,xception,ALL,FR,0.6130589704218785,0.02839636573462815,0.5846626046872504,0.9226591746051069,0.00347909121344005,0.9191800833916669,0.5846626046872504,0.9191800833916669,-0.3345174787044165
xception,xception,ALL,FS,0.7796082397662534,0.40875157573803167,0.3708566640282217,0.7591621298632321,0.005079006772009,0.754083123091223,0.3708566640282217,0.754083123091223,-0.38322645906300135
xception,xception,EFS,ALL,0.5873845848685285,0.4840687577299941,0.10331582713853443,0.7011884682076899,0.1906989543203082,0.5104895138873817,0.10331582713853443,0.5104895138873817,-0.4071736867488473
xception,xception,EFS,FE,0.2452647401751217,0.0101656626506024,0.2350990775245193,0.7692741899735318,0.00150715900527505,0.7677670309682567,0.2350990775245193,0.7677670309682567,-0.5326679534437374
xception,xception,EFS,FR,0.3937903223177407,0.0150107417513455,0.3787795805663952,0.6697406836551463,0.00400246305418715,0.6657382206009591,0.3787795805663952,0.6657382206009591,-0.2869586400345639
xception,xception,EFS,FS,0.779963208349213,0.4307569405763536,0.34920626777285935,0.30211107813195653,0.02144469525959365,0.2806663828723629,0.34920626777285935,0.2806663828723629,0.06853988490049645
xception,xception,FE,ALL,0.35362810593430183,0.318557268722467,0.03507083721183485,0.575526961860112,0.05228398458998345,0.5232429772701286,0.03507083721183485,0.5232429772701286,-0.48817214005829374
xception,xception,FE,EFS,0.1318856853086062,0.187807881773399,-0.055922196464792795,0.5816043956043956,0.0083076923076923,0.5732967032967032,-0.055922196464792795,0.5732967032967032,-0.629218899761496
xception,xception,FE,FR,0.02470521309091855,0.00061614294516325,0.0240890701457553,0.4225822720968352,0.0046182266009852,0.41796404549585,0.0240890701457553,0.41796404549585,-0.3938749753500947
xception,xception,FE,FS,0.40882999618891264,0.2576571096322789,0.15117288655663375,0.247104126473322,0.01890519187358915,0.22819893459973284,0.15117288655663375,0.22819893459973284,-0.0770260480430991
xception,xception,FR,ALL,0.9206899368117549,0.4928603700544244,0.4278295667573305,0.7227787526282902,0.16620803522289485,0.5565707174053953,0.4278295667573305,0.5565707174053953,-0.1287411506480648
xception,xception,FR,EFS,0.0516516951608229,0.1964285714285714,-0.1447768762677485,0.4458409825468649,0.004,0.4418409825468649,-0.1447768762677485,0.4418409825468649,-0.5866178588146134
xception,xception,FR,FE,0.0097512916942913,0.00112951807228915,0.00862177362200215,0.4795110741868276,0.0,0.4795110741868276,0.00862177362200215,0.4795110741868276,-0.4708893005648254
xception,xception,FR,FS,0.8872968641591668,0.2447895595751126,0.6425073045840541,0.5528902106586892,0.0110045146726862,0.541885695986003,0.6425073045840541,0.541885695986003,0.10062160859805114
xception,xception,FS,ALL,0.4768244406530921,0.4301419207463317,0.04668251990676042,0.7596794449647126,0.2523390203632361,0.5073404246014765,0.04668251990676042,0.5073404246014765,-0.4606579046947161
xception,xception,FS,EFS,0.09558461315560704,0.2570812807881773,-0.16149666763257028,0.6226347769877182,0.0363076923076923,0.5863270846800259,-0.16149666763257028,0.5863270846800259,-0.7478237523125962
xception,xception,FS,FE,0.0239606433323426,0.00235691342218965,0.02160372991015295,0.6265984965588443,0.00339110776186885,0.6232073887969753,0.02160372991015295,0.6232073887969753,-0.6016036588868224
xception,xception,FS,FR,0.2520114296146335,0.00268788284807995,0.24932354676655358,0.8009203300883916,0.0030788177339901,0.7978415123544015,0.24932354676655358,0.7978415123544015,-0.5485179655878479
