attack_type,model_pair,mean_true,mean_false,diff
aa,fr_deit_ALL || imgnet_deit_ALL,0.0006045949214026,0.0845771144278607,-0.0839725195064581
aa,fr_deit_ALL || imgnet_deit_EFS,0.00078125,0.0497512437810945,-0.048969993781094505
aa,fr_deit_ALL || imgnet_deit_FE,0.0072727272727272,0.0440653873489694,-0.0367926600762422
aa,fr_deit_ALL || imgnet_deit_FR,0.0,0.0412224591329069,-0.0412224591329069
aa,fr_deit_ALL || imgnet_deit_FS,0.0007627765064836,0.0689410092395167,-0.0681782327330331
aa,fr_deit_ALL || imgnet_efficientnetb4_ALL,0.0037115588547189,0.0454868514570007,-0.0417752926022818
aa,fr_deit_ALL || imgnet_efficientnetb4_EFS,0.004118050789293,0.021321961620469,-0.017203910831176
aa,fr_deit_ALL || imgnet_efficientnetb4_FE,0.0098939929328621,0.0241648898365316,-0.014270896903669499
aa,fr_deit_ALL || imgnet_efficientnetb4_FR,0.0,0.0142146410803127,-0.0142146410803127
aa,fr_deit_ALL || imgnet_efficientnetb4_FS,0.0,0.0326936744847192,-0.0326936744847192
aa,fr_deit_ALL || imgnet_resnet34_ALL,0.0262820512820512,0.044776119402985,-0.018494068120933804
aa,fr_deit_ALL || imgnet_resnet34_EFS,0.0008156606851549,0.0262970859985785,-0.025481425313423598
aa,fr_deit_ALL || imgnet_resnet34_FE,0.0,0.0113717128642501,-0.0113717128642501
aa,fr_deit_ALL || imgnet_resnet34_FR,0.0,0.0170575692963752,-0.0170575692963752
aa,fr_deit_ALL || imgnet_resnet34_FS,0.0012406947890818,0.0298507462686567,-0.028610051479574898
aa,fr_deit_ALL || imgnet_swin_ALL,0.0,0.0639658848614072,-0.0639658848614072
aa,fr_deit_ALL || imgnet_swin_EFS,0.0,0.0234541577825159,-0.0234541577825159
aa,fr_deit_ALL || imgnet_swin_FE,0.0,0.0170575692963752,-0.0170575692963752
aa,fr_deit_ALL || imgnet_swin_FR,0.0,0.0440653873489694,-0.0440653873489694
aa,fr_deit_ALL || imgnet_swin_FS,0.0025062656641604,0.0255863539445629,-0.0230800882804025
aa,fr_deit_ALL || imgnet_vit_ALL,0.0,0.0938166311300639,-0.0938166311300639
aa,fr_deit_ALL || imgnet_vit_EFS,0.0,0.052594171997157,-0.052594171997157
aa,fr_deit_ALL || imgnet_vit_FE,0.001885014137606,0.0398009950248756,-0.0379159808872696
aa,fr_deit_ALL || imgnet_vit_FR,0.0,0.0376687988628287,-0.0376687988628287
aa,fr_deit_ALL || imgnet_vit_FS,0.0,0.0632551528073916,-0.0632551528073916
aa,fr_deit_ALL || imgnet_xception_ALL,0.0187121629058888,0.0099502487562189,0.008761914149669899
aa,fr_deit_ALL || imgnet_xception_EFS,0.0024615384615384,0.0099502487562189,-0.0074887102946805
aa,fr_deit_ALL || imgnet_xception_FE,0.0007535795026375,0.0092395167022032,-0.0084859371995657
aa,fr_deit_ALL || imgnet_xception_FR,0.0086206896551724,0.0120824449182658,-0.0034617552630934
aa,fr_deit_ALL || imgnet_xception_FS,0.0129796839729119,0.0106609808102345,0.0023187031626773994
aa,fr_deit_EFS || imgnet_deit_ALL,0.0,0.0685224839400428,-0.0685224839400428
aa,fr_deit_EFS || imgnet_deit_EFS,0.0,0.0792291220556745,-0.0792291220556745
aa,fr_deit_EFS || imgnet_deit_FE,0.009090909090909,0.0610278372591006,-0.05193692816819159
aa,fr_deit_EFS || imgnet_deit_FR,0.0,0.0235546038543897,-0.0235546038543897
aa,fr_deit_EFS || imgnet_deit_FS,0.0,0.0610278372591006,-0.0610278372591006
aa,fr_deit_EFS || imgnet_efficientnetb4_ALL,0.0037115588547189,0.0396145610278372,-0.0359030021731183
aa,fr_deit_EFS || imgnet_efficientnetb4_EFS,0.0034317089910775,0.0449678800856531,-0.041536171094575594
aa,fr_deit_EFS || imgnet_efficientnetb4_FE,0.0042402826855123,0.0449678800856531,-0.0407275974001408
aa,fr_deit_EFS || imgnet_efficientnetb4_FR,0.0,0.012847965738758,-0.012847965738758
aa,fr_deit_EFS || imgnet_efficientnetb4_FS,0.0,0.025695931477516,-0.025695931477516
aa,fr_deit_EFS || imgnet_resnet34_ALL,0.016025641025641,0.0546038543897216,-0.0385782133640806
aa,fr_deit_EFS || imgnet_resnet34_EFS,0.0,0.0374732334047109,-0.0374732334047109
aa,fr_deit_EFS || imgnet_resnet34_FE,0.0,0.0203426124197002,-0.0203426124197002
aa,fr_deit_EFS || imgnet_resnet34_FR,0.0,0.0224839400428265,-0.0224839400428265
aa,fr_deit_EFS || imgnet_resnet34_FS,0.0,0.0364025695931477,-0.0364025695931477
aa,fr_deit_EFS || imgnet_swin_ALL,0.0,0.0610278372591006,-0.0610278372591006
aa,fr_deit_EFS || imgnet_swin_EFS,0.0007380073800738,0.0353319057815845,-0.034593898401510705
aa,fr_deit_EFS || imgnet_swin_FE,0.0,0.0267665952890792,-0.0267665952890792
aa,fr_deit_EFS || imgnet_swin_FR,0.0,0.0513918629550321,-0.0513918629550321
aa,fr_deit_EFS || imgnet_swin_FS,0.0,0.0278372591006423,-0.0278372591006423
aa,fr_deit_EFS || imgnet_vit_ALL,0.0,0.0749464668094218,-0.0749464668094218
aa,fr_deit_EFS || imgnet_vit_EFS,0.0006944444444444,0.1134903640256959,-0.1127959195812515
aa,fr_deit_EFS || imgnet_vit_FE,0.000942507068803,0.0556745182012847,-0.0547320111324817
aa,fr_deit_EFS || imgnet_vit_FR,0.0,0.0278372591006423,-0.0278372591006423
aa,fr_deit_EFS || imgnet_vit_FS,0.0,0.0449678800856531,-0.0449678800856531
aa,fr_deit_EFS || imgnet_xception_ALL,0.0198128783709411,0.0149892933618843,0.0048235850090568005
aa,fr_deit_EFS || imgnet_xception_EFS,0.0067692307692307,0.0182012847965738,-0.0114320540273431
aa,fr_deit_EFS || imgnet_xception_FE,0.0030143180105501,0.0139186295503211,-0.010904311539770999
aa,fr_deit_EFS || imgnet_xception_FR,0.0086206896551724,0.0085653104925053,5.5379162667099774e-05
aa,fr_deit_EFS || imgnet_xception_FS,0.0169300225733634,0.019271948608137,-0.0023419260347735983
aa,fr_deit_FE || imgnet_deit_ALL,0.0,0.0741525423728813,-0.0741525423728813
aa,fr_deit_FE || imgnet_deit_EFS,0.0,0.0529661016949152,-0.0529661016949152
aa,fr_deit_FE || imgnet_deit_FE,0.01,0.0451977401129943,-0.0351977401129943
aa,fr_deit_FE || imgnet_deit_FR,0.0,0.0402542372881355,-0.0402542372881355
aa,fr_deit_FE || imgnet_deit_FS,0.0,0.0557909604519774,-0.0557909604519774
aa,fr_deit_FE || imgnet_efficientnetb4_ALL,0.0106044538706256,0.0338983050847457,-0.0232938512141201
aa,fr_deit_FE || imgnet_efficientnetb4_EFS,0.005490734385724,0.0176553672316384,-0.012164632845914401
aa,fr_deit_FE || imgnet_efficientnetb4_FE,0.007773851590106,0.0225988700564971,-0.014825018466391098
aa,fr_deit_FE || imgnet_efficientnetb4_FR,0.0,0.0204802259887005,-0.0204802259887005
aa,fr_deit_FE || imgnet_efficientnetb4_FS,0.0,0.028954802259887,-0.028954802259887
aa,fr_deit_FE || imgnet_resnet34_ALL,0.041025641025641,0.0296610169491525,0.011364624076488496
aa,fr_deit_FE || imgnet_resnet34_EFS,0.0,0.019774011299435,-0.019774011299435
aa,fr_deit_FE || imgnet_resnet34_FE,0.0,0.0148305084745762,-0.0148305084745762
aa,fr_deit_FE || imgnet_resnet34_FR,0.0015948963317384,0.0204802259887005,-0.018885329656962102
aa,fr_deit_FE || imgnet_resnet34_FS,0.0006203473945409,0.030367231638418,-0.0297468842438771
aa,fr_deit_FE || imgnet_swin_ALL,0.0,0.0430790960451977,-0.0430790960451977
aa,fr_deit_FE || imgnet_swin_EFS,0.0,0.0225988700564971,-0.0225988700564971
aa,fr_deit_FE || imgnet_swin_FE,0.0,0.0077683615819209,-0.0077683615819209
aa,fr_deit_FE || imgnet_swin_FR,0.0,0.0451977401129943,-0.0451977401129943
aa,fr_deit_FE || imgnet_swin_FS,0.0031328320802005,0.0324858757062146,-0.029353043626014097
aa,fr_deit_FE || imgnet_vit_ALL,0.0,0.0727401129943502,-0.0727401129943502
aa,fr_deit_FE || imgnet_vit_EFS,0.0006944444444444,0.03954802259887,-0.0388535781544256
aa,fr_deit_FE || imgnet_vit_FE,0.000942507068803,0.0494350282485875,-0.0484925211797845
aa,fr_deit_FE || imgnet_vit_FR,0.0,0.0437853107344632,-0.0437853107344632
aa,fr_deit_FE || imgnet_vit_FS,0.0,0.0381355932203389,-0.0381355932203389
aa,fr_deit_FE || imgnet_xception_ALL,0.0203632361034672,0.0091807909604519,0.0111824451430153
aa,fr_deit_FE || imgnet_xception_EFS,0.0043076923076923,0.0155367231638418,-0.0112290308561495
aa,fr_deit_FE || imgnet_xception_FE,0.0052750565184626,0.0091807909604519,-0.0039057344419892994
aa,fr_deit_FE || imgnet_xception_FR,0.0036945812807881,0.0098870056497175,-0.006192424368929399
aa,fr_deit_FE || imgnet_xception_FS,0.010158013544018,0.0070621468926553,0.003095866651362699
aa,fr_deit_FR || imgnet_deit_ALL,0.0006045949214026,0.1308139534883721,-0.1302093585669695
aa,fr_deit_FR || imgnet_deit_EFS,0.0,0.0503875968992248,-0.0503875968992248
aa,fr_deit_FR || imgnet_deit_FE,0.009090909090909,0.0397286821705426,-0.030637773079633602
aa,fr_deit_FR || imgnet_deit_FR,0.0,0.0591085271317829,-0.0591085271317829
aa,fr_deit_FR || imgnet_deit_FS,0.0,0.0610465116279069,-0.0610465116279069
aa,fr_deit_FR || imgnet_efficientnetb4_ALL,0.0090137857900318,0.0503875968992248,-0.041373811109193
aa,fr_deit_FR || imgnet_efficientnetb4_EFS,0.0020590253946465,0.0426356589147286,-0.040576633520082096
aa,fr_deit_FR || imgnet_efficientnetb4_FE,0.0056537102473498,0.0416666666666666,-0.0360129564193168
aa,fr_deit_FR || imgnet_efficientnetb4_FR,0.0007993605115907,0.0251937984496124,-0.0243944379380217
aa,fr_deit_FR || imgnet_efficientnetb4_FS,0.0,0.0271317829457364,-0.0271317829457364
aa,fr_deit_FR || imgnet_resnet34_ALL,0.0506410256410256,0.0562015503875969,-0.005560524746571302
aa,fr_deit_FR || imgnet_resnet34_EFS,0.0,0.0358527131782945,-0.0358527131782945
aa,fr_deit_FR || imgnet_resnet34_FE,0.0,0.0281007751937984,-0.0281007751937984
aa,fr_deit_FR || imgnet_resnet34_FR,0.0,0.0281007751937984,-0.0281007751937984
aa,fr_deit_FR || imgnet_resnet34_FS,0.0,0.0377906976744186,-0.0377906976744186
aa,fr_deit_FR || imgnet_swin_ALL,0.0005605381165919,0.0474806201550387,-0.046920082038446796
aa,fr_deit_FR || imgnet_swin_EFS,0.0,0.0474806201550387,-0.0474806201550387
aa,fr_deit_FR || imgnet_swin_FE,0.0,0.0542635658914728,-0.0542635658914728
aa,fr_deit_FR || imgnet_swin_FR,0.0,0.0697674418604651,-0.0697674418604651
aa,fr_deit_FR || imgnet_swin_FS,0.0025062656641604,0.0494186046511627,-0.0469123389870023
aa,fr_deit_FR || imgnet_vit_ALL,0.0,0.0755813953488372,-0.0755813953488372
aa,fr_deit_FR || imgnet_vit_EFS,0.0,0.0455426356589147,-0.0455426356589147
aa,fr_deit_FR || imgnet_vit_FE,0.002827521206409,0.0503875968992248,-0.0475600756928158
aa,fr_deit_FR || imgnet_vit_FR,0.0,0.0532945736434108,-0.0532945736434108
aa,fr_deit_FR || imgnet_vit_FS,0.0,0.062984496124031,-0.062984496124031
aa,fr_deit_FR || imgnet_xception_ALL,0.0291689598238855,0.0242248062015503,0.0049441536223352005
aa,fr_deit_FR || imgnet_xception_EFS,0.0036923076923076,0.0300387596899224,-0.0263464519976148
aa,fr_deit_FR || imgnet_xception_FE,0.0007535795026375,0.0193798449612403,-0.0186262654586028
aa,fr_deit_FR || imgnet_xception_FR,0.0116995073891625,0.0184108527131782,-0.0067113453240156985
aa,fr_deit_FR || imgnet_xception_FS,0.0112866817155756,0.0271317829457364,-0.0158451012301608
aa,fr_deit_FS || imgnet_deit_ALL,0.0006045949214026,0.1941941941941942,-0.1935895992727916
aa,fr_deit_FS || imgnet_deit_EFS,0.0,0.1011011011011011,-0.1011011011011011
aa,fr_deit_FS || imgnet_deit_FE,0.0081818181818181,0.095095095095095,-0.08691327691327691
aa,fr_deit_FS || imgnet_deit_FR,0.0,0.072072072072072,-0.072072072072072
aa,fr_deit_FS || imgnet_deit_FS,0.0,0.1391391391391391,-0.1391391391391391
aa,fr_deit_FS || imgnet_efficientnetb4_ALL,0.0058324496288441,0.1071071071071071,-0.10127465747826299
aa,fr_deit_FS || imgnet_efficientnetb4_EFS,0.005490734385724,0.058058058058058,-0.052567323672334
aa,fr_deit_FS || imgnet_efficientnetb4_FE,0.004946996466431,0.051051051051051,-0.04610405458462
aa,fr_deit_FS || imgnet_efficientnetb4_FR,0.0,0.042042042042042,-0.042042042042042
aa,fr_deit_FS || imgnet_efficientnetb4_FS,0.0,0.088088088088088,-0.088088088088088
aa,fr_deit_FS || imgnet_resnet34_ALL,0.0326923076923076,0.072072072072072,-0.039379764379764405
aa,fr_deit_FS || imgnet_resnet34_EFS,0.0016313213703099,0.052052052052052,-0.050420730681742104
aa,fr_deit_FS || imgnet_resnet34_FE,0.0,0.036036036036036,-0.036036036036036
aa,fr_deit_FS || imgnet_resnet34_FR,0.0023923444976076,0.047047047047047,-0.0446547025494394
aa,fr_deit_FS || imgnet_resnet34_FS,0.0006203473945409,0.071071071071071,-0.0704507236765301
aa,fr_deit_FS || imgnet_swin_ALL,0.0011210762331838,0.1221221221221221,-0.1210010458889383
aa,fr_deit_FS || imgnet_swin_EFS,0.0,0.063063063063063,-0.063063063063063
aa,fr_deit_FS || imgnet_swin_FE,0.0,0.026026026026026,-0.026026026026026
aa,fr_deit_FS || imgnet_swin_FR,0.0,0.048048048048048,-0.048048048048048
aa,fr_deit_FS || imgnet_swin_FS,0.0087719298245614,0.073073073073073,-0.06430114324851159
aa,fr_deit_FS || imgnet_vit_ALL,0.0,0.1811811811811811,-0.1811811811811811
aa,fr_deit_FS || imgnet_vit_EFS,0.0,0.0980980980980981,-0.0980980980980981
aa,fr_deit_FS || imgnet_vit_FE,0.000942507068803,0.061061061061061,-0.060118553992258
aa,fr_deit_FS || imgnet_vit_FR,0.0,0.08008008008008,-0.08008008008008
aa,fr_deit_FS || imgnet_vit_FS,0.0008389261744966,0.1751751751751751,-0.1743362490006785
aa,fr_deit_FS || imgnet_xception_ALL,0.0253164556962025,0.046046046046046,-0.0207295903498435
aa,fr_deit_FS || imgnet_xception_EFS,0.0018461538461538,0.019019019019019,-0.0171728651728652
aa,fr_deit_FS || imgnet_xception_FE,0.001507159005275,0.01001001001001,-0.008502851004735
aa,fr_deit_FS || imgnet_xception_FR,0.0086206896551724,0.026026026026026,-0.0174053363708536
aa,fr_deit_FS || imgnet_xception_FS,0.0180586907449209,0.037037037037037,-0.0189783462921161
aa,fr_efficientnetb4_ALL || imgnet_deit_ALL,0.0,0.0008230452674897,-0.0008230452674897
aa,fr_efficientnetb4_ALL || imgnet_deit_EFS,0.0,0.0008230452674897,-0.0008230452674897
aa,fr_efficientnetb4_ALL || imgnet_deit_FE,0.0,0.0008230452674897,-0.0008230452674897
aa,fr_efficientnetb4_ALL || imgnet_deit_FR,0.0,0.0008230452674897,-0.0008230452674897
aa,fr_efficientnetb4_ALL || imgnet_deit_FS,0.0,0.0008230452674897,-0.0008230452674897
aa,fr_efficientnetb4_ALL || imgnet_efficientnetb4_ALL,0.0153764581124072,0.0008230452674897,0.0145534128449175
aa,fr_efficientnetb4_ALL || imgnet_efficientnetb4_EFS,0.002745367192862,0.0008230452674897,0.0019223219253723001
aa,fr_efficientnetb4_ALL || imgnet_efficientnetb4_FE,0.0056537102473498,0.0008230452674897,0.0048306649798600994
aa,fr_efficientnetb4_ALL || imgnet_efficientnetb4_FR,0.0,0.0008230452674897,-0.0008230452674897
aa,fr_efficientnetb4_ALL || imgnet_efficientnetb4_FS,0.0,0.0008230452674897,-0.0008230452674897
aa,fr_efficientnetb4_ALL || imgnet_resnet34_ALL,0.0583333333333333,0.0008230452674897,0.0575102880658436
aa,fr_efficientnetb4_ALL || imgnet_resnet34_EFS,0.0,0.0008230452674897,-0.0008230452674897
aa,fr_efficientnetb4_ALL || imgnet_resnet34_FE,0.0,0.0008230452674897,-0.0008230452674897
aa,fr_efficientnetb4_ALL || imgnet_resnet34_FR,0.0,0.0008230452674897,-0.0008230452674897
aa,fr_efficientnetb4_ALL || imgnet_resnet34_FS,0.0018610421836228,0.0008230452674897,0.0010379969161331
aa,fr_efficientnetb4_ALL || imgnet_swin_ALL,0.0,0.0008230452674897,-0.0008230452674897
aa,fr_efficientnetb4_ALL || imgnet_swin_EFS,0.0,0.0008230452674897,-0.0008230452674897
aa,fr_efficientnetb4_ALL || imgnet_swin_FE,0.0,0.0008230452674897,-0.0008230452674897
aa,fr_efficientnetb4_ALL || imgnet_swin_FR,0.0,0.0016460905349794,-0.0016460905349794
aa,fr_efficientnetb4_ALL || imgnet_swin_FS,0.0,0.0008230452674897,-0.0008230452674897
aa,fr_efficientnetb4_ALL || imgnet_vit_ALL,0.0,0.0008230452674897,-0.0008230452674897
aa,fr_efficientnetb4_ALL || imgnet_vit_EFS,0.0,0.0008230452674897,-0.0008230452674897
aa,fr_efficientnetb4_ALL || imgnet_vit_FE,0.000942507068803,0.0,0.000942507068803
aa,fr_efficientnetb4_ALL || imgnet_vit_FR,0.0,0.0008230452674897,-0.0008230452674897
aa,fr_efficientnetb4_ALL || imgnet_vit_FS,0.0016778523489932,0.0008230452674897,0.0008548070815035001
aa,fr_efficientnetb4_ALL || imgnet_xception_ALL,0.1023665382498624,0.0016460905349794,0.100720447714883
aa,fr_efficientnetb4_ALL || imgnet_xception_EFS,0.003076923076923,0.0016460905349794,0.0014308325419436002
aa,fr_efficientnetb4_ALL || imgnet_xception_FE,0.0007535795026375,0.0016460905349794,-0.0008925110323419
aa,fr_efficientnetb4_ALL || imgnet_xception_FR,0.0086206896551724,0.0041152263374485,0.0045054633177239
aa,fr_efficientnetb4_ALL || imgnet_xception_FS,0.0163656884875846,0.0016460905349794,0.0147195979526052
aa,fr_efficientnetb4_EFS || imgnet_deit_ALL,0.0096735187424425,0.0106007067137809,-0.0009271879713383998
aa,fr_efficientnetb4_EFS || imgnet_deit_EFS,0.0,0.0082449941107184,-0.0082449941107184
aa,fr_efficientnetb4_EFS || imgnet_deit_FE,0.01,0.0070671378091872,0.0029328621908128
aa,fr_efficientnetb4_EFS || imgnet_deit_FR,0.0045197740112994,0.0047114252061248,-0.00019165119482540075
aa,fr_efficientnetb4_EFS || imgnet_deit_FS,0.0,0.0094228504122497,-0.0094228504122497
aa,fr_efficientnetb4_EFS || imgnet_efficientnetb4_ALL,0.0058324496288441,0.0106007067137809,-0.0047682570849368
aa,fr_efficientnetb4_EFS || imgnet_efficientnetb4_EFS,0.0020590253946465,0.0082449941107184,-0.0061859687160719
aa,fr_efficientnetb4_EFS || imgnet_efficientnetb4_FE,0.0056537102473498,0.0035335689045936,0.0021201413427561996
aa,fr_efficientnetb4_EFS || imgnet_efficientnetb4_FR,0.0031974420463629,0.0035335689045936,-0.0003361268582307
aa,fr_efficientnetb4_EFS || imgnet_efficientnetb4_FS,0.0,0.0035335689045936,-0.0035335689045936
aa,fr_efficientnetb4_EFS || imgnet_resnet34_ALL,0.0775641025641025,0.0176678445229682,0.0598962580411343
aa,fr_efficientnetb4_EFS || imgnet_resnet34_EFS,0.0008156606851549,0.0011778563015312,-0.0003621956163763001
aa,fr_efficientnetb4_EFS || imgnet_resnet34_FE,0.0009823182711198,0.0023557126030624,-0.0013733943319426001
aa,fr_efficientnetb4_EFS || imgnet_resnet34_FR,0.0007974481658692,0.0023557126030624,-0.0015582644371932002
aa,fr_efficientnetb4_EFS || imgnet_resnet34_FS,0.0037220843672456,0.0011778563015312,0.0025442280657144
aa,fr_efficientnetb4_EFS || imgnet_swin_ALL,0.0,0.0035335689045936,-0.0035335689045936
aa,fr_efficientnetb4_EFS || imgnet_swin_EFS,0.0,0.0047114252061248,-0.0047114252061248
aa,fr_efficientnetb4_EFS || imgnet_swin_FE,0.0,0.0,0.0
aa,fr_efficientnetb4_EFS || imgnet_swin_FR,0.0015082956259426,0.0023557126030624,-0.0008474169771198001
aa,fr_efficientnetb4_EFS || imgnet_swin_FS,0.0006265664160401,0.0047114252061248,-0.0040848587900847
aa,fr_efficientnetb4_EFS || imgnet_vit_ALL,0.0030911901081916,0.0011778563015312,0.0019133338066603999
aa,fr_efficientnetb4_EFS || imgnet_vit_EFS,0.0,0.0035335689045936,-0.0035335689045936
aa,fr_efficientnetb4_EFS || imgnet_vit_FE,0.0,0.0070671378091872,-0.0070671378091872
aa,fr_efficientnetb4_EFS || imgnet_vit_FR,0.0,0.0011778563015312,-0.0011778563015312
aa,fr_efficientnetb4_EFS || imgnet_vit_FS,0.0008389261744966,0.0023557126030624,-0.0015167864285658
aa,fr_efficientnetb4_EFS || imgnet_xception_ALL,0.1309851403412218,0.0023557126030624,0.1286294277381594
aa,fr_efficientnetb4_EFS || imgnet_xception_EFS,0.0067692307692307,0.0070671378091872,-0.00029790703995649995
aa,fr_efficientnetb4_EFS || imgnet_xception_FE,0.0022607385079125,0.0047114252061248,-0.0024506866982123006
aa,fr_efficientnetb4_EFS || imgnet_xception_FR,0.0080049261083743,0.0094228504122497,-0.0014179243038753998
aa,fr_efficientnetb4_EFS || imgnet_xception_FS,0.0197516930022573,0.005889281507656,0.013862411494601299
aa,fr_efficientnetb4_FE || imgnet_deit_ALL,0.0133010882708585,0.0014705882352941,0.0118305000355644
aa,fr_efficientnetb4_FE || imgnet_deit_EFS,0.00078125,0.0,0.00078125
aa,fr_efficientnetb4_FE || imgnet_deit_FE,0.0009090909090909,0.0,0.0009090909090909
aa,fr_efficientnetb4_FE || imgnet_deit_FR,0.0033898305084745,0.0014705882352941,0.0019192422731803998
aa,fr_efficientnetb4_FE || imgnet_deit_FS,0.0015255530129672,0.0,0.0015255530129672
aa,fr_efficientnetb4_FE || imgnet_efficientnetb4_ALL,0.0031813361611876,0.0029411764705882,0.00024015969059939992
aa,fr_efficientnetb4_FE || imgnet_efficientnetb4_EFS,0.002745367192862,0.0014705882352941,0.0012747789575679
aa,fr_efficientnetb4_FE || imgnet_efficientnetb4_FE,0.0007067137809187,0.0,0.0007067137809187
aa,fr_efficientnetb4_FE || imgnet_efficientnetb4_FR,0.0007993605115907,0.0014705882352941,-0.0006712277237034001
aa,fr_efficientnetb4_FE || imgnet_efficientnetb4_FS,0.0,0.0029411764705882,-0.0029411764705882
aa,fr_efficientnetb4_FE || imgnet_resnet34_ALL,0.0358974358974358,0.0029411764705882,0.0329562594268476
aa,fr_efficientnetb4_FE || imgnet_resnet34_EFS,0.0016313213703099,0.0014705882352941,0.0001607331350157999
aa,fr_efficientnetb4_FE || imgnet_resnet34_FE,0.0019646365422396,0.0,0.0019646365422396
aa,fr_efficientnetb4_FE || imgnet_resnet34_FR,0.0015948963317384,0.0,0.0015948963317384
aa,fr_efficientnetb4_FE || imgnet_resnet34_FS,0.0024813895781637,0.0014705882352941,0.0010108013428696
aa,fr_efficientnetb4_FE || imgnet_swin_ALL,0.0,0.0,0.0
aa,fr_efficientnetb4_FE || imgnet_swin_EFS,0.0007380073800738,0.0,0.0007380073800738
aa,fr_efficientnetb4_FE || imgnet_swin_FE,0.0,0.0,0.0
aa,fr_efficientnetb4_FE || imgnet_swin_FR,0.0,0.0044117647058823,-0.0044117647058823
aa,fr_efficientnetb4_FE || imgnet_swin_FS,0.0006265664160401,0.0,0.0006265664160401
aa,fr_efficientnetb4_FE || imgnet_vit_ALL,0.0010303967027305,0.0014705882352941,-0.00044019153256360014
aa,fr_efficientnetb4_FE || imgnet_vit_EFS,0.0,0.0014705882352941,-0.0014705882352941
aa,fr_efficientnetb4_FE || imgnet_vit_FE,0.000942507068803,0.0014705882352941,-0.0005280811664911001
aa,fr_efficientnetb4_FE || imgnet_vit_FR,0.0008873114463176,0.0,0.0008873114463176
aa,fr_efficientnetb4_FE || imgnet_vit_FS,0.0016778523489932,0.0,0.0016778523489932
aa,fr_efficientnetb4_FE || imgnet_xception_ALL,0.0990643918547055,0.0014705882352941,0.0975938036194114
aa,fr_efficientnetb4_FE || imgnet_xception_EFS,0.0073846153846153,0.0014705882352941,0.0059140271493212
aa,fr_efficientnetb4_FE || imgnet_xception_FE,0.001507159005275,0.0029411764705882,-0.0014340174653132002
aa,fr_efficientnetb4_FE || imgnet_xception_FR,0.0086206896551724,0.0029411764705882,0.005679513184584199
aa,fr_efficientnetb4_FE || imgnet_xception_FS,0.0214446952595936,0.0014705882352941,0.0199741070242995
aa,fr_efficientnetb4_FR || imgnet_deit_ALL,0.0,0.0045801526717557,-0.0045801526717557
aa,fr_efficientnetb4_FR || imgnet_deit_EFS,0.0,0.0,0.0
aa,fr_efficientnetb4_FR || imgnet_deit_FE,0.0,0.0,0.0
aa,fr_efficientnetb4_FR || imgnet_deit_FR,0.0011299435028248,0.0030534351145038,-0.0019234916116789998
aa,fr_efficientnetb4_FR || imgnet_deit_FS,0.0,0.0061068702290076,-0.0061068702290076
aa,fr_efficientnetb4_FR || imgnet_efficientnetb4_ALL,0.0090137857900318,0.0091603053435114,-0.00014651955347960016
aa,fr_efficientnetb4_FR || imgnet_efficientnetb4_EFS,0.0020590253946465,0.0061068702290076,-0.004047844834361099
aa,fr_efficientnetb4_FR || imgnet_efficientnetb4_FE,0.0056537102473498,0.0030534351145038,0.002600275132846
aa,fr_efficientnetb4_FR || imgnet_efficientnetb4_FR,0.0,0.0045801526717557,-0.0045801526717557
aa,fr_efficientnetb4_FR || imgnet_efficientnetb4_FS,0.0,0.0061068702290076,-0.0061068702290076
aa,fr_efficientnetb4_FR || imgnet_resnet34_ALL,0.025,0.0030534351145038,0.021946564885496202
aa,fr_efficientnetb4_FR || imgnet_resnet34_EFS,0.0008156606851549,0.0030534351145038,-0.0022377744293489
aa,fr_efficientnetb4_FR || imgnet_resnet34_FE,0.0,0.0015267175572519,-0.0015267175572519
aa,fr_efficientnetb4_FR || imgnet_resnet34_FR,0.0,0.0045801526717557,-0.0045801526717557
aa,fr_efficientnetb4_FR || imgnet_resnet34_FS,0.0,0.0045801526717557,-0.0045801526717557
aa,fr_efficientnetb4_FR || imgnet_swin_ALL,0.0,0.0015267175572519,-0.0015267175572519
aa,fr_efficientnetb4_FR || imgnet_swin_EFS,0.0,0.0045801526717557,-0.0045801526717557
aa,fr_efficientnetb4_FR || imgnet_swin_FE,0.0,0.0015267175572519,-0.0015267175572519
aa,fr_efficientnetb4_FR || imgnet_swin_FR,0.0,0.0015267175572519,-0.0015267175572519
aa,fr_efficientnetb4_FR || imgnet_swin_FS,0.0,0.0015267175572519,-0.0015267175572519
aa,fr_efficientnetb4_FR || imgnet_vit_ALL,0.0,0.0106870229007633,-0.0106870229007633
aa,fr_efficientnetb4_FR || imgnet_vit_EFS,0.0,0.0015267175572519,-0.0015267175572519
aa,fr_efficientnetb4_FR || imgnet_vit_FE,0.000942507068803,0.0,0.000942507068803
aa,fr_efficientnetb4_FR || imgnet_vit_FR,0.0,0.0030534351145038,-0.0030534351145038
aa,fr_efficientnetb4_FR || imgnet_vit_FS,0.0,0.0015267175572519,-0.0015267175572519
aa,fr_efficientnetb4_FR || imgnet_xception_ALL,0.0434782608695652,0.0061068702290076,0.037371390640557604
aa,fr_efficientnetb4_FR || imgnet_xception_EFS,0.0055384615384615,0.0030534351145038,0.0024850264239577
aa,fr_efficientnetb4_FR || imgnet_xception_FE,0.0007535795026375,0.0015267175572519,-0.0007731380546144
aa,fr_efficientnetb4_FR || imgnet_xception_FR,0.0135467980295566,0.0030534351145038,0.0104933629150528
aa,fr_efficientnetb4_FR || imgnet_xception_FS,0.0158013544018058,0.0015267175572519,0.014274636844553901
aa,fr_efficientnetb4_FS || imgnet_deit_ALL,0.0018137847642079,0.0,0.0018137847642079
aa,fr_efficientnetb4_FS || imgnet_deit_EFS,0.0,0.0006489292667099,-0.0006489292667099
aa,fr_efficientnetb4_FS || imgnet_deit_FE,0.0036363636363636,0.0,0.0036363636363636
aa,fr_efficientnetb4_FS || imgnet_deit_FR,0.0,0.0,0.0
aa,fr_efficientnetb4_FS || imgnet_deit_FS,0.0,0.0006489292667099,-0.0006489292667099
aa,fr_efficientnetb4_FS || imgnet_efficientnetb4_ALL,0.0047720042417815,0.0019467878001297,0.0028252164416518
aa,fr_efficientnetb4_FS || imgnet_efficientnetb4_EFS,0.004118050789293,0.0,0.004118050789293
aa,fr_efficientnetb4_FS || imgnet_efficientnetb4_FE,0.0190812720848056,0.0006489292667099,0.0184323428180957
aa,fr_efficientnetb4_FS || imgnet_efficientnetb4_FR,0.0,0.0006489292667099,-0.0006489292667099
aa,fr_efficientnetb4_FS || imgnet_efficientnetb4_FS,0.0,0.0019467878001297,-0.0019467878001297
aa,fr_efficientnetb4_FS || imgnet_resnet34_ALL,0.0352564102564102,0.0006489292667099,0.034607480989700304
aa,fr_efficientnetb4_FS || imgnet_resnet34_EFS,0.0057096247960848,0.0,0.0057096247960848
aa,fr_efficientnetb4_FS || imgnet_resnet34_FE,0.0,0.0,0.0
aa,fr_efficientnetb4_FS || imgnet_resnet34_FR,0.0,0.0,0.0
aa,fr_efficientnetb4_FS || imgnet_resnet34_FS,0.0,0.0,0.0
aa,fr_efficientnetb4_FS || imgnet_swin_ALL,0.0,0.0,0.0
aa,fr_efficientnetb4_FS || imgnet_swin_EFS,0.0,0.0,0.0
aa,fr_efficientnetb4_FS || imgnet_swin_FE,0.0,0.0,0.0
aa,fr_efficientnetb4_FS || imgnet_swin_FR,0.0,0.0,0.0
aa,fr_efficientnetb4_FS || imgnet_swin_FS,0.0,0.0,0.0
aa,fr_efficientnetb4_FS || imgnet_vit_ALL,0.0005151983513652,0.0,0.0005151983513652
aa,fr_efficientnetb4_FS || imgnet_vit_EFS,0.0,0.0,0.0
aa,fr_efficientnetb4_FS || imgnet_vit_FE,0.001885014137606,0.0,0.001885014137606
aa,fr_efficientnetb4_FS || imgnet_vit_FR,0.0,0.0,0.0
aa,fr_efficientnetb4_FS || imgnet_vit_FS,0.0033557046979865,0.0,0.0033557046979865
aa,fr_efficientnetb4_FS || imgnet_xception_ALL,0.1221794166208035,0.0,0.1221794166208035
aa,fr_efficientnetb4_FS || imgnet_xception_EFS,0.0018461538461538,0.0,0.0018461538461538
aa,fr_efficientnetb4_FS || imgnet_xception_FE,0.0060286360211002,0.0,0.0060286360211002
aa,fr_efficientnetb4_FS || imgnet_xception_FR,0.001847290640394,0.0,0.001847290640394
aa,fr_efficientnetb4_FS || imgnet_xception_FS,0.0107223476297968,0.0,0.0107223476297968
aa,fr_resnet34_ALL || imgnet_deit_ALL,0.3821039903264812,0.0022744503411675,0.37982953998531366
aa,fr_resnet34_ALL || imgnet_deit_EFS,0.046875,0.001516300227445,0.045358699772555
aa,fr_resnet34_ALL || imgnet_deit_FE,0.1172727272727272,0.0053070507960576,0.11196567647666959
aa,fr_resnet34_ALL || imgnet_deit_FR,0.2440677966101695,0.0007581501137225,0.243309646496447
aa,fr_resnet34_ALL || imgnet_deit_FS,0.110602593440122,0.0037907505686125,0.1068118428715095
aa,fr_resnet34_ALL || imgnet_efficientnetb4_ALL,0.4231177094379639,0.0037907505686125,0.4193269588693514
aa,fr_resnet34_ALL || imgnet_efficientnetb4_EFS,0.1969800960878517,0.0007581501137225,0.1962219459741292
aa,fr_resnet34_ALL || imgnet_efficientnetb4_FE,0.0798586572438162,0.0,0.0798586572438162
aa,fr_resnet34_ALL || imgnet_efficientnetb4_FR,0.2925659472422062,0.0,0.2925659472422062
aa,fr_resnet34_ALL || imgnet_efficientnetb4_FS,0.0116094986807387,0.0022744503411675,0.009335048339571201
aa,fr_resnet34_ALL || imgnet_resnet34_ALL,0.6814102564102564,0.0242608036391205,0.6571494527711359
aa,fr_resnet34_ALL || imgnet_resnet34_EFS,0.2618270799347471,0.0007581501137225,0.2610689298210246
aa,fr_resnet34_ALL || imgnet_resnet34_FE,0.0324165029469548,0.0,0.0324165029469548
aa,fr_resnet34_ALL || imgnet_resnet34_FR,0.4282296650717703,0.0,0.4282296650717703
aa,fr_resnet34_ALL || imgnet_resnet34_FS,0.336848635235732,0.0,0.336848635235732
aa,fr_resnet34_ALL || imgnet_swin_ALL,0.2847533632286995,0.0,0.2847533632286995
aa,fr_resnet34_ALL || imgnet_swin_EFS,0.1638376383763837,0.0,0.1638376383763837
aa,fr_resnet34_ALL || imgnet_swin_FE,0.0117773019271948,0.0,0.0117773019271948
aa,fr_resnet34_ALL || imgnet_swin_FR,0.0535444947209653,0.0,0.0535444947209653
aa,fr_resnet34_ALL || imgnet_swin_FS,0.2807017543859649,0.0,0.2807017543859649
aa,fr_resnet34_ALL || imgnet_vit_ALL,0.2452344152498712,0.001516300227445,0.24371811502242618
aa,fr_resnet34_ALL || imgnet_vit_EFS,0.0541666666666666,0.00303260045489,0.0511340662117766
aa,fr_resnet34_ALL || imgnet_vit_FE,0.0471253534401508,0.0045489006823351,0.0425764527578157
aa,fr_resnet34_ALL || imgnet_vit_FR,0.0984915705412599,0.0,0.0984915705412599
aa,fr_resnet34_ALL || imgnet_vit_FS,0.3154362416107382,0.0007581501137225,0.3146780914970157
aa,fr_resnet34_ALL || imgnet_xception_ALL,0.6708860759493671,0.0,0.6708860759493671
aa,fr_resnet34_ALL || imgnet_xception_EFS,0.344,0.0,0.344
aa,fr_resnet34_ALL || imgnet_xception_FE,0.0150715900527505,0.0,0.0150715900527505
aa,fr_resnet34_ALL || imgnet_xception_FR,0.0338669950738916,0.0,0.0338669950738916
aa,fr_resnet34_ALL || imgnet_xception_FS,0.4943566591422121,0.0,0.4943566591422121
aa,fr_resnet34_EFS || imgnet_deit_ALL,0.0743651753325272,0.0,0.0743651753325272
aa,fr_resnet34_EFS || imgnet_deit_EFS,0.00859375,0.0,0.00859375
aa,fr_resnet34_EFS || imgnet_deit_FE,0.0727272727272727,0.0,0.0727272727272727
aa,fr_resnet34_EFS || imgnet_deit_FR,0.0610169491525423,0.0,0.0610169491525423
aa,fr_resnet34_EFS || imgnet_deit_FS,0.0015255530129672,0.0,0.0015255530129672
aa,fr_resnet34_EFS || imgnet_efficientnetb4_ALL,0.0238600212089077,0.0,0.0238600212089077
aa,fr_resnet34_EFS || imgnet_efficientnetb4_EFS,0.0260809883321894,0.0,0.0260809883321894
aa,fr_resnet34_EFS || imgnet_efficientnetb4_FE,0.0275618374558303,0.0,0.0275618374558303
aa,fr_resnet34_EFS || imgnet_efficientnetb4_FR,0.0767386091127098,0.0,0.0767386091127098
aa,fr_resnet34_EFS || imgnet_efficientnetb4_FS,0.0010554089709762,0.0,0.0010554089709762
aa,fr_resnet34_EFS || imgnet_resnet34_ALL,0.25,0.0014326647564469,0.2485673352435531
aa,fr_resnet34_EFS || imgnet_resnet34_EFS,0.0668841761827079,0.0,0.0668841761827079
aa,fr_resnet34_EFS || imgnet_resnet34_FE,0.0284872298624754,0.0,0.0284872298624754
aa,fr_resnet34_EFS || imgnet_resnet34_FR,0.2200956937799043,0.0,0.2200956937799043
aa,fr_resnet34_EFS || imgnet_resnet34_FS,0.0260545905707196,0.0,0.0260545905707196
aa,fr_resnet34_EFS || imgnet_swin_ALL,0.0106502242152466,0.0,0.0106502242152466
aa,fr_resnet34_EFS || imgnet_swin_EFS,0.033210332103321,0.0,0.033210332103321
aa,fr_resnet34_EFS || imgnet_swin_FE,0.0032119914346895,0.0,0.0032119914346895
aa,fr_resnet34_EFS || imgnet_swin_FR,0.0150829562594268,0.0,0.0150829562594268
aa,fr_resnet34_EFS || imgnet_swin_FS,0.0150375939849624,0.0,0.0150375939849624
aa,fr_resnet34_EFS || imgnet_vit_ALL,0.0175167439464193,0.0,0.0175167439464193
aa,fr_resnet34_EFS || imgnet_vit_EFS,0.0104166666666666,0.0,0.0104166666666666
aa,fr_resnet34_EFS || imgnet_vit_FE,0.0273327049952874,0.0014326647564469,0.025900040238840502
aa,fr_resnet34_EFS || imgnet_vit_FR,0.0168589174800354,0.0,0.0168589174800354
aa,fr_resnet34_EFS || imgnet_vit_FS,0.009228187919463,0.0,0.009228187919463
aa,fr_resnet34_EFS || imgnet_xception_ALL,0.1750137589433131,0.0,0.1750137589433131
aa,fr_resnet34_EFS || imgnet_xception_EFS,0.0806153846153846,0.0,0.0806153846153846
aa,fr_resnet34_EFS || imgnet_xception_FE,0.0090429540316503,0.0,0.0090429540316503
aa,fr_resnet34_EFS || imgnet_xception_FR,0.0123152709359605,0.0,0.0123152709359605
aa,fr_resnet34_EFS || imgnet_xception_FS,0.0598194130925507,0.0,0.0598194130925507
aa,fr_resnet34_FE || imgnet_deit_ALL,0.1178960096735187,0.007158196134574,0.1107378135389447
aa,fr_resnet34_FE || imgnet_deit_EFS,0.00546875,0.0042949176807444,0.0011738323192556
aa,fr_resnet34_FE || imgnet_deit_FE,0.0172727272727272,0.0042949176807444,0.0129778095919828
aa,fr_resnet34_FE || imgnet_deit_FR,0.047457627118644,0.0014316392269148,0.0460259878917292
aa,fr_resnet34_FE || imgnet_deit_FS,0.0045766590389016,0.0021474588403722,0.0024292001985294002
aa,fr_resnet34_FE || imgnet_efficientnetb4_ALL,0.0296924708377518,0.007158196134574,0.0225342747031778
aa,fr_resnet34_FE || imgnet_efficientnetb4_EFS,0.005490734385724,0.0007158196134574,0.0047749147722666
aa,fr_resnet34_FE || imgnet_efficientnetb4_FE,0.0296819787985865,0.003579098067287,0.026102880731299502
aa,fr_resnet34_FE || imgnet_efficientnetb4_FR,0.0023980815347721,0.0007158196134574,0.0016822619213147
aa,fr_resnet34_FE || imgnet_efficientnetb4_FS,0.0,0.003579098067287,-0.003579098067287
aa,fr_resnet34_FE || imgnet_resnet34_ALL,0.3051282051282051,0.0093056549749463,0.2958225501532588
aa,fr_resnet34_FE || imgnet_resnet34_EFS,0.0269168026101141,0.0007158196134574,0.026200982996656703
aa,fr_resnet34_FE || imgnet_resnet34_FE,0.018664047151277,0.0021474588403722,0.0165165883109048
aa,fr_resnet34_FE || imgnet_resnet34_FR,0.0350877192982456,0.0,0.0350877192982456
aa,fr_resnet34_FE || imgnet_resnet34_FS,0.0353598014888337,0.0028632784538296,0.032496523035004096
aa,fr_resnet34_FE || imgnet_swin_ALL,0.0033632286995515,0.0014316392269148,0.0019315894726366998
aa,fr_resnet34_FE || imgnet_swin_EFS,0.0088560885608856,0.0021474588403722,0.0067086297205134
aa,fr_resnet34_FE || imgnet_swin_FE,0.0010706638115631,0.0007158196134574,0.0003548441981057
aa,fr_resnet34_FE || imgnet_swin_FR,0.0037707390648567,0.003579098067287,0.0001916409975696999
aa,fr_resnet34_FE || imgnet_swin_FS,0.006265664160401,0.0078740157480314,-0.0016083515876304001
aa,fr_resnet34_FE || imgnet_vit_ALL,0.0097887686759402,0.003579098067287,0.0062096706086531995
aa,fr_resnet34_FE || imgnet_vit_EFS,0.00625,0.0064423765211166,-0.0001923765211165997
aa,fr_resnet34_FE || imgnet_vit_FE,0.0103675777568331,0.0100214745884037,0.000346103168429401
aa,fr_resnet34_FE || imgnet_vit_FR,0.0115350488021295,0.0057265569076592,0.005808491894470301
aa,fr_resnet34_FE || imgnet_vit_FS,0.0184563758389261,0.0050107372942018,0.0134456385447243
aa,fr_resnet34_FE || imgnet_xception_ALL,0.4413869014859659,0.0021474588403722,0.43923944264559367
aa,fr_resnet34_FE || imgnet_xception_EFS,0.1304615384615384,0.0014316392269148,0.1290298992346236
aa,fr_resnet34_FE || imgnet_xception_FE,0.0037678975131876,0.0021474588403722,0.0016204386728154003
aa,fr_resnet34_FE || imgnet_xception_FR,0.0043103448275862,0.0014316392269148,0.0028787056006714
aa,fr_resnet34_FE || imgnet_xception_FS,0.1015801354401805,0.0014316392269148,0.1001484962132657
aa,fr_resnet34_FR || imgnet_deit_ALL,0.3288996372430471,0.0,0.3288996372430471
aa,fr_resnet34_FR || imgnet_deit_EFS,0.03671875,0.0,0.03671875
aa,fr_resnet34_FR || imgnet_deit_FE,0.069090909090909,0.0,0.069090909090909
aa,fr_resnet34_FR || imgnet_deit_FR,0.343502824858757,0.0,0.343502824858757
aa,fr_resnet34_FR || imgnet_deit_FS,0.0556826849733028,0.0,0.0556826849733028
aa,fr_resnet34_FR || imgnet_efficientnetb4_ALL,0.1845174973488865,0.0,0.1845174973488865
aa,fr_resnet34_FR || imgnet_efficientnetb4_EFS,0.0583390528483184,0.0,0.0583390528483184
aa,fr_resnet34_FR || imgnet_efficientnetb4_FE,0.0883392226148409,0.0,0.0883392226148409
aa,fr_resnet34_FR || imgnet_efficientnetb4_FR,0.3844924060751399,0.0,0.3844924060751399
aa,fr_resnet34_FR || imgnet_efficientnetb4_FS,0.0021108179419525,0.0,0.0021108179419525
aa,fr_resnet34_FR || imgnet_resnet34_ALL,0.532051282051282,0.0008613264427217,0.5311899556085603
aa,fr_resnet34_FR || imgnet_resnet34_EFS,0.0285481239804241,0.0,0.0285481239804241
aa,fr_resnet34_FR || imgnet_resnet34_FE,0.0206286836935167,0.0,0.0206286836935167
aa,fr_resnet34_FR || imgnet_resnet34_FR,0.5303030303030303,0.0,0.5303030303030303
aa,fr_resnet34_FR || imgnet_resnet34_FS,0.0601736972704714,0.0,0.0601736972704714
aa,fr_resnet34_FR || imgnet_swin_ALL,0.1300448430493273,0.0,0.1300448430493273
aa,fr_resnet34_FR || imgnet_swin_EFS,0.0826568265682656,0.0,0.0826568265682656
aa,fr_resnet34_FR || imgnet_swin_FE,0.0042826552462526,0.0,0.0042826552462526
aa,fr_resnet34_FR || imgnet_swin_FR,0.1659125188536953,0.0,0.1659125188536953
aa,fr_resnet34_FR || imgnet_swin_FS,0.1447368421052631,0.0,0.1447368421052631
aa,fr_resnet34_FR || imgnet_vit_ALL,0.1179804224626481,0.0,0.1179804224626481
aa,fr_resnet34_FR || imgnet_vit_EFS,0.03125,0.0,0.03125
aa,fr_resnet34_FR || imgnet_vit_FE,0.0226201696512723,0.0,0.0226201696512723
aa,fr_resnet34_FR || imgnet_vit_FR,0.1339840283939662,0.0,0.1339840283939662
aa,fr_resnet34_FR || imgnet_vit_FS,0.0763422818791946,0.0,0.0763422818791946
aa,fr_resnet34_FR || imgnet_xception_ALL,0.5608145294441387,0.0,0.5608145294441387
aa,fr_resnet34_FR || imgnet_xception_EFS,0.2596923076923076,0.0,0.2596923076923076
aa,fr_resnet34_FR || imgnet_xception_FE,0.0075357950263752,0.0,0.0075357950263752
aa,fr_resnet34_FR || imgnet_xception_FR,0.0301724137931034,0.0,0.0301724137931034
aa,fr_resnet34_FR || imgnet_xception_FS,0.2432279909706546,0.0,0.2432279909706546
aa,fr_resnet34_FS || imgnet_deit_ALL,0.2980652962515115,0.0,0.2980652962515115
aa,fr_resnet34_FS || imgnet_deit_EFS,0.02109375,0.0,0.02109375
aa,fr_resnet34_FS || imgnet_deit_FE,0.059090909090909,0.0,0.059090909090909
aa,fr_resnet34_FS || imgnet_deit_FR,0.1672316384180791,0.0,0.1672316384180791
aa,fr_resnet34_FS || imgnet_deit_FS,0.1250953470633104,0.0,0.1250953470633104
aa,fr_resnet34_FS || imgnet_efficientnetb4_ALL,0.1394485683987274,0.001806684733514,0.1376418836652134
aa,fr_resnet34_FS || imgnet_efficientnetb4_EFS,0.0233356211393273,0.000903342366757,0.0224322787725703
aa,fr_resnet34_FS || imgnet_efficientnetb4_FE,0.0734982332155477,0.000903342366757,0.0725948908487907
aa,fr_resnet34_FS || imgnet_efficientnetb4_FR,0.1798561151079136,0.0,0.1798561151079136
aa,fr_resnet34_FS || imgnet_efficientnetb4_FS,0.0147757255936675,0.002710027100271,0.0120656984933965
aa,fr_resnet34_FS || imgnet_resnet34_ALL,0.4865384615384615,0.002710027100271,0.48382843443819046
aa,fr_resnet34_FS || imgnet_resnet34_EFS,0.030179445350734,0.0,0.030179445350734
aa,fr_resnet34_FS || imgnet_resnet34_FE,0.0117878192534381,0.001806684733514,0.0099811345199241
aa,fr_resnet34_FS || imgnet_resnet34_FR,0.1650717703349282,0.0,0.1650717703349282
aa,fr_resnet34_FS || imgnet_resnet34_FS,0.1904466501240694,0.0,0.1904466501240694
aa,fr_resnet34_FS || imgnet_swin_ALL,0.0829596412556053,0.0,0.0829596412556053
aa,fr_resnet34_FS || imgnet_swin_EFS,0.0280442804428044,0.0,0.0280442804428044
aa,fr_resnet34_FS || imgnet_swin_FE,0.0021413276231263,0.0,0.0021413276231263
aa,fr_resnet34_FS || imgnet_swin_FR,0.0641025641025641,0.0,0.0641025641025641
aa,fr_resnet34_FS || imgnet_swin_FS,0.3333333333333333,0.000903342366757,0.3324299909665763
aa,fr_resnet34_FS || imgnet_vit_ALL,0.0556414219474497,0.000903342366757,0.0547380795806927
aa,fr_resnet34_FS || imgnet_vit_EFS,0.0194444444444444,0.000903342366757,0.0185411020776874
aa,fr_resnet34_FS || imgnet_vit_FE,0.0226201696512723,0.001806684733514,0.0208134849177583
aa,fr_resnet34_FS || imgnet_vit_FR,0.0337178349600709,0.0,0.0337178349600709
aa,fr_resnet34_FS || imgnet_vit_FS,0.2298657718120805,0.0,0.2298657718120805
aa,fr_resnet34_FS || imgnet_xception_ALL,0.527242707760044,0.000903342366757,0.526339365393287
aa,fr_resnet34_FS || imgnet_xception_EFS,0.2818461538461538,0.0,0.2818461538461538
aa,fr_resnet34_FS || imgnet_xception_FE,0.0173323285606631,0.0,0.0173323285606631
aa,fr_resnet34_FS || imgnet_xception_FR,0.0129310344827586,0.0,0.0129310344827586
aa,fr_resnet34_FS || imgnet_xception_FS,0.4204288939051919,0.0,0.4204288939051919
aa,fr_swin_ALL || imgnet_deit_ALL,0.0012091898428053,0.0103626943005181,-0.0091535044577128
aa,fr_swin_ALL || imgnet_deit_EFS,0.0,0.001480384900074,-0.001480384900074
aa,fr_swin_ALL || imgnet_deit_FE,0.0027272727272727,0.004441154700222,-0.0017138819729493001
aa,fr_swin_ALL || imgnet_deit_FR,0.0,0.00740192450037,-0.00740192450037
aa,fr_swin_ALL || imgnet_deit_FS,0.0,0.004441154700222,-0.004441154700222
aa,fr_swin_ALL || imgnet_efficientnetb4_ALL,0.0190880169671261,0.004441154700222,0.0146468622669041
aa,fr_swin_ALL || imgnet_efficientnetb4_EFS,0.001372683596431,0.002220577350111,-0.0008478937536800001
aa,fr_swin_ALL || imgnet_efficientnetb4_FE,0.0014134275618374,0.0,0.0014134275618374
aa,fr_swin_ALL || imgnet_efficientnetb4_FR,0.0007993605115907,0.002220577350111,-0.0014212168385203002
aa,fr_swin_ALL || imgnet_efficientnetb4_FS,0.0,0.002220577350111,-0.002220577350111
aa,fr_swin_ALL || imgnet_resnet34_ALL,0.0493589743589743,0.004441154700222,0.0449178196587523
aa,fr_swin_ALL || imgnet_resnet34_EFS,0.0,0.000740192450037,-0.000740192450037
aa,fr_swin_ALL || imgnet_resnet34_FE,0.0,0.000740192450037,-0.000740192450037
aa,fr_swin_ALL || imgnet_resnet34_FR,0.0015948963317384,0.001480384900074,0.00011451143166439984
aa,fr_swin_ALL || imgnet_resnet34_FS,0.0037220843672456,0.001480384900074,0.0022416994671716
aa,fr_swin_ALL || imgnet_swin_ALL,0.0,0.0088823094004441,-0.0088823094004441
aa,fr_swin_ALL || imgnet_swin_EFS,0.0,0.001480384900074,-0.001480384900074
aa,fr_swin_ALL || imgnet_swin_FE,0.0,0.004441154700222,-0.004441154700222
aa,fr_swin_ALL || imgnet_swin_FR,0.0,0.0096225018504811,-0.0096225018504811
aa,fr_swin_ALL || imgnet_swin_FS,0.0075187969924812,0.006661732050333,0.0008570649421482
aa,fr_swin_ALL || imgnet_vit_ALL,0.0,0.006661732050333,-0.006661732050333
aa,fr_swin_ALL || imgnet_vit_EFS,0.0,0.005181347150259,-0.005181347150259
aa,fr_swin_ALL || imgnet_vit_FE,0.0,0.005921539600296,-0.005921539600296
aa,fr_swin_ALL || imgnet_vit_FR,0.0,0.002220577350111,-0.002220577350111
aa,fr_swin_ALL || imgnet_vit_FS,0.0008389261744966,0.002220577350111,-0.0013816511756144
aa,fr_swin_ALL || imgnet_xception_ALL,0.0236653824986241,0.0,0.0236653824986241
aa,fr_swin_ALL || imgnet_xception_EFS,0.003076923076923,0.0,0.003076923076923
aa,fr_swin_ALL || imgnet_xception_FE,0.0022607385079125,0.0,0.0022607385079125
aa,fr_swin_ALL || imgnet_xception_FR,0.0080049261083743,0.0,0.0080049261083743
aa,fr_swin_ALL || imgnet_xception_FS,0.0124153498871331,0.000740192450037,0.011675157437096101
aa,fr_swin_EFS || imgnet_deit_ALL,0.0024183796856106,0.0111016225448334,-0.008683242859222801
aa,fr_swin_EFS || imgnet_deit_EFS,0.0,0.0085397096498719,-0.0085397096498719
aa,fr_swin_EFS || imgnet_deit_FE,0.0036363636363636,0.0059777967549103,-0.0023414331185466998
aa,fr_swin_EFS || imgnet_deit_FR,0.0,0.0025619128949615,-0.0025619128949615
aa,fr_swin_EFS || imgnet_deit_FS,0.0,0.0059777967549103,-0.0059777967549103
aa,fr_swin_EFS || imgnet_efficientnetb4_ALL,0.0233297985153764,0.0017079419299743,0.0216218565854021
aa,fr_swin_EFS || imgnet_efficientnetb4_EFS,0.001372683596431,0.0025619128949615,-0.0011892292985304998
aa,fr_swin_EFS || imgnet_efficientnetb4_FE,0.0021201413427561,0.0008539709649871,0.0012661703777689997
aa,fr_swin_EFS || imgnet_efficientnetb4_FR,0.0031974420463629,0.0025619128949615,0.0006355291514014002
aa,fr_swin_EFS || imgnet_efficientnetb4_FS,0.0015831134564643,0.0008539709649871,0.0007291424914772001
aa,fr_swin_EFS || imgnet_resnet34_ALL,0.0634615384615384,0.0042698548249359,0.0591916836366025
aa,fr_swin_EFS || imgnet_resnet34_EFS,0.0,0.0017079419299743,-0.0017079419299743
aa,fr_swin_EFS || imgnet_resnet34_FE,0.0,0.0017079419299743,-0.0017079419299743
aa,fr_swin_EFS || imgnet_resnet34_FR,0.0031897926634768,0.0008539709649871,0.0023358216984896998
aa,fr_swin_EFS || imgnet_resnet34_FS,0.0006203473945409,0.0025619128949615,-0.0019415655004205998
aa,fr_swin_EFS || imgnet_swin_ALL,0.0005605381165919,0.0085397096498719,-0.00797917153328
aa,fr_swin_EFS || imgnet_swin_EFS,0.0,0.0,0.0
aa,fr_swin_EFS || imgnet_swin_FE,0.0010706638115631,0.0042698548249359,-0.0031991910133728
aa,fr_swin_EFS || imgnet_swin_FR,0.0,0.0102476515798462,-0.0102476515798462
aa,fr_swin_EFS || imgnet_swin_FS,0.0018796992481203,0.0042698548249359,-0.0023901555768156
aa,fr_swin_EFS || imgnet_vit_ALL,0.0,0.0034158838599487,-0.0034158838599487
aa,fr_swin_EFS || imgnet_vit_EFS,0.0,0.0102476515798462,-0.0102476515798462
aa,fr_swin_EFS || imgnet_vit_FE,0.0,0.009393680614859,-0.009393680614859
aa,fr_swin_EFS || imgnet_vit_FR,0.0,0.0051238257899231,-0.0051238257899231
aa,fr_swin_EFS || imgnet_vit_FS,0.0,0.0017079419299743,-0.0017079419299743
aa,fr_swin_EFS || imgnet_xception_ALL,0.0148596587782058,0.0008539709649871,0.0140056878132187
aa,fr_swin_EFS || imgnet_xception_EFS,0.0061538461538461,0.0008539709649871,0.005299875188859
aa,fr_swin_EFS || imgnet_xception_FE,0.0007535795026375,0.0017079419299743,-0.0009543624273368
aa,fr_swin_EFS || imgnet_xception_FR,0.0086206896551724,0.0008539709649871,0.0077667186901853
aa,fr_swin_EFS || imgnet_xception_FS,0.0163656884875846,0.0017079419299743,0.014657746557610301
aa,fr_swin_FE || imgnet_deit_ALL,0.0,0.2512926577042399,-0.2512926577042399
aa,fr_swin_FE || imgnet_deit_EFS,0.0,0.218200620475698,-0.218200620475698
aa,fr_swin_FE || imgnet_deit_FE,0.0,0.2140641158221303,-0.2140641158221303
aa,fr_swin_FE || imgnet_deit_FR,0.0,0.1447776628748707,-0.1447776628748707
aa,fr_swin_FE || imgnet_deit_FS,0.0,0.2140641158221303,-0.2140641158221303
aa,fr_swin_FE || imgnet_efficientnetb4_ALL,0.0217391304347826,0.2068252326783867,-0.1850861022436041
aa,fr_swin_FE || imgnet_efficientnetb4_EFS,0.0,0.1189245087900724,-0.1189245087900724
aa,fr_swin_FE || imgnet_efficientnetb4_FE,0.0007067137809187,0.1375387797311272,-0.1368320659502085
aa,fr_swin_FE || imgnet_efficientnetb4_FR,0.0047961630695443,0.1199586349534643,-0.11516247188392001
aa,fr_swin_FE || imgnet_efficientnetb4_FS,0.0005277044854881,0.1913133402275077,-0.1907856357420196
aa,fr_swin_FE || imgnet_resnet34_ALL,0.0429487179487179,0.1902792140641158,-0.1473304961153979
aa,fr_swin_FE || imgnet_resnet34_EFS,0.0,0.1189245087900724,-0.1189245087900724
aa,fr_swin_FE || imgnet_resnet34_FE,0.0,0.108583247156153,-0.108583247156153
aa,fr_swin_FE || imgnet_resnet34_FR,0.0023923444976076,0.1509824198552223,-0.14859007535761468
aa,fr_swin_FE || imgnet_resnet34_FS,0.0024813895781637,0.1437435367114788,-0.14126214713331509
aa,fr_swin_FE || imgnet_swin_ALL,0.0,0.1985522233712512,-0.1985522233712512
aa,fr_swin_FE || imgnet_swin_EFS,0.0,0.1695966907962771,-0.1695966907962771
aa,fr_swin_FE || imgnet_swin_FE,0.0010706638115631,0.0992761116856256,-0.0982054478740625
aa,fr_swin_FE || imgnet_swin_FR,0.0,0.2874870734229576,-0.2874870734229576
aa,fr_swin_FE || imgnet_swin_FS,0.0,0.2119958634953464,-0.2119958634953464
aa,fr_swin_FE || imgnet_vit_ALL,0.0,0.2781799379524302,-0.2781799379524302
aa,fr_swin_FE || imgnet_vit_EFS,0.0,0.2368148914167528,-0.2368148914167528
aa,fr_swin_FE || imgnet_vit_FE,0.0,0.2450879007238883,-0.2450879007238883
aa,fr_swin_FE || imgnet_vit_FR,0.0,0.1644260599793174,-0.1644260599793174
aa,fr_swin_FE || imgnet_vit_FS,0.0,0.2099276111685625,-0.2099276111685625
aa,fr_swin_FE || imgnet_xception_ALL,0.0126582278481012,0.0868665977249224,-0.07420836987682121
aa,fr_swin_FE || imgnet_xception_EFS,0.0055384615384615,0.1003102378490175,-0.094771776310556
aa,fr_swin_FE || imgnet_xception_FE,0.0007535795026375,0.0879007238883143,-0.08714714438567679
aa,fr_swin_FE || imgnet_xception_FR,0.0061576354679802,0.0837642192347466,-0.0776065837667664
aa,fr_swin_FE || imgnet_xception_FS,0.0146726862302483,0.0992761116856256,-0.0846034254553773
aa,fr_swin_FR || imgnet_deit_ALL,0.0,0.0304878048780487,-0.0304878048780487
aa,fr_swin_FR || imgnet_deit_EFS,0.0,0.0091463414634146,-0.0091463414634146
aa,fr_swin_FR || imgnet_deit_FE,0.0018181818181818,0.0091463414634146,-0.0073281596452328
aa,fr_swin_FR || imgnet_deit_FR,0.0,0.0193089430894308,-0.0193089430894308
aa,fr_swin_FR || imgnet_deit_FS,0.0,0.0142276422764227,-0.0142276422764227
aa,fr_swin_FR || imgnet_efficientnetb4_ALL,0.0376458112407211,0.0223577235772357,0.015288087663485397
aa,fr_swin_FR || imgnet_efficientnetb4_EFS,0.0020590253946465,0.0060975609756097,-0.0040385355809632005
aa,fr_swin_FR || imgnet_efficientnetb4_FE,0.0014134275618374,0.008130081300813,-0.006716653738975601
aa,fr_swin_FR || imgnet_efficientnetb4_FR,0.0031974420463629,0.0121951219512195,-0.0089976799048566
aa,fr_swin_FR || imgnet_efficientnetb4_FS,0.0,0.0111788617886178,-0.0111788617886178
aa,fr_swin_FR || imgnet_resnet34_ALL,0.05,0.0132113821138211,0.036788617886178904
aa,fr_swin_FR || imgnet_resnet34_EFS,0.0,0.0050813008130081,-0.0050813008130081
aa,fr_swin_FR || imgnet_resnet34_FE,0.0,0.0060975609756097,-0.0060975609756097
aa,fr_swin_FR || imgnet_resnet34_FR,0.0031897926634768,0.0193089430894308,-0.016119150425954
aa,fr_swin_FR || imgnet_resnet34_FS,0.0012406947890818,0.0091463414634146,-0.0079056466743328
aa,fr_swin_FR || imgnet_swin_ALL,0.0005605381165919,0.0182926829268292,-0.017732144810237303
aa,fr_swin_FR || imgnet_swin_EFS,0.0,0.016260162601626,-0.016260162601626
aa,fr_swin_FR || imgnet_swin_FE,0.0,0.0060975609756097,-0.0060975609756097
aa,fr_swin_FR || imgnet_swin_FR,0.0,0.0711382113821138,-0.0711382113821138
aa,fr_swin_FR || imgnet_swin_FS,0.0,0.0142276422764227,-0.0142276422764227
aa,fr_swin_FR || imgnet_vit_ALL,0.0,0.0203252032520325,-0.0203252032520325
aa,fr_swin_FR || imgnet_vit_EFS,0.0,0.0172764227642276,-0.0172764227642276
aa,fr_swin_FR || imgnet_vit_FE,0.0,0.0121951219512195,-0.0121951219512195
aa,fr_swin_FR || imgnet_vit_FR,0.0,0.0254065040650406,-0.0254065040650406
aa,fr_swin_FR || imgnet_vit_FS,0.0,0.0172764227642276,-0.0172764227642276
aa,fr_swin_FR || imgnet_xception_ALL,0.0165107319757842,0.008130081300813,0.0083806506749712
aa,fr_swin_FR || imgnet_xception_EFS,0.0049230769230769,0.0020325203252032,0.0028905565978736996
aa,fr_swin_FR || imgnet_xception_FE,0.0007535795026375,0.0020325203252032,-0.0012789408225657001
aa,fr_swin_FR || imgnet_xception_FR,0.0135467980295566,0.0060975609756097,0.007449237053946901
aa,fr_swin_FR || imgnet_xception_FS,0.0118510158013544,0.0101626016260162,0.0016884141753382015
aa,fr_swin_FS || imgnet_deit_ALL,0.0006045949214026,0.0323159784560143,-0.0317113835346117
aa,fr_swin_FS || imgnet_deit_EFS,0.0,0.0125673249551166,-0.0125673249551166
aa,fr_swin_FS || imgnet_deit_FE,0.0018181818181818,0.0125673249551166,-0.0107491431369348
aa,fr_swin_FS || imgnet_deit_FR,0.0,0.0197486535008976,-0.0197486535008976
aa,fr_swin_FS || imgnet_deit_FS,0.0015255530129672,0.044883303411131,-0.043357750398163794
aa,fr_swin_FS || imgnet_efficientnetb4_ALL,0.0233297985153764,0.0089766606822262,0.0143531378331502
aa,fr_swin_FS || imgnet_efficientnetb4_EFS,0.0006863417982155,0.0053859964093357,-0.004699654611120201
aa,fr_swin_FS || imgnet_efficientnetb4_FE,0.0007067137809187,0.0197486535008976,-0.0190419397199789
aa,fr_swin_FS || imgnet_efficientnetb4_FR,0.0047961630695443,0.0071813285457809,-0.0023851654762366004
aa,fr_swin_FS || imgnet_efficientnetb4_FS,0.0005277044854881,0.0071813285457809,-0.006653624060292801
aa,fr_swin_FS || imgnet_resnet34_ALL,0.0339743589743589,0.0143626570915619,0.019611701882797004
aa,fr_swin_FS || imgnet_resnet34_EFS,0.0,0.0053859964093357,-0.0053859964093357
aa,fr_swin_FS || imgnet_resnet34_FE,0.0,0.0017953321364452,-0.0017953321364452
aa,fr_swin_FS || imgnet_resnet34_FR,0.0023923444976076,0.0089766606822262,-0.0065843161846186
aa,fr_swin_FS || imgnet_resnet34_FS,0.0006203473945409,0.0071813285457809,-0.00656098115124
aa,fr_swin_FS || imgnet_swin_ALL,0.0005605381165919,0.0430879712746858,-0.042527433158093896
aa,fr_swin_FS || imgnet_swin_EFS,0.0,0.0179533213644524,-0.0179533213644524
aa,fr_swin_FS || imgnet_swin_FE,0.0,0.0233393177737881,-0.0233393177737881
aa,fr_swin_FS || imgnet_swin_FR,0.0,0.0359066427289048,-0.0359066427289048
aa,fr_swin_FS || imgnet_swin_FS,0.0031328320802005,0.0341113105924596,-0.0309784785122591
aa,fr_swin_FS || imgnet_vit_ALL,0.0,0.03770197486535,-0.03770197486535
aa,fr_swin_FS || imgnet_vit_EFS,0.0,0.0215439856373429,-0.0215439856373429
aa,fr_swin_FS || imgnet_vit_FE,0.0,0.0179533213644524,-0.0179533213644524
aa,fr_swin_FS || imgnet_vit_FR,0.0,0.0089766606822262,-0.0089766606822262
aa,fr_swin_FS || imgnet_vit_FS,0.0,0.0359066427289048,-0.0359066427289048
aa,fr_swin_FS || imgnet_xception_ALL,0.0077050082553659,0.0053859964093357,0.002319011846030199
aa,fr_swin_FS || imgnet_xception_EFS,0.0049230769230769,0.0071813285457809,-0.0022582516227040005
aa,fr_swin_FS || imgnet_xception_FE,0.001507159005275,0.0017953321364452,-0.0002881731311702
aa,fr_swin_FS || imgnet_xception_FR,0.0123152709359605,0.0017953321364452,0.0105199387995153
aa,fr_swin_FS || imgnet_xception_FS,0.0197516930022573,0.0053859964093357,0.014365696592921598
aa,fr_vit_ALL || imgnet_deit_ALL,0.0006045949214026,0.0126916975145425,-0.0120871025931399
aa,fr_vit_ALL || imgnet_deit_EFS,0.00078125,0.0047593865679534,-0.0039781365679534
aa,fr_vit_ALL || imgnet_deit_FE,0.0054545454545454,0.0047593865679534,0.0006951588865920007
aa,fr_vit_ALL || imgnet_deit_FR,0.0,0.0063458487572712,-0.0063458487572712
aa,fr_vit_ALL || imgnet_deit_FS,0.0,0.0111052353252247,-0.0111052353252247
aa,fr_vit_ALL || imgnet_efficientnetb4_ALL,0.04135737009544,0.0089899524061343,0.0323674176893057
aa,fr_vit_ALL || imgnet_efficientnetb4_EFS,0.0020590253946465,0.0042305658381808,-0.0021715404435343004
aa,fr_vit_ALL || imgnet_efficientnetb4_FE,0.0035335689045936,0.002644103648863,0.0008894652557306002
aa,fr_vit_ALL || imgnet_efficientnetb4_FR,0.0047961630695443,0.0063458487572712,-0.0015496856877269
aa,fr_vit_ALL || imgnet_efficientnetb4_FS,0.0010554089709762,0.0063458487572712,-0.0052904397862950005
aa,fr_vit_ALL || imgnet_resnet34_ALL,0.1474358974358974,0.0063458487572712,0.1410900486786262
aa,fr_vit_ALL || imgnet_resnet34_EFS,0.0,0.0037017451084082,-0.0037017451084082
aa,fr_vit_ALL || imgnet_resnet34_FE,0.0,0.0005288207297726,-0.0005288207297726
aa,fr_vit_ALL || imgnet_resnet34_FR,0.0031897926634768,0.0047593865679534,-0.0015695939044765997
aa,fr_vit_ALL || imgnet_resnet34_FS,0.0018610421836228,0.0031729243786356,-0.0013118821950128
aa,fr_vit_ALL || imgnet_swin_ALL,0.0028026905829596,0.0063458487572712,-0.0035431581743116
aa,fr_vit_ALL || imgnet_swin_EFS,0.0,0.0021152829190904,-0.0021152829190904
aa,fr_vit_ALL || imgnet_swin_FE,0.0,0.0015864621893178,-0.0015864621893178
aa,fr_vit_ALL || imgnet_swin_FR,0.0,0.0047593865679534,-0.0047593865679534
aa,fr_vit_ALL || imgnet_swin_FS,0.0081453634085213,0.0031729243786356,0.004972439029885699
aa,fr_vit_ALL || imgnet_vit_ALL,0.0,0.0137493389740877,-0.0137493389740877
aa,fr_vit_ALL || imgnet_vit_EFS,0.0,0.0074034902168164,-0.0074034902168164
aa,fr_vit_ALL || imgnet_vit_FE,0.0,0.0079323109465891,-0.0079323109465891
aa,fr_vit_ALL || imgnet_vit_FR,0.0,0.0068746694870438,-0.0068746694870438
aa,fr_vit_ALL || imgnet_vit_FS,0.0008389261744966,0.0031729243786356,-0.002333998204139
aa,fr_vit_ALL || imgnet_xception_ALL,0.0517336268574573,0.0042305658381808,0.047503061019276496
aa,fr_vit_ALL || imgnet_xception_EFS,0.0006153846153846,0.0021152829190904,-0.0014998983037058
aa,fr_vit_ALL || imgnet_xception_FE,0.0007535795026375,0.0010576414595452,-0.0003040619569077001
aa,fr_vit_ALL || imgnet_xception_FR,0.001231527093596,0.0031729243786356,-0.0019413972850396
aa,fr_vit_ALL || imgnet_xception_FS,0.0095936794582392,0.0021152829190904,0.0074783965391488
aa,fr_vit_EFS || imgnet_deit_ALL,0.0,0.0641148325358851,-0.0641148325358851
aa,fr_vit_EFS || imgnet_deit_EFS,0.0,0.0688995215311004,-0.0688995215311004
aa,fr_vit_EFS || imgnet_deit_FE,0.0045454545454545,0.0440191387559808,-0.0394736842105263
aa,fr_vit_EFS || imgnet_deit_FR,0.0,0.0306220095693779,-0.0306220095693779
aa,fr_vit_EFS || imgnet_deit_FS,0.0,0.0459330143540669,-0.0459330143540669
aa,fr_vit_EFS || imgnet_efficientnetb4_ALL,0.0090137857900318,0.0401913875598086,-0.031177601769776797
aa,fr_vit_EFS || imgnet_efficientnetb4_EFS,0.0006863417982155,0.0526315789473684,-0.0519452371491529
aa,fr_vit_EFS || imgnet_efficientnetb4_FE,0.0014134275618374,0.0373205741626794,-0.035907146600842
aa,fr_vit_EFS || imgnet_efficientnetb4_FR,0.0007993605115907,0.0296650717703349,-0.028865711258744202
aa,fr_vit_EFS || imgnet_efficientnetb4_FS,0.0,0.0296650717703349,-0.0296650717703349
aa,fr_vit_EFS || imgnet_resnet34_ALL,0.05,0.0727272727272727,-0.022727272727272693
aa,fr_vit_EFS || imgnet_resnet34_EFS,0.0,0.0507177033492822,-0.0507177033492822
aa,fr_vit_EFS || imgnet_resnet34_FE,0.0,0.0277511961722488,-0.0277511961722488
aa,fr_vit_EFS || imgnet_resnet34_FR,0.0,0.0411483253588516,-0.0411483253588516
aa,fr_vit_EFS || imgnet_resnet34_FS,0.0,0.0401913875598086,-0.0401913875598086
aa,fr_vit_EFS || imgnet_swin_ALL,0.0,0.0698564593301435,-0.0698564593301435
aa,fr_vit_EFS || imgnet_swin_EFS,0.0,0.0344497607655502,-0.0344497607655502
aa,fr_vit_EFS || imgnet_swin_FE,0.0,0.0248803827751196,-0.0248803827751196
aa,fr_vit_EFS || imgnet_swin_FR,0.0,0.0516746411483253,-0.0516746411483253
aa,fr_vit_EFS || imgnet_swin_FS,0.0018796992481203,0.0306220095693779,-0.0287423103212576
aa,fr_vit_EFS || imgnet_vit_ALL,0.0,0.0736842105263157,-0.0736842105263157
aa,fr_vit_EFS || imgnet_vit_EFS,0.0,0.0976076555023923,-0.0976076555023923
aa,fr_vit_EFS || imgnet_vit_FE,0.0,0.0516746411483253,-0.0516746411483253
aa,fr_vit_EFS || imgnet_vit_FR,0.0,0.0267942583732057,-0.0267942583732057
aa,fr_vit_EFS || imgnet_vit_FS,0.0,0.0258373205741626,-0.0258373205741626
aa,fr_vit_EFS || imgnet_xception_ALL,0.0220143093010456,0.0248803827751196,-0.002866073474073999
aa,fr_vit_EFS || imgnet_xception_EFS,0.0055384615384615,0.0220095693779904,-0.0164711078395289
aa,fr_vit_EFS || imgnet_xception_FE,0.0007535795026375,0.0191387559808612,-0.018385176478223703
aa,fr_vit_EFS || imgnet_xception_FR,0.0092364532019704,0.0153110047846889,-0.006074551582718499
aa,fr_vit_EFS || imgnet_xception_FS,0.0191873589164785,0.0220095693779904,-0.0028222104615119002
aa,fr_vit_FE || imgnet_deit_ALL,0.0006045949214026,0.0501543209876543,-0.0495497260662517
aa,fr_vit_FE || imgnet_deit_EFS,0.0,0.044753086419753,-0.044753086419753
aa,fr_vit_FE || imgnet_deit_FE,0.0109090909090909,0.0439814814814814,-0.0330723905723905
aa,fr_vit_FE || imgnet_deit_FR,0.0,0.037037037037037,-0.037037037037037
aa,fr_vit_FE || imgnet_deit_FS,0.0,0.0609567901234567,-0.0609567901234567
aa,fr_vit_FE || imgnet_efficientnetb4_ALL,0.024390243902439,0.0532407407407407,-0.0288504968383017
aa,fr_vit_FE || imgnet_efficientnetb4_EFS,0.0020590253946465,0.0239197530864197,-0.0218607276917732
aa,fr_vit_FE || imgnet_efficientnetb4_FE,0.0035335689045936,0.0239197530864197,-0.0203861841818261
aa,fr_vit_FE || imgnet_efficientnetb4_FR,0.0079936051159072,0.0262345679012345,-0.018240962785327303
aa,fr_vit_FE || imgnet_efficientnetb4_FS,0.0005277044854881,0.0324074074074074,-0.0318797029219193
aa,fr_vit_FE || imgnet_resnet34_ALL,0.0865384615384615,0.0578703703703703,0.028668091168091193
aa,fr_vit_FE || imgnet_resnet34_EFS,0.0008156606851549,0.0293209876543209,-0.028505326969166
aa,fr_vit_FE || imgnet_resnet34_FE,0.0,0.0138888888888888,-0.0138888888888888
aa,fr_vit_FE || imgnet_resnet34_FR,0.0023923444976076,0.0308641975308641,-0.0284718530332565
aa,fr_vit_FE || imgnet_resnet34_FS,0.0024813895781637,0.0254629629629629,-0.022981573384799198
aa,fr_vit_FE || imgnet_swin_ALL,0.0016816143497757,0.0679012345679012,-0.0662196202181255
aa,fr_vit_FE || imgnet_swin_EFS,0.0,0.0300925925925925,-0.0300925925925925
aa,fr_vit_FE || imgnet_swin_FE,0.0,0.0138888888888888,-0.0138888888888888
aa,fr_vit_FE || imgnet_swin_FR,0.0,0.0779320987654321,-0.0779320987654321
aa,fr_vit_FE || imgnet_swin_FS,0.0037593984962406,0.040895061728395,-0.0371356632321544
aa,fr_vit_FE || imgnet_vit_ALL,0.0,0.0771604938271604,-0.0771604938271604
aa,fr_vit_FE || imgnet_vit_EFS,0.0,0.0578703703703703,-0.0578703703703703
aa,fr_vit_FE || imgnet_vit_FE,0.0,0.0725308641975308,-0.0725308641975308
aa,fr_vit_FE || imgnet_vit_FR,0.0,0.0470679012345679,-0.0470679012345679
aa,fr_vit_FE || imgnet_vit_FS,0.0,0.0524691358024691,-0.0524691358024691
aa,fr_vit_FE || imgnet_xception_ALL,0.0341221794166208,0.0185185185185185,0.015603660898102303
aa,fr_vit_FE || imgnet_xception_EFS,0.0036923076923076,0.0177469135802469,-0.0140546058879393
aa,fr_vit_FE || imgnet_xception_FE,0.0007535795026375,0.0216049382716049,-0.0208513587689674
aa,fr_vit_FE || imgnet_xception_FR,0.0036945812807881,0.0123456790123456,-0.0086510977315575
aa,fr_vit_FE || imgnet_xception_FS,0.0129796839729119,0.015432098765432,-0.0024524147925201016
aa,fr_vit_FR || imgnet_deit_ALL,0.0,0.2234185733512786,-0.2234185733512786
aa,fr_vit_FR || imgnet_deit_EFS,0.0,0.1197846567967698,-0.1197846567967698
aa,fr_vit_FR || imgnet_deit_FE,0.0027272727272727,0.0726783310901749,-0.06995105836290219
aa,fr_vit_FR || imgnet_deit_FR,0.0,0.1211305518169582,-0.1211305518169582
aa,fr_vit_FR || imgnet_deit_FS,0.0,0.1467025572005383,-0.1467025572005383
aa,fr_vit_FR || imgnet_efficientnetb4_ALL,0.0121951219512195,0.0861372812920592,-0.07394215934083971
aa,fr_vit_FR || imgnet_efficientnetb4_EFS,0.002745367192862,0.0403768506056527,-0.0376314834127907
aa,fr_vit_FR || imgnet_efficientnetb4_FE,0.0042402826855123,0.0699865410497981,-0.0657462583642858
aa,fr_vit_FR || imgnet_efficientnetb4_FR,0.0007993605115907,0.0457604306864064,-0.0449610701748157
aa,fr_vit_FR || imgnet_efficientnetb4_FS,0.0005277044854881,0.0820995962314939,-0.0815718917460058
aa,fr_vit_FR || imgnet_resnet34_ALL,0.0583333333333333,0.0942126514131897,-0.0358793180798564
aa,fr_vit_FR || imgnet_resnet34_EFS,0.0,0.063257065948856,-0.063257065948856
aa,fr_vit_FR || imgnet_resnet34_FE,0.0,0.0282637954239569,-0.0282637954239569
aa,fr_vit_FR || imgnet_resnet34_FR,0.0,0.0847913862718708,-0.0847913862718708
aa,fr_vit_FR || imgnet_resnet34_FS,0.0006203473945409,0.0497981157469717,-0.049177768352430797
aa,fr_vit_FR || imgnet_swin_ALL,0.0005605381165919,0.1117092866756393,-0.1111487485590474
aa,fr_vit_FR || imgnet_swin_EFS,0.0,0.0524899057873485,-0.0524899057873485
aa,fr_vit_FR || imgnet_swin_FE,0.0,0.0659488559892328,-0.0659488559892328
aa,fr_vit_FR || imgnet_swin_FR,0.0,0.0807537012113055,-0.0807537012113055
aa,fr_vit_FR || imgnet_swin_FS,0.0012531328320802,0.0551816958277254,-0.0539285629956452
aa,fr_vit_FR || imgnet_vit_ALL,0.0005151983513652,0.1547779273216689,-0.1542627289703037
aa,fr_vit_FR || imgnet_vit_EFS,0.0,0.1507402422611036,-0.1507402422611036
aa,fr_vit_FR || imgnet_vit_FE,0.0,0.1413189771197846,-0.1413189771197846
aa,fr_vit_FR || imgnet_vit_FR,0.0,0.0955585464333782,-0.0955585464333782
aa,fr_vit_FR || imgnet_vit_FS,0.0016778523489932,0.1238223418573351,-0.12214448950834189
aa,fr_vit_FR || imgnet_xception_ALL,0.0170610897083104,0.0457604306864064,-0.028699340978096
aa,fr_vit_FR || imgnet_xception_EFS,0.0043076923076923,0.0323014804845222,-0.0279937881768299
aa,fr_vit_FR || imgnet_xception_FE,0.0007535795026375,0.0228802153432032,-0.022126635840565703
aa,fr_vit_FR || imgnet_xception_FR,0.0135467980295566,0.0282637954239569,-0.014716997394400298
aa,fr_vit_FR || imgnet_xception_FS,0.0163656884875846,0.0242261103633916,-0.007860421875807
aa,fr_vit_FS || imgnet_deit_ALL,0.0006045949214026,0.0469208211143695,-0.0463162261929669
aa,fr_vit_FS || imgnet_deit_EFS,0.0,0.032258064516129,-0.032258064516129
aa,fr_vit_FS || imgnet_deit_FE,0.0045454545454545,0.0316715542521994,-0.0271260997067449
aa,fr_vit_FS || imgnet_deit_FR,0.0,0.0140762463343108,-0.0140762463343108
aa,fr_vit_FS || imgnet_deit_FS,0.0015255530129672,0.0422287390029325,-0.0407031859899653
aa,fr_vit_FS || imgnet_efficientnetb4_ALL,0.0365853658536585,0.0287390029325513,0.0078463629211072
aa,fr_vit_FS || imgnet_efficientnetb4_EFS,0.0034317089910775,0.0193548387096774,-0.0159231297185999
aa,fr_vit_FS || imgnet_efficientnetb4_FE,0.0028268551236749,0.0111436950146627,-0.0083168398909878
aa,fr_vit_FS || imgnet_efficientnetb4_FR,0.0119904076738609,0.0064516129032258,0.005538794770635099
aa,fr_vit_FS || imgnet_efficientnetb4_FS,0.0010554089709762,0.0281524926686217,-0.0270970836976455
aa,fr_vit_FS || imgnet_resnet34_ALL,0.1467948717948718,0.0193548387096774,0.12744003308519442
aa,fr_vit_FS || imgnet_resnet34_EFS,0.0008156606851549,0.0099706744868035,-0.009155013801648602
aa,fr_vit_FS || imgnet_resnet34_FE,0.0,0.0111436950146627,-0.0111436950146627
aa,fr_vit_FS || imgnet_resnet34_FR,0.0055821371610845,0.0087976539589442,-0.003215516797859701
aa,fr_vit_FS || imgnet_resnet34_FS,0.0024813895781637,0.0146627565982404,-0.012181367020076701
aa,fr_vit_FS || imgnet_swin_ALL,0.0033632286995515,0.0293255131964809,-0.0259622844969294
aa,fr_vit_FS || imgnet_swin_EFS,0.0,0.0175953079178885,-0.0175953079178885
aa,fr_vit_FS || imgnet_swin_FE,0.0,0.0058651026392961,-0.0058651026392961
aa,fr_vit_FS || imgnet_swin_FR,0.0007541478129713,0.0064516129032258,-0.005697465090254501
aa,fr_vit_FS || imgnet_swin_FS,0.012531328320802,0.0175953079178885,-0.005063979597086498
aa,fr_vit_FS || imgnet_vit_ALL,0.0005151983513652,0.0574780058651026,-0.0569628075137374
aa,fr_vit_FS || imgnet_vit_EFS,0.0,0.0281524926686217,-0.0281524926686217
aa,fr_vit_FS || imgnet_vit_FE,0.0,0.0205278592375366,-0.0205278592375366
aa,fr_vit_FS || imgnet_vit_FR,0.0,0.0234604105571847,-0.0234604105571847
aa,fr_vit_FS || imgnet_vit_FS,0.0008389261744966,0.0334310850439882,-0.0325921588694916
aa,fr_vit_FS || imgnet_xception_ALL,0.0588882773802971,0.0134897360703812,0.0453985413099159
aa,fr_vit_FS || imgnet_xception_EFS,0.0012307692307692,0.0064516129032258,-0.0052208436724566
aa,fr_vit_FS || imgnet_xception_FE,0.0007535795026375,0.0046920821114369,-0.0039385026087994
aa,fr_vit_FS || imgnet_xception_FR,0.0036945812807881,0.007624633431085,-0.0039300521502969
aa,fr_vit_FS || imgnet_xception_FS,0.0135440180586907,0.0087976539589442,0.004746364099746499
aa,fr_xception_ALL || imgnet_deit_ALL,0.0399032648125755,0.0,0.0399032648125755
aa,fr_xception_ALL || imgnet_deit_EFS,0.00390625,0.0,0.00390625
aa,fr_xception_ALL || imgnet_deit_FE,0.0027272727272727,0.0,0.0027272727272727
aa,fr_xception_ALL || imgnet_deit_FR,0.0056497175141242,0.0,0.0056497175141242
aa,fr_xception_ALL || imgnet_deit_FS,0.0015255530129672,0.0,0.0015255530129672
aa,fr_xception_ALL || imgnet_efficientnetb4_ALL,0.0466595970307529,0.0,0.0466595970307529
aa,fr_xception_ALL || imgnet_efficientnetb4_EFS,0.0020590253946465,0.0,0.0020590253946465
aa,fr_xception_ALL || imgnet_efficientnetb4_FE,0.0091872791519434,0.0,0.0091872791519434
aa,fr_xception_ALL || imgnet_efficientnetb4_FR,0.0031974420463629,0.0,0.0031974420463629
aa,fr_xception_ALL || imgnet_efficientnetb4_FS,0.0005277044854881,0.0,0.0005277044854881
aa,fr_xception_ALL || imgnet_resnet34_ALL,0.1897435897435897,0.0,0.1897435897435897
aa,fr_xception_ALL || imgnet_resnet34_EFS,0.0040783034257748,0.0,0.0040783034257748
aa,fr_xception_ALL || imgnet_resnet34_FE,0.0,0.0,0.0
aa,fr_xception_ALL || imgnet_resnet34_FR,0.0031897926634768,0.0,0.0031897926634768
aa,fr_xception_ALL || imgnet_resnet34_FS,0.0024813895781637,0.0,0.0024813895781637
aa,fr_xception_ALL || imgnet_swin_ALL,0.0,0.0,0.0
aa,fr_xception_ALL || imgnet_swin_EFS,0.0,0.0,0.0
aa,fr_xception_ALL || imgnet_swin_FE,0.0,0.0,0.0
aa,fr_xception_ALL || imgnet_swin_FR,0.0007541478129713,0.0,0.0007541478129713
aa,fr_xception_ALL || imgnet_swin_FS,0.0012531328320802,0.0,0.0012531328320802
aa,fr_xception_ALL || imgnet_vit_ALL,0.0005151983513652,0.0,0.0005151983513652
aa,fr_xception_ALL || imgnet_vit_EFS,0.0020833333333333,0.0,0.0020833333333333
aa,fr_xception_ALL || imgnet_vit_FE,0.000942507068803,0.0,0.000942507068803
aa,fr_xception_ALL || imgnet_vit_FR,0.0,0.0,0.0
aa,fr_xception_ALL || imgnet_vit_FS,0.0025167785234899,0.0,0.0025167785234899
aa,fr_xception_ALL || imgnet_xception_ALL,0.3692900385250413,0.0,0.3692900385250413
aa,fr_xception_ALL || imgnet_xception_EFS,0.0024615384615384,0.0,0.0024615384615384
aa,fr_xception_ALL || imgnet_xception_FE,0.001507159005275,0.0,0.001507159005275
aa,fr_xception_ALL || imgnet_xception_FR,0.0043103448275862,0.0,0.0043103448275862
aa,fr_xception_ALL || imgnet_xception_FS,0.010158013544018,0.0,0.010158013544018
aa,fr_xception_EFS || imgnet_deit_ALL,0.094316807738815,0.0,0.094316807738815
aa,fr_xception_EFS || imgnet_deit_EFS,0.003125,0.0,0.003125
aa,fr_xception_EFS || imgnet_deit_FE,0.019090909090909,0.0,0.019090909090909
aa,fr_xception_EFS || imgnet_deit_FR,0.0135593220338983,0.0,0.0135593220338983
aa,fr_xception_EFS || imgnet_deit_FS,0.0183066361556064,0.0,0.0183066361556064
aa,fr_xception_EFS || imgnet_efficientnetb4_ALL,0.0312831389183457,0.0,0.0312831389183457
aa,fr_xception_EFS || imgnet_efficientnetb4_EFS,0.0205902539464653,0.0,0.0205902539464653
aa,fr_xception_EFS || imgnet_efficientnetb4_FE,0.0070671378091872,0.0,0.0070671378091872
aa,fr_xception_EFS || imgnet_efficientnetb4_FR,0.0007993605115907,0.0,0.0007993605115907
aa,fr_xception_EFS || imgnet_efficientnetb4_FS,0.0,0.0,0.0
aa,fr_xception_EFS || imgnet_resnet34_ALL,0.1923076923076923,0.0,0.1923076923076923
aa,fr_xception_EFS || imgnet_resnet34_EFS,0.0497553017944535,0.0,0.0497553017944535
aa,fr_xception_EFS || imgnet_resnet34_FE,0.0019646365422396,0.0,0.0019646365422396
aa,fr_xception_EFS || imgnet_resnet34_FR,0.0023923444976076,0.0,0.0023923444976076
aa,fr_xception_EFS || imgnet_resnet34_FS,0.0130272952853598,0.0,0.0130272952853598
aa,fr_xception_EFS || imgnet_swin_ALL,0.0005605381165919,0.0,0.0005605381165919
aa,fr_xception_EFS || imgnet_swin_EFS,0.018450184501845,0.0,0.018450184501845
aa,fr_xception_EFS || imgnet_swin_FE,0.0010706638115631,0.0,0.0010706638115631
aa,fr_xception_EFS || imgnet_swin_FR,0.0,0.0,0.0
aa,fr_xception_EFS || imgnet_swin_FS,0.0018796992481203,0.0,0.0018796992481203
aa,fr_xception_EFS || imgnet_vit_ALL,0.0108191653786707,0.0,0.0108191653786707
aa,fr_xception_EFS || imgnet_vit_EFS,0.0034722222222222,0.0,0.0034722222222222
aa,fr_xception_EFS || imgnet_vit_FE,0.005655042412818,0.0,0.005655042412818
aa,fr_xception_EFS || imgnet_vit_FR,0.0,0.0,0.0
aa,fr_xception_EFS || imgnet_vit_FS,0.011744966442953,0.0,0.011744966442953
aa,fr_xception_EFS || imgnet_xception_ALL,0.3813979086406164,0.0,0.3813979086406164
aa,fr_xception_EFS || imgnet_xception_EFS,0.04,0.0,0.04
aa,fr_xception_EFS || imgnet_xception_FE,0.0030143180105501,0.0,0.0030143180105501
aa,fr_xception_EFS || imgnet_xception_FR,0.0080049261083743,0.0,0.0080049261083743
aa,fr_xception_EFS || imgnet_xception_FS,0.0428893905191873,0.0,0.0428893905191873
aa,fr_xception_FE || imgnet_deit_ALL,0.0513905683192261,0.0,0.0513905683192261
aa,fr_xception_FE || imgnet_deit_EFS,0.00234375,0.0,0.00234375
aa,fr_xception_FE || imgnet_deit_FE,0.0254545454545454,0.0,0.0254545454545454
aa,fr_xception_FE || imgnet_deit_FR,0.0169491525423728,0.0,0.0169491525423728
aa,fr_xception_FE || imgnet_deit_FS,0.0175438596491228,0.0,0.0175438596491228
aa,fr_xception_FE || imgnet_efficientnetb4_ALL,0.0121951219512195,0.0,0.0121951219512195
aa,fr_xception_FE || imgnet_efficientnetb4_EFS,0.0061770761839396,0.0,0.0061770761839396
aa,fr_xception_FE || imgnet_efficientnetb4_FE,0.0303886925795053,0.0,0.0303886925795053
aa,fr_xception_FE || imgnet_efficientnetb4_FR,0.005595523581135,0.0,0.005595523581135
aa,fr_xception_FE || imgnet_efficientnetb4_FS,0.0063324538258575,0.0,0.0063324538258575
aa,fr_xception_FE || imgnet_resnet34_ALL,0.0358974358974358,0.0,0.0358974358974358
aa,fr_xception_FE || imgnet_resnet34_EFS,0.0097879282218597,0.0,0.0097879282218597
aa,fr_xception_FE || imgnet_resnet34_FE,0.0088408644400785,0.0,0.0088408644400785
aa,fr_xception_FE || imgnet_resnet34_FR,0.0,0.0,0.0
aa,fr_xception_FE || imgnet_resnet34_FS,0.0161290322580645,0.0,0.0161290322580645
aa,fr_xception_FE || imgnet_swin_ALL,0.0005605381165919,0.0,0.0005605381165919
aa,fr_xception_FE || imgnet_swin_EFS,0.0088560885608856,0.0,0.0088560885608856
aa,fr_xception_FE || imgnet_swin_FE,0.006423982869379,0.0,0.006423982869379
aa,fr_xception_FE || imgnet_swin_FR,0.0037707390648567,0.0,0.0037707390648567
aa,fr_xception_FE || imgnet_swin_FS,0.0206766917293233,0.0,0.0206766917293233
aa,fr_xception_FE || imgnet_vit_ALL,0.0010303967027305,0.0,0.0010303967027305
aa,fr_xception_FE || imgnet_vit_EFS,0.0048611111111111,0.0,0.0048611111111111
aa,fr_xception_FE || imgnet_vit_FE,0.0084825636192271,0.0028462998102466,0.0056362638089805005
aa,fr_xception_FE || imgnet_vit_FR,0.0008873114463176,0.0,0.0008873114463176
aa,fr_xception_FE || imgnet_vit_FS,0.0276845637583892,0.0,0.0276845637583892
aa,fr_xception_FE || imgnet_xception_ALL,0.1045679691799669,0.0,0.1045679691799669
aa,fr_xception_FE || imgnet_xception_EFS,0.0166153846153846,0.0,0.0166153846153846
aa,fr_xception_FE || imgnet_xception_FE,0.0263752825923134,0.0,0.0263752825923134
aa,fr_xception_FE || imgnet_xception_FR,0.0092364532019704,0.0,0.0092364532019704
aa,fr_xception_FE || imgnet_xception_FS,0.0378103837471783,0.0,0.0378103837471783
aa,fr_xception_FR || imgnet_deit_ALL,0.087061668681983,0.0035304501323918,0.08353121854959121
aa,fr_xception_FR || imgnet_deit_EFS,0.00078125,0.0026478375992939,-0.0018665875992939002
aa,fr_xception_FR || imgnet_deit_FE,0.0009090909090909,0.0017652250661959,-0.000856134157105
aa,fr_xception_FR || imgnet_deit_FR,0.1005649717514124,0.0017652250661959,0.09879974668521649
aa,fr_xception_FR || imgnet_deit_FS,0.0015255530129672,0.0026478375992939,-0.0011222845863267002
aa,fr_xception_FR || imgnet_efficientnetb4_ALL,0.136797454931071,0.0008826125330979,0.1359148423979731
aa,fr_xception_FR || imgnet_efficientnetb4_EFS,0.0597117364447494,0.0,0.0597117364447494
aa,fr_xception_FR || imgnet_efficientnetb4_FE,0.0084805653710247,0.0017652250661959,0.0067153403048287996
aa,fr_xception_FR || imgnet_efficientnetb4_FR,0.1183053557154276,0.0008826125330979,0.11742274318232969
aa,fr_xception_FR || imgnet_efficientnetb4_FS,0.0010554089709762,0.0,0.0010554089709762
aa,fr_xception_FR || imgnet_resnet34_ALL,0.3993589743589744,0.0052956751985878,0.39406329916038657
aa,fr_xception_FR || imgnet_resnet34_EFS,0.0024469820554649,0.0,0.0024469820554649
aa,fr_xception_FR || imgnet_resnet34_FE,0.0,0.0026478375992939,-0.0026478375992939
aa,fr_xception_FR || imgnet_resnet34_FR,0.1889952153110047,0.0008826125330979,0.18811260277790678
aa,fr_xception_FR || imgnet_resnet34_FS,0.009925558312655,0.0,0.009925558312655
aa,fr_xception_FR || imgnet_swin_ALL,0.0022421524663677,0.0,0.0022421524663677
aa,fr_xception_FR || imgnet_swin_EFS,0.0022140221402214,0.0008826125330979,0.0013314096071234999
aa,fr_xception_FR || imgnet_swin_FE,0.0,0.0017652250661959,-0.0017652250661959
aa,fr_xception_FR || imgnet_swin_FR,0.0,0.0,0.0
aa,fr_xception_FR || imgnet_swin_FS,0.0031328320802005,0.0,0.0031328320802005
aa,fr_xception_FR || imgnet_vit_ALL,0.0278207109737248,0.0008826125330979,0.0269380984406269
aa,fr_xception_FR || imgnet_vit_EFS,0.0111111111111111,0.0008826125330979,0.010228498578013199
aa,fr_xception_FR || imgnet_vit_FE,0.001885014137606,0.0008826125330979,0.0010024016045080998
aa,fr_xception_FR || imgnet_vit_FR,0.0177462289263531,0.0,0.0177462289263531
aa,fr_xception_FR || imgnet_vit_FS,0.011744966442953,0.0017652250661959,0.0099797413767571
aa,fr_xception_FR || imgnet_xception_ALL,0.3324160704457897,0.0026478375992939,0.3297682328464958
aa,fr_xception_FR || imgnet_xception_EFS,0.008,0.0,0.008
aa,fr_xception_FR || imgnet_xception_FE,0.0,0.0,0.0
aa,fr_xception_FR || imgnet_xception_FR,0.0123152709359605,0.0026478375992939,0.0096674333366666
aa,fr_xception_FR || imgnet_xception_FS,0.0220090293453724,0.0,0.0220090293453724
aa,fr_xception_FS || imgnet_deit_ALL,0.1723095525997581,0.0008650519031141,0.17144450069664402
aa,fr_xception_FS || imgnet_deit_EFS,0.00703125,0.0,0.00703125
aa,fr_xception_FS || imgnet_deit_FE,0.0109090909090909,0.0008650519031141,0.0100440390059768
aa,fr_xception_FS || imgnet_deit_FR,0.0338983050847457,0.0008650519031141,0.0330332531816316
aa,fr_xception_FS || imgnet_deit_FS,0.11441647597254,0.0,0.11441647597254
aa,fr_xception_FS || imgnet_efficientnetb4_ALL,0.0917285259809119,0.0051903114186851,0.0865382145622268
aa,fr_xception_FS || imgnet_efficientnetb4_EFS,0.0363761153054221,0.0,0.0363761153054221
aa,fr_xception_FS || imgnet_efficientnetb4_FE,0.0106007067137809,0.0,0.0106007067137809
aa,fr_xception_FS || imgnet_efficientnetb4_FR,0.0103916866506794,0.0,0.0103916866506794
aa,fr_xception_FS || imgnet_efficientnetb4_FS,0.0052770448548812,0.0025951557093425,0.0026818891455387002
aa,fr_xception_FS || imgnet_resnet34_ALL,0.4108974358974359,0.0051903114186851,0.4057071244787508
aa,fr_xception_FS || imgnet_resnet34_EFS,0.0244698205546492,0.0,0.0244698205546492
aa,fr_xception_FS || imgnet_resnet34_FE,0.0009823182711198,0.0008650519031141,0.00011726636800570001
aa,fr_xception_FS || imgnet_resnet34_FR,0.0071770334928229,0.0008650519031141,0.0063119815897087995
aa,fr_xception_FS || imgnet_resnet34_FS,0.1581885856079404,0.0,0.1581885856079404
aa,fr_xception_FS || imgnet_swin_ALL,0.0022421524663677,0.0,0.0022421524663677
aa,fr_xception_FS || imgnet_swin_EFS,0.0007380073800738,0.0,0.0007380073800738
aa,fr_xception_FS || imgnet_swin_FE,0.0010706638115631,0.0,0.0010706638115631
aa,fr_xception_FS || imgnet_swin_FR,0.0,0.0008650519031141,-0.0008650519031141
aa,fr_xception_FS || imgnet_swin_FS,0.06265664160401,0.0,0.06265664160401
aa,fr_xception_FS || imgnet_vit_ALL,0.0334878928387429,0.0,0.0334878928387429
aa,fr_xception_FS || imgnet_vit_EFS,0.0048611111111111,0.0,0.0048611111111111
aa,fr_xception_FS || imgnet_vit_FE,0.002827521206409,0.0025951557093425,0.00023236549706649994
aa,fr_xception_FS || imgnet_vit_FR,0.0,0.0,0.0
aa,fr_xception_FS || imgnet_vit_FS,0.2189597315436241,0.0025951557093425,0.21636457583428162
aa,fr_xception_FS || imgnet_xception_ALL,0.5046780407264722,0.0,0.5046780407264722
aa,fr_xception_FS || imgnet_xception_EFS,0.0726153846153846,0.0,0.0726153846153846
aa,fr_xception_FS || imgnet_xception_FE,0.0067822155237377,0.0,0.0067822155237377
aa,fr_xception_FS || imgnet_xception_FR,0.0061576354679802,0.0,0.0061576354679802
aa,fr_xception_FS || imgnet_xception_FS,0.1738148984198645,0.0008650519031141,0.1729498465167504
cw_eot,fr_deit_ALL || imgnet_deit_ALL,0.072595281306715,0.1833688699360341,-0.1107735886293191
cw_eot,fr_deit_ALL || imgnet_deit_EFS,0.0905542544886807,0.1172707889125799,-0.026716534423899208
cw_eot,fr_deit_ALL || imgnet_deit_FE,0.2290909090909091,0.0895522388059701,0.139538670284939
cw_eot,fr_deit_ALL || imgnet_deit_FR,0.0146892655367231,0.0803127221037668,-0.0656234565670437
cw_eot,fr_deit_ALL || imgnet_deit_FS,0.0129870129870129,0.1158493248045486,-0.1028623118175357
cw_eot,fr_deit_ALL || imgnet_efficientnetb4_ALL,0.0275715800636267,0.0710732054015636,-0.0435016253379369
cw_eot,fr_deit_ALL || imgnet_efficientnetb4_EFS,0.1337448559670782,0.1051883439943141,0.028556511972764084
cw_eot,fr_deit_ALL || imgnet_efficientnetb4_FE,0.1392226148409894,0.1279317697228145,0.011290845118174908
cw_eot,fr_deit_ALL || imgnet_efficientnetb4_FR,0.0135891286970423,0.068230277185501,-0.0546411484884587
cw_eot,fr_deit_ALL || imgnet_efficientnetb4_FS,0.0031662269129287,0.0923951670220327,-0.089228940109104
cw_eot,fr_deit_ALL || imgnet_resnet34_ALL,0.148076923076923,0.1336176261549395,0.0144592969219835
cw_eot,fr_deit_ALL || imgnet_resnet34_EFS,0.3091353996737357,0.052594171997157,0.2565412276765787
cw_eot,fr_deit_ALL || imgnet_resnet34_FE,0.0696761530912659,0.0582800284292821,0.011396124661983802
cw_eot,fr_deit_ALL || imgnet_resnet34_FR,0.0023942537909018,0.0653873489694385,-0.0629930951785367
cw_eot,fr_deit_ALL || imgnet_resnet34_FS,0.0719602977667493,0.0561478322672352,0.015812465499514095
cw_eot,fr_deit_ALL || imgnet_swin_ALL,0.0431614349775784,0.1478322672352523,-0.1046708322576739
cw_eot,fr_deit_ALL || imgnet_swin_EFS,0.1409594095940959,0.1727078891257995,-0.03174847953170362
cw_eot,fr_deit_ALL || imgnet_swin_FE,0.0203426124197002,0.1457000710732054,-0.1253574586535052
cw_eot,fr_deit_ALL || imgnet_swin_FR,0.0030165912518853,0.0646766169154228,-0.061660025663537496
cw_eot,fr_deit_ALL || imgnet_swin_FS,0.0883458646616541,0.0788912579957356,0.009454606665918505
cw_eot,fr_deit_ALL || imgnet_vit_ALL,0.031942297784647,0.1847903340440654,-0.1528480362594184
cw_eot,fr_deit_ALL || imgnet_vit_EFS,0.0888888888888888,0.154228855721393,-0.0653399668325042
cw_eot,fr_deit_ALL || imgnet_vit_FE,0.3,0.1108742004264392,0.1891257995735608
cw_eot,fr_deit_ALL || imgnet_vit_FR,0.0017777777777777,0.0867093105899076,-0.08493153281212991
cw_eot,fr_deit_ALL || imgnet_vit_FS,0.0822147651006711,0.0732054015636105,0.00900936353706061
cw_eot,fr_deit_ALL || imgnet_xception_ALL,0.1569383259911894,0.0383795309168443,0.11855879507434511
cw_eot,fr_deit_ALL || imgnet_xception_EFS,0.0381773399014778,0.0398009950248756,-0.0016236551233978005
cw_eot,fr_deit_ALL || imgnet_xception_FE,0.1076807228915662,0.0483297796730632,0.059350943218503004
cw_eot,fr_deit_ALL || imgnet_xception_FR,0.0006161429451632,0.0305614783226723,-0.0299453353775091
cw_eot,fr_deit_ALL || imgnet_xception_FS,0.110609480812641,0.0412224591329069,0.06938702167973411
cw_eot,fr_deit_EFS || imgnet_deit_ALL,0.0127041742286751,0.1307609860664523,-0.1180568118377772
cw_eot,fr_deit_EFS || imgnet_deit_EFS,0.0179547228727556,0.1907824222936763,-0.17282769942092072
cw_eot,fr_deit_EFS || imgnet_deit_FE,0.0709090909090909,0.0760986066452304,-0.005189515736139502
cw_eot,fr_deit_EFS || imgnet_deit_FR,0.0,0.0439442658092175,-0.0439442658092175
cw_eot,fr_deit_EFS || imgnet_deit_FS,0.0,0.0718113612004287,-0.0718113612004287
cw_eot,fr_deit_EFS || imgnet_efficientnetb4_ALL,0.0143160127253446,0.045016077170418,-0.0307000644450734
cw_eot,fr_deit_EFS || imgnet_efficientnetb4_EFS,0.0493827160493827,0.1243301178992497,-0.074947401849867
cw_eot,fr_deit_EFS || imgnet_efficientnetb4_FE,0.0551236749116607,0.105037513397642,-0.0499138384859813
cw_eot,fr_deit_EFS || imgnet_efficientnetb4_FR,0.0047961630695443,0.0353697749196141,-0.0305736118500698
cw_eot,fr_deit_EFS || imgnet_efficientnetb4_FS,0.0,0.0493033226152197,-0.0493033226152197
cw_eot,fr_deit_EFS || imgnet_resnet34_ALL,0.0653846153846153,0.0696677384780278,-0.0042831230934125
cw_eot,fr_deit_EFS || imgnet_resnet34_EFS,0.1468189233278956,0.07502679528403,0.07179212804386559
cw_eot,fr_deit_EFS || imgnet_resnet34_FE,0.0098135426889106,0.0771704180064308,-0.0673568753175202
cw_eot,fr_deit_EFS || imgnet_resnet34_FR,0.0,0.0257234726688102,-0.0257234726688102
cw_eot,fr_deit_EFS || imgnet_resnet34_FS,0.0167493796526054,0.0278670953912111,-0.011117715738605701
cw_eot,fr_deit_EFS || imgnet_swin_ALL,0.0044843049327354,0.105037513397642,-0.1005532084649066
cw_eot,fr_deit_EFS || imgnet_swin_EFS,0.059040590405904,0.2347266881028939,-0.1756860976969899
cw_eot,fr_deit_EFS || imgnet_swin_FE,0.006423982869379,0.172561629153269,-0.16613764628389
cw_eot,fr_deit_EFS || imgnet_swin_FR,0.0,0.0428724544480171,-0.0428724544480171
cw_eot,fr_deit_EFS || imgnet_swin_FS,0.0050125313283208,0.0342979635584137,-0.029285432230092896
cw_eot,fr_deit_EFS || imgnet_vit_ALL,0.0020607934054611,0.1189710610932476,-0.11691026768778649
cw_eot,fr_deit_EFS || imgnet_vit_EFS,0.0548611111111111,0.315112540192926,-0.2602514290818149
cw_eot,fr_deit_EFS || imgnet_vit_FE,0.1028301886792452,0.135048231511254,-0.0322180428320088
cw_eot,fr_deit_EFS || imgnet_vit_FR,0.0,0.0235798499464094,-0.0235798499464094
cw_eot,fr_deit_EFS || imgnet_vit_FS,0.0008389261744966,0.0364415862808145,-0.0356026601063179
cw_eot,fr_deit_EFS || imgnet_xception_ALL,0.0605726872246696,0.0353697749196141,0.025202912305055503
cw_eot,fr_deit_EFS || imgnet_xception_EFS,0.001847290640394,0.0707395498392283,-0.0688922591988343
cw_eot,fr_deit_EFS || imgnet_xception_FE,0.029367469879518,0.0514469453376205,-0.0220794754581025
cw_eot,fr_deit_EFS || imgnet_xception_FR,0.0,0.0171489817792068,-0.0171489817792068
cw_eot,fr_deit_EFS || imgnet_xception_FS,0.0169300225733634,0.0246516613076098,-0.007721638734246399
cw_eot,fr_deit_FE || imgnet_deit_ALL,0.0012099213551119,0.0932203389830508,-0.09201041762793889
cw_eot,fr_deit_FE || imgnet_deit_EFS,0.0046838407494145,0.0451977401129943,-0.040513899363579804
cw_eot,fr_deit_FE || imgnet_deit_FE,0.1463636363636363,0.0734463276836158,0.07291730868002051
cw_eot,fr_deit_FE || imgnet_deit_FR,0.0011299435028248,0.0346045197740113,-0.0334745762711865
cw_eot,fr_deit_FE || imgnet_deit_FS,0.0,0.0755649717514124,-0.0755649717514124
cw_eot,fr_deit_FE || imgnet_efficientnetb4_ALL,0.0074231177094379,0.0480225988700565,-0.0405994811606186
cw_eot,fr_deit_FE || imgnet_efficientnetb4_EFS,0.022633744855967,0.0642655367231638,-0.0416317918671968
cw_eot,fr_deit_FE || imgnet_efficientnetb4_FE,0.2254416961130742,0.1235875706214689,0.10185412549160532
cw_eot,fr_deit_FE || imgnet_efficientnetb4_FR,0.0015987210231814,0.0331920903954802,-0.0315933693722988
cw_eot,fr_deit_FE || imgnet_efficientnetb4_FS,0.0005277044854881,0.0635593220338983,-0.0630316175484102
cw_eot,fr_deit_FE || imgnet_resnet34_ALL,0.0064102564102564,0.0812146892655367,-0.0748044328552803
cw_eot,fr_deit_FE || imgnet_resnet34_EFS,0.066068515497553,0.0282485875706214,0.03781992792693159
cw_eot,fr_deit_FE || imgnet_resnet34_FE,0.0274779195289499,0.0826271186440678,-0.0551491991151179
cw_eot,fr_deit_FE || imgnet_resnet34_FR,0.0,0.0353107344632768,-0.0353107344632768
cw_eot,fr_deit_FE || imgnet_resnet34_FS,0.0043424317617866,0.0607344632768361,-0.0563920315150495
cw_eot,fr_deit_FE || imgnet_swin_ALL,0.0039237668161434,0.086864406779661,-0.0829406399635176
cw_eot,fr_deit_FE || imgnet_swin_EFS,0.0324723247232472,0.0755649717514124,-0.0430926470281652
cw_eot,fr_deit_FE || imgnet_swin_FE,0.0524625267665952,0.1052259887005649,-0.052763461933969705
cw_eot,fr_deit_FE || imgnet_swin_FR,0.0,0.0501412429378531,-0.0501412429378531
cw_eot,fr_deit_FE || imgnet_swin_FS,0.006265664160401,0.0557909604519774,-0.0495252962915764
cw_eot,fr_deit_FE || imgnet_vit_ALL,0.0030911901081916,0.0769774011299435,-0.0738862110217519
cw_eot,fr_deit_FE || imgnet_vit_EFS,0.0277777777777777,0.0423728813559322,-0.014595103578154502
cw_eot,fr_deit_FE || imgnet_vit_FE,0.1943396226415094,0.0628531073446327,0.1314865152968767
cw_eot,fr_deit_FE || imgnet_vit_FR,0.0,0.0282485875706214,-0.0282485875706214
cw_eot,fr_deit_FE || imgnet_vit_FS,0.0008389261744966,0.0444915254237288,-0.0436525992492322
cw_eot,fr_deit_FE || imgnet_xception_ALL,0.0148678414096916,0.0317796610169491,-0.016911819607257503
cw_eot,fr_deit_FE || imgnet_xception_EFS,0.0,0.0296610169491525,-0.0296610169491525
cw_eot,fr_deit_FE || imgnet_xception_FE,0.1227409638554216,0.0713276836158192,0.0514132802396024
cw_eot,fr_deit_FE || imgnet_xception_FR,0.0,0.0190677966101694,-0.0190677966101694
cw_eot,fr_deit_FE || imgnet_xception_FS,0.0095936794582392,0.0296610169491525,-0.0200673374909133
cw_eot,fr_deit_FR || imgnet_deit_ALL,0.0393224440411373,0.1986434108527131,-0.1593209668115758
cw_eot,fr_deit_FR || imgnet_deit_EFS,0.0437158469945355,0.1046511627906976,-0.0609353157961621
cw_eot,fr_deit_FR || imgnet_deit_FE,0.1972727272727272,0.0319767441860465,0.1652959830866807
cw_eot,fr_deit_FR || imgnet_deit_FR,0.03954802259887,0.1928294573643411,-0.1532814347654711
cw_eot,fr_deit_FR || imgnet_deit_FS,0.001527883880825,0.065891472868217,-0.064363588987392
cw_eot,fr_deit_FR || imgnet_efficientnetb4_ALL,0.0397667020148462,0.0901162790697674,-0.05034957705492119
cw_eot,fr_deit_FR || imgnet_efficientnetb4_EFS,0.0768175582990397,0.0620155038759689,0.014802054423070803
cw_eot,fr_deit_FR || imgnet_efficientnetb4_FE,0.07773851590106,0.0532945736434108,0.024443942257649197
cw_eot,fr_deit_FR || imgnet_efficientnetb4_FR,0.0815347721822542,0.1802325581395348,-0.09869778595728058
cw_eot,fr_deit_FR || imgnet_efficientnetb4_FS,0.0010554089709762,0.1211240310077519,-0.12006862203677571
cw_eot,fr_deit_FR || imgnet_resnet34_ALL,0.1288461538461538,0.126937984496124,0.001908169350029798
cw_eot,fr_deit_FR || imgnet_resnet34_EFS,0.1745513866231647,0.0571705426356589,0.11738084398750578
cw_eot,fr_deit_FR || imgnet_resnet34_FE,0.0206084396467124,0.0406976744186046,-0.020089234771892197
cw_eot,fr_deit_FR || imgnet_resnet34_FR,0.0079808459696727,0.1821705426356589,-0.17418969666598622
cw_eot,fr_deit_FR || imgnet_resnet34_FS,0.0148883374689826,0.0891472868217054,-0.0742589493527228
cw_eot,fr_deit_FR || imgnet_swin_ALL,0.0235426008968609,0.0484496124031007,-0.024907011506239803
cw_eot,fr_deit_FR || imgnet_swin_EFS,0.0797047970479704,0.1056201550387596,-0.0259153579907892
cw_eot,fr_deit_FR || imgnet_swin_FE,0.006423982869379,0.0794573643410852,-0.07303338147170621
cw_eot,fr_deit_FR || imgnet_swin_FR,0.006787330316742,0.0455426356589147,-0.0387553053421727
cw_eot,fr_deit_FR || imgnet_swin_FS,0.0269423558897243,0.0765503875968992,-0.0496080317071749
cw_eot,fr_deit_FR || imgnet_vit_ALL,0.0087583719732096,0.064922480620155,-0.056164108646945404
cw_eot,fr_deit_FR || imgnet_vit_EFS,0.0416666666666666,0.1191860465116279,-0.0775193798449613
cw_eot,fr_deit_FR || imgnet_vit_FE,0.2018867924528302,0.0319767441860465,0.1699100482667837
cw_eot,fr_deit_FR || imgnet_vit_FR,0.0044444444444444,0.1705426356589147,-0.1660981912144703
cw_eot,fr_deit_FR || imgnet_vit_FS,0.0067114093959731,0.0310077519379844,-0.0242963425420113
cw_eot,fr_deit_FR || imgnet_xception_ALL,0.0941629955947136,0.0523255813953488,0.0418374141993648
cw_eot,fr_deit_FR || imgnet_xception_EFS,0.0116995073891625,0.0571705426356589,-0.0454710352464964
cw_eot,fr_deit_FR || imgnet_xception_FE,0.0278614457831325,0.0290697674418604,-0.0012083216587279004
cw_eot,fr_deit_FR || imgnet_xception_FR,0.0,0.063953488372093,-0.063953488372093
cw_eot,fr_deit_FR || imgnet_xception_FS,0.0547404063205417,0.0387596899224806,0.015980716398061104
cw_eot,fr_deit_FS || imgnet_deit_ALL,0.013309134906231,0.3293293293293293,-0.3160201944230983
cw_eot,fr_deit_FS || imgnet_deit_EFS,0.0039032006245121,0.1681681681681681,-0.164264967543656
cw_eot,fr_deit_FS || imgnet_deit_FE,0.0309090909090909,0.1151151151151151,-0.0842060242060242
cw_eot,fr_deit_FS || imgnet_deit_FR,0.0,0.1051051051051051,-0.1051051051051051
cw_eot,fr_deit_FS || imgnet_deit_FS,0.0022918258212375,0.3063063063063063,-0.3040144804850688
cw_eot,fr_deit_FS || imgnet_efficientnetb4_ALL,0.0084835630965005,0.1611611611611611,-0.1526775980646606
cw_eot,fr_deit_FS || imgnet_efficientnetb4_EFS,0.0205761316872428,0.1981981981981982,-0.1776220665109554
cw_eot,fr_deit_FS || imgnet_efficientnetb4_FE,0.0169611307420494,0.1591591591591591,-0.1421980284171097
cw_eot,fr_deit_FS || imgnet_efficientnetb4_FR,0.0047961630695443,0.1101101101101101,-0.10531394704056579
cw_eot,fr_deit_FS || imgnet_efficientnetb4_FS,0.0,0.2742742742742742,-0.2742742742742742
cw_eot,fr_deit_FS || imgnet_resnet34_ALL,0.0692307692307692,0.2232232232232232,-0.15399245399245398
cw_eot,fr_deit_FS || imgnet_resnet34_EFS,0.0464926590538336,0.1091091091091091,-0.0626164500552755
cw_eot,fr_deit_FS || imgnet_resnet34_FE,0.0,0.059059059059059,-0.059059059059059
cw_eot,fr_deit_FS || imgnet_resnet34_FR,0.0,0.1351351351351351,-0.1351351351351351
cw_eot,fr_deit_FS || imgnet_resnet34_FS,0.0390818858560794,0.1411411411411411,-0.1020592552850617
cw_eot,fr_deit_FS || imgnet_swin_ALL,0.0112107623318385,0.2582582582582582,-0.24704749592641972
cw_eot,fr_deit_FS || imgnet_swin_EFS,0.0095940959409594,0.2652652652652653,-0.2556711693243059
cw_eot,fr_deit_FS || imgnet_swin_FE,0.0010706638115631,0.1461461461461461,-0.145075482334583
cw_eot,fr_deit_FS || imgnet_swin_FR,0.0,0.1091091091091091,-0.1091091091091091
cw_eot,fr_deit_FS || imgnet_swin_FS,0.0369674185463659,0.2492492492492492,-0.2122818307028833
cw_eot,fr_deit_FS || imgnet_vit_ALL,0.0041215868109222,0.3303303303303303,-0.32620874351940815
cw_eot,fr_deit_FS || imgnet_vit_EFS,0.0159722222222222,0.2662662662662662,-0.250294044044044
cw_eot,fr_deit_FS || imgnet_vit_FE,0.0292452830188679,0.073073073073073,-0.04382779005420509
cw_eot,fr_deit_FS || imgnet_vit_FR,0.0,0.1311311311311311,-0.1311311311311311
cw_eot,fr_deit_FS || imgnet_vit_FS,0.0293624161073825,0.2412412412412412,-0.2118788251338587
cw_eot,fr_deit_FS || imgnet_xception_ALL,0.0870044052863436,0.0990990990990991,-0.012094693812755505
cw_eot,fr_deit_FS || imgnet_xception_EFS,0.000615763546798,0.08008008008008,-0.079464316533282
cw_eot,fr_deit_FS || imgnet_xception_FE,0.0120481927710843,0.083083083083083,-0.0710348903119987
cw_eot,fr_deit_FS || imgnet_xception_FR,0.0006161429451632,0.076076076076076,-0.0754599331309128
cw_eot,fr_deit_FS || imgnet_xception_FS,0.0299097065462753,0.1101101101101101,-0.0802004035638348
cw_eot,fr_efficientnetb4_ALL || imgnet_deit_ALL,0.0254083484573502,0.042798353909465,-0.0173900054521148
cw_eot,fr_efficientnetb4_ALL || imgnet_deit_EFS,0.0156128024980484,0.0082304526748971,0.0073823498231513004
cw_eot,fr_efficientnetb4_ALL || imgnet_deit_FE,0.0181818181818181,0.0049382716049382,0.0132435465768799
cw_eot,fr_efficientnetb4_ALL || imgnet_deit_FR,0.0,0.0139917695473251,-0.0139917695473251
cw_eot,fr_efficientnetb4_ALL || imgnet_deit_FS,0.0038197097020626,0.0419753086419753,-0.0381555989399127
cw_eot,fr_efficientnetb4_ALL || imgnet_efficientnetb4_ALL,0.0540827147401908,0.0148148148148148,0.039267899925376
cw_eot,fr_efficientnetb4_ALL || imgnet_efficientnetb4_EFS,0.0329218106995884,0.0090534979423868,0.023868312757201596
cw_eot,fr_efficientnetb4_ALL || imgnet_efficientnetb4_FE,0.0572438162544169,0.0057613168724279,0.051482499381989
cw_eot,fr_efficientnetb4_ALL || imgnet_efficientnetb4_FR,0.0015987210231814,0.0074074074074074,-0.005808686384226
cw_eot,fr_efficientnetb4_ALL || imgnet_efficientnetb4_FS,0.0,0.0205761316872428,-0.0205761316872428
cw_eot,fr_efficientnetb4_ALL || imgnet_resnet34_ALL,0.6096153846153847,0.0164609053497942,0.5931544792655905
cw_eot,fr_efficientnetb4_ALL || imgnet_resnet34_EFS,0.1517128874388254,0.0032921810699588,0.14842070636886662
cw_eot,fr_efficientnetb4_ALL || imgnet_resnet34_FE,0.0029440628066732,0.0032921810699588,-0.00034811826328560004
cw_eot,fr_efficientnetb4_ALL || imgnet_resnet34_FR,0.0111731843575419,0.0008230452674897,0.0103501390900522
cw_eot,fr_efficientnetb4_ALL || imgnet_resnet34_FS,0.1017369727047146,0.0098765432098765,0.09186042949483811
cw_eot,fr_efficientnetb4_ALL || imgnet_swin_ALL,0.0128923766816143,0.0041152263374485,0.008777150344165801
cw_eot,fr_efficientnetb4_ALL || imgnet_swin_EFS,0.0309963099630996,0.0534979423868312,-0.0225016324237316
cw_eot,fr_efficientnetb4_ALL || imgnet_swin_FE,0.0,0.0024691358024691,-0.0024691358024691
cw_eot,fr_efficientnetb4_ALL || imgnet_swin_FR,0.0,0.0008230452674897,-0.0008230452674897
cw_eot,fr_efficientnetb4_ALL || imgnet_swin_FS,0.0050125313283208,0.0707818930041152,-0.0657693616757944
cw_eot,fr_efficientnetb4_ALL || imgnet_vit_ALL,0.0298815043791859,0.0189300411522633,0.0109514632269226
cw_eot,fr_efficientnetb4_ALL || imgnet_vit_EFS,0.0277777777777777,0.0131687242798353,0.0146090534979424
cw_eot,fr_efficientnetb4_ALL || imgnet_vit_FE,0.0160377358490566,0.0008230452674897,0.0152146905815669
cw_eot,fr_efficientnetb4_ALL || imgnet_vit_FR,0.0017777777777777,0.0032921810699588,-0.0015144032921811
cw_eot,fr_efficientnetb4_ALL || imgnet_vit_FS,0.0419463087248322,0.0296296296296296,0.012316679095202603
cw_eot,fr_efficientnetb4_ALL || imgnet_xception_ALL,0.927863436123348,0.0123456790123456,0.9155177571110024
cw_eot,fr_efficientnetb4_ALL || imgnet_xception_EFS,0.0369458128078817,0.0024691358024691,0.0344766770054126
cw_eot,fr_efficientnetb4_ALL || imgnet_xception_FE,0.0105421686746987,0.0016460905349794,0.0088960781397193
cw_eot,fr_efficientnetb4_ALL || imgnet_xception_FR,0.0,0.0057613168724279,-0.0057613168724279
cw_eot,fr_efficientnetb4_ALL || imgnet_xception_FS,0.1258465011286681,0.0205761316872428,0.1052703694414253
cw_eot,fr_efficientnetb4_EFS || imgnet_deit_ALL,0.0604960677555958,0.0212014134275618,0.039294654328034
cw_eot,fr_efficientnetb4_EFS || imgnet_deit_EFS,0.0109289617486338,0.055359246171967,-0.044430284423333195
cw_eot,fr_efficientnetb4_EFS || imgnet_deit_FE,0.0263636363636363,0.0482921083627797,-0.0219284719991434
cw_eot,fr_efficientnetb4_EFS || imgnet_deit_FR,0.0259887005649717,0.0047114252061248,0.021277275358846902
cw_eot,fr_efficientnetb4_EFS || imgnet_deit_FS,0.0030557677616501,0.0212014134275618,-0.018145645665911703
cw_eot,fr_efficientnetb4_EFS || imgnet_efficientnetb4_ALL,0.0302226935312831,0.0070671378091872,0.023155555722095898
cw_eot,fr_efficientnetb4_EFS || imgnet_efficientnetb4_EFS,0.1069958847736625,0.061248527679623,0.045747357094039494
cw_eot,fr_efficientnetb4_EFS || imgnet_efficientnetb4_FE,0.0353356890459364,0.005889281507656,0.029446407538280397
cw_eot,fr_efficientnetb4_EFS || imgnet_efficientnetb4_FR,0.0183852917665867,0.0023557126030624,0.016029579163524297
cw_eot,fr_efficientnetb4_EFS || imgnet_efficientnetb4_FS,0.0005277044854881,0.0023557126030624,-0.0018280081175743002
cw_eot,fr_efficientnetb4_EFS || imgnet_resnet34_ALL,0.425,0.0047114252061248,0.4202885747938752
cw_eot,fr_efficientnetb4_EFS || imgnet_resnet34_EFS,0.3482871125611745,0.0341578327444051,0.3141292798167694
cw_eot,fr_efficientnetb4_EFS || imgnet_resnet34_FE,0.0196270853778213,0.005889281507656,0.0137378038701653
cw_eot,fr_efficientnetb4_EFS || imgnet_resnet34_FR,0.0566640063846767,0.0035335689045936,0.0531304374800831
cw_eot,fr_efficientnetb4_EFS || imgnet_resnet34_FS,0.0707196029776675,0.0047114252061248,0.06600817777154269
cw_eot,fr_efficientnetb4_EFS || imgnet_swin_ALL,0.0274663677130044,0.0082449941107184,0.019221373602286
cw_eot,fr_efficientnetb4_EFS || imgnet_swin_EFS,0.0797047970479704,0.0965842167255594,-0.016879419677589005
cw_eot,fr_efficientnetb4_EFS || imgnet_swin_FE,0.012847965738758,0.0565371024734982,-0.043689136734740196
cw_eot,fr_efficientnetb4_EFS || imgnet_swin_FR,0.0218702865761689,0.0129564193168433,0.0089138672593256
cw_eot,fr_efficientnetb4_EFS || imgnet_swin_FS,0.0106516290726817,0.0070671378091872,0.0035844912634945
cw_eot,fr_efficientnetb4_EFS || imgnet_vit_ALL,0.0231839258114374,0.0200235571260306,0.003160368685406801
cw_eot,fr_efficientnetb4_EFS || imgnet_vit_EFS,0.0152777777777777,0.1342756183745583,-0.11899784059678059
cw_eot,fr_efficientnetb4_EFS || imgnet_vit_FE,0.0198113207547169,0.071849234393404,-0.0520379136386871
cw_eot,fr_efficientnetb4_EFS || imgnet_vit_FR,0.016,0.0011778563015312,0.0148221436984688
cw_eot,fr_efficientnetb4_EFS || imgnet_vit_FS,0.0142617449664429,0.0070671378091872,0.007194607157255699
cw_eot,fr_efficientnetb4_EFS || imgnet_xception_ALL,0.7604625550660793,0.005889281507656,0.7545732735584233
cw_eot,fr_efficientnetb4_EFS || imgnet_xception_EFS,0.3953201970443349,0.0176678445229682,0.3776523525213667
cw_eot,fr_efficientnetb4_EFS || imgnet_xception_FE,0.0143072289156626,0.005889281507656,0.0084179474080066
cw_eot,fr_efficientnetb4_EFS || imgnet_xception_FR,0.0030807147258163,0.0035335689045936,-0.0004528541787773002
cw_eot,fr_efficientnetb4_EFS || imgnet_xception_FS,0.3600451467268623,0.0011778563015312,0.35886729042533105
cw_eot,fr_efficientnetb4_FE || imgnet_deit_ALL,0.0780399274047187,0.0058823529411764,0.0721575744635423
cw_eot,fr_efficientnetb4_FE || imgnet_deit_EFS,0.0046838407494145,0.0073529411764705,-0.0026691004270559997
cw_eot,fr_efficientnetb4_FE || imgnet_deit_FE,0.049090909090909,0.0220588235294117,0.027032085561497297
cw_eot,fr_efficientnetb4_FE || imgnet_deit_FR,0.0361581920903954,0.0044117647058823,0.031746427384513096
cw_eot,fr_efficientnetb4_FE || imgnet_deit_FS,0.014514896867838,0.0073529411764705,0.007161955691367501
cw_eot,fr_efficientnetb4_FE || imgnet_efficientnetb4_ALL,0.0233297985153764,0.0044117647058823,0.0189180338094941
cw_eot,fr_efficientnetb4_FE || imgnet_efficientnetb4_EFS,0.0336076817558299,0.0014705882352941,0.0321370935205358
cw_eot,fr_efficientnetb4_FE || imgnet_efficientnetb4_FE,0.0671378091872791,0.0161764705882352,0.05096133859904391
cw_eot,fr_efficientnetb4_FE || imgnet_efficientnetb4_FR,0.0407673860911271,0.0014705882352941,0.039296797855833
cw_eot,fr_efficientnetb4_FE || imgnet_efficientnetb4_FS,0.0015831134564643,0.0014705882352941,0.00011252522117020003
cw_eot,fr_efficientnetb4_FE || imgnet_resnet34_ALL,0.191025641025641,0.0,0.191025641025641
cw_eot,fr_efficientnetb4_FE || imgnet_resnet34_EFS,0.0595432300163132,0.0,0.0595432300163132
cw_eot,fr_efficientnetb4_FE || imgnet_resnet34_FE,0.0225711481844946,0.0088235294117647,0.013747618772729899
cw_eot,fr_efficientnetb4_FE || imgnet_resnet34_FR,0.0239425379090183,0.0014705882352941,0.022471949673724203
cw_eot,fr_efficientnetb4_FE || imgnet_resnet34_FS,0.0347394540942928,0.0,0.0347394540942928
cw_eot,fr_efficientnetb4_FE || imgnet_swin_ALL,0.0039237668161434,0.0029411764705882,0.0009825903455551997
cw_eot,fr_efficientnetb4_FE || imgnet_swin_EFS,0.0280442804428044,0.0058823529411764,0.022161927501627997
cw_eot,fr_efficientnetb4_FE || imgnet_swin_FE,0.0149892933618843,0.0485294117647058,-0.0335401184028215
cw_eot,fr_efficientnetb4_FE || imgnet_swin_FR,0.0075414781297134,0.0088235294117647,-0.001282051282051301
cw_eot,fr_efficientnetb4_FE || imgnet_swin_FS,0.0162907268170426,0.0014705882352941,0.014820138581748498
cw_eot,fr_efficientnetb4_FE || imgnet_vit_ALL,0.0123647604327666,0.0029411764705882,0.009423583962178399
cw_eot,fr_efficientnetb4_FE || imgnet_vit_EFS,0.0097222222222222,0.0029411764705882,0.006781045751633999
cw_eot,fr_efficientnetb4_FE || imgnet_vit_FE,0.0160377358490566,0.0176470588235294,-0.001609322974472801
cw_eot,fr_efficientnetb4_FE || imgnet_vit_FR,0.008,0.0044117647058823,0.0035882352941177
cw_eot,fr_efficientnetb4_FE || imgnet_vit_FS,0.0645973154362416,0.0014705882352941,0.0631267272009475
cw_eot,fr_efficientnetb4_FE || imgnet_xception_ALL,0.5462555066079295,0.0029411764705882,0.5433143301373413
cw_eot,fr_efficientnetb4_FE || imgnet_xception_EFS,0.1588669950738916,0.0,0.1588669950738916
cw_eot,fr_efficientnetb4_FE || imgnet_xception_FE,0.0406626506024096,0.0029411764705882,0.037721474131821406
cw_eot,fr_efficientnetb4_FE || imgnet_xception_FR,0.0061614294516327,0.0,0.0061614294516327
cw_eot,fr_efficientnetb4_FE || imgnet_xception_FS,0.3137697516930022,0.0014705882352941,0.3122991634577081
cw_eot,fr_efficientnetb4_FR || imgnet_deit_ALL,0.0302480338777979,0.1524390243902439,-0.122190990512446
cw_eot,fr_efficientnetb4_FR || imgnet_deit_EFS,0.0124902419984387,0.0304878048780487,-0.017997562879609998
cw_eot,fr_efficientnetb4_FR || imgnet_deit_FE,0.0109090909090909,0.0152439024390243,-0.0043348115299334
cw_eot,fr_efficientnetb4_FR || imgnet_deit_FR,0.0101694915254237,0.1631097560975609,-0.1529402645721372
cw_eot,fr_efficientnetb4_FR || imgnet_deit_FS,0.0007639419404125,0.0472560975609756,-0.0464921556205631
cw_eot,fr_efficientnetb4_FR || imgnet_efficientnetb4_ALL,0.0747613997879109,0.0777439024390243,-0.002982502651113411
cw_eot,fr_efficientnetb4_FR || imgnet_efficientnetb4_EFS,0.0150891632373113,0.0396341463414634,-0.024544983104152103
cw_eot,fr_efficientnetb4_FR || imgnet_efficientnetb4_FE,0.0374558303886925,0.0259146341463414,0.011541196242351098
cw_eot,fr_efficientnetb4_FR || imgnet_efficientnetb4_FR,0.026378896882494,0.1295731707317073,-0.10319427384921329
cw_eot,fr_efficientnetb4_FR || imgnet_efficientnetb4_FS,0.0,0.0396341463414634,-0.0396341463414634
cw_eot,fr_efficientnetb4_FR || imgnet_resnet34_ALL,0.642948717948718,0.0457317073170731,0.5972170106316449
cw_eot,fr_efficientnetb4_FR || imgnet_resnet34_EFS,0.0587275693311582,0.0228658536585365,0.0358617156726217
cw_eot,fr_efficientnetb4_FR || imgnet_resnet34_FE,0.000981354268891,0.0121951219512195,-0.0112137676823285
cw_eot,fr_efficientnetb4_FR || imgnet_resnet34_FR,0.0502793296089385,0.0807926829268292,-0.0305133533178907
cw_eot,fr_efficientnetb4_FR || imgnet_resnet34_FS,0.0738213399503722,0.024390243902439,0.04943109604793319
cw_eot,fr_efficientnetb4_FR || imgnet_swin_ALL,0.0056053811659192,0.0198170731707317,-0.0142116920048125
cw_eot,fr_efficientnetb4_FR || imgnet_swin_EFS,0.018450184501845,0.0594512195121951,-0.0410010350103501
cw_eot,fr_efficientnetb4_FR || imgnet_swin_FE,0.0,0.0274390243902439,-0.0274390243902439
cw_eot,fr_efficientnetb4_FR || imgnet_swin_FR,0.006787330316742,0.0564024390243902,-0.049615108707648195
cw_eot,fr_efficientnetb4_FR || imgnet_swin_FS,0.0,0.0350609756097561,-0.0350609756097561
cw_eot,fr_efficientnetb4_FR || imgnet_vit_ALL,0.0087583719732096,0.0289634146341463,-0.0202050426609367
cw_eot,fr_efficientnetb4_FR || imgnet_vit_EFS,0.0208333333333333,0.0213414634146341,-0.0005081300813007984
cw_eot,fr_efficientnetb4_FR || imgnet_vit_FE,0.0075471698113207,0.0045731707317073,0.0029739990796134
cw_eot,fr_efficientnetb4_FR || imgnet_vit_FR,0.0195555555555555,0.2759146341463415,-0.256359078590786
cw_eot,fr_efficientnetb4_FR || imgnet_vit_FS,0.0016778523489932,0.0121951219512195,-0.010517269602226301
cw_eot,fr_efficientnetb4_FR || imgnet_xception_ALL,0.9333700440528634,0.0198170731707317,0.9135529708821317
cw_eot,fr_efficientnetb4_FR || imgnet_xception_EFS,0.0092364532019704,0.0076219512195121,0.0016145019824583004
cw_eot,fr_efficientnetb4_FR || imgnet_xception_FE,0.0052710843373493,0.0076219512195121,-0.0023508668821628003
cw_eot,fr_efficientnetb4_FR || imgnet_xception_FR,0.0,0.0320121951219512,-0.0320121951219512
cw_eot,fr_efficientnetb4_FR || imgnet_xception_FS,0.0406320541760722,0.0167682926829268,0.0238637614931454
cw_eot,fr_efficientnetb4_FS || imgnet_deit_ALL,0.1784633998790078,0.072077922077922,0.1063854778010858
cw_eot,fr_efficientnetb4_FS || imgnet_deit_EFS,0.0265417642466822,0.0318181818181818,-0.0052764175714996
cw_eot,fr_efficientnetb4_FS || imgnet_deit_FE,0.0809090909090909,0.0954545454545454,-0.0145454545454545
cw_eot,fr_efficientnetb4_FS || imgnet_deit_FR,0.0542372881355932,0.0097402597402597,0.044497028395333496
cw_eot,fr_efficientnetb4_FS || imgnet_deit_FS,0.0374331550802139,0.187012987012987,-0.14957983193277308
cw_eot,fr_efficientnetb4_FS || imgnet_efficientnetb4_ALL,0.1108165429480381,0.0428571428571428,0.0679594000908953
cw_eot,fr_efficientnetb4_FS || imgnet_efficientnetb4_EFS,0.0802469135802469,0.0058441558441558,0.07440275773609109
cw_eot,fr_efficientnetb4_FS || imgnet_efficientnetb4_FE,0.2367491166077738,0.0142857142857142,0.2224634023220596
cw_eot,fr_efficientnetb4_FS || imgnet_efficientnetb4_FR,0.0535571542765787,0.0038961038961038,0.0496610503804749
cw_eot,fr_efficientnetb4_FS || imgnet_efficientnetb4_FS,0.0047493403693931,0.0727272727272727,-0.06797793235787959
cw_eot,fr_efficientnetb4_FS || imgnet_resnet34_ALL,0.5256410256410257,0.0175324675324675,0.5081085581085582
cw_eot,fr_efficientnetb4_FS || imgnet_resnet34_EFS,0.2365415986949429,0.0025974025974025,0.2339441960975404
cw_eot,fr_efficientnetb4_FS || imgnet_resnet34_FE,0.0677134445534838,0.0006493506493506,0.0670640939041332
cw_eot,fr_efficientnetb4_FS || imgnet_resnet34_FR,0.0319233838786911,0.0006493506493506,0.0312740332293405
cw_eot,fr_efficientnetb4_FS || imgnet_resnet34_FS,0.1606699751861042,0.0727272727272727,0.08794270245883151
cw_eot,fr_efficientnetb4_FS || imgnet_swin_ALL,0.1109865470852018,0.0383116883116883,0.0726748587735135
cw_eot,fr_efficientnetb4_FS || imgnet_swin_EFS,0.1077490774907749,0.0772727272727272,0.030476350218047704
cw_eot,fr_efficientnetb4_FS || imgnet_swin_FE,0.0042826552462526,0.0188311688311688,-0.0145485135849162
cw_eot,fr_efficientnetb4_FS || imgnet_swin_FR,0.0874811463046757,0.0,0.0874811463046757
cw_eot,fr_efficientnetb4_FS || imgnet_swin_FS,0.0739348370927318,0.2116883116883116,-0.1377534745955798
cw_eot,fr_efficientnetb4_FS || imgnet_vit_ALL,0.1221020092735703,0.0792207792207792,0.0428812300527911
cw_eot,fr_efficientnetb4_FS || imgnet_vit_EFS,0.0847222222222222,0.0246753246753246,0.0600468975468976
cw_eot,fr_efficientnetb4_FS || imgnet_vit_FE,0.0933962264150943,0.0298701298701298,0.06352609654496451
cw_eot,fr_efficientnetb4_FS || imgnet_vit_FR,0.088,0.0012987012987012,0.08670129870129879
cw_eot,fr_efficientnetb4_FS || imgnet_vit_FS,0.3859060402684564,0.1863636363636363,0.1995424039048201
cw_eot,fr_efficientnetb4_FS || imgnet_xception_ALL,0.9509911894273128,0.037012987012987,0.9139782024143257
cw_eot,fr_efficientnetb4_FS || imgnet_xception_EFS,0.2487684729064039,0.0019480519480519,0.246820420958352
cw_eot,fr_efficientnetb4_FS || imgnet_xception_FE,0.0203313253012048,0.0025974025974025,0.0177339227038023
cw_eot,fr_efficientnetb4_FS || imgnet_xception_FR,0.0006161429451632,0.0012987012987012,-0.0006825583535380001
cw_eot,fr_efficientnetb4_FS || imgnet_xception_FS,0.4599322799097065,0.0396103896103896,0.4203218902993169
cw_eot,fr_resnet34_ALL || imgnet_deit_ALL,0.396249243799153,0.2389984825493171,0.1572507612498359
cw_eot,fr_resnet34_ALL || imgnet_deit_EFS,0.0444964871194379,0.165402124430956,-0.1209056373115181
cw_eot,fr_resnet34_ALL || imgnet_deit_FE,0.0472727272727272,0.1160849772382397,-0.0688122499655125
cw_eot,fr_resnet34_ALL || imgnet_deit_FR,0.1050847457627118,0.0698027314112291,0.035282014351482704
cw_eot,fr_resnet34_ALL || imgnet_deit_FS,0.0924369747899159,0.1676783004552352,-0.07524132566531931
cw_eot,fr_resnet34_ALL || imgnet_efficientnetb4_ALL,0.1940615058324496,0.0690440060698027,0.12501749976264692
cw_eot,fr_resnet34_ALL || imgnet_efficientnetb4_EFS,0.3614540466392318,0.0409711684370258,0.320482878202206
cw_eot,fr_resnet34_ALL || imgnet_efficientnetb4_FE,0.0742049469964664,0.0144157814871016,0.059789165509364806
cw_eot,fr_resnet34_ALL || imgnet_efficientnetb4_FR,0.0471622701838529,0.0182094081942336,0.028952861989619296
cw_eot,fr_resnet34_ALL || imgnet_efficientnetb4_FS,0.0189973614775725,0.0819423368740516,-0.0629449753964791
cw_eot,fr_resnet34_ALL || imgnet_resnet34_ALL,0.8846153846153846,0.0895295902883156,0.7950857943270689
cw_eot,fr_resnet34_ALL || imgnet_resnet34_EFS,0.7585644371941273,0.0356600910470409,0.7229043461470863
cw_eot,fr_resnet34_ALL || imgnet_resnet34_FE,0.0873405299313052,0.0159332321699544,0.0714072977613508
cw_eot,fr_resnet34_ALL || imgnet_resnet34_FR,0.2442138866719872,0.0197268588770864,0.22448702779490082
cw_eot,fr_resnet34_ALL || imgnet_resnet34_FS,0.6730769230769231,0.0682852807283763,0.6047916423485469
cw_eot,fr_resnet34_ALL || imgnet_swin_ALL,0.3548206278026906,0.2177541729893778,0.13706645481331278
cw_eot,fr_resnet34_ALL || imgnet_swin_EFS,0.3690036900369003,0.3012139605462822,0.06778972949061812
cw_eot,fr_resnet34_ALL || imgnet_swin_FE,0.0042826552462526,0.0971168437025796,-0.092834188456327
cw_eot,fr_resnet34_ALL || imgnet_swin_FR,0.0173453996983408,0.0265553869499241,-0.009209987251583302
cw_eot,fr_resnet34_ALL || imgnet_swin_FS,0.3634085213032581,0.1449165402124431,0.21849198109081502
cw_eot,fr_resnet34_ALL || imgnet_vit_ALL,0.1952601751674394,0.2344461305007587,-0.03918595533331928
cw_eot,fr_resnet34_ALL || imgnet_vit_EFS,0.1340277777777777,0.1919575113808801,-0.05792973360310241
cw_eot,fr_resnet34_ALL || imgnet_vit_FE,0.0952830188679245,0.0606980273141122,0.03458499155381229
cw_eot,fr_resnet34_ALL || imgnet_vit_FR,0.0275555555555555,0.0364188163884673,-0.0088632608329118
cw_eot,fr_resnet34_ALL || imgnet_vit_FS,0.3162751677852349,0.1130500758725341,0.2032250919127008
cw_eot,fr_resnet34_ALL || imgnet_xception_ALL,0.960352422907489,0.0235204855842185,0.9368319373232705
cw_eot,fr_resnet34_ALL || imgnet_xception_EFS,0.7025862068965517,0.0121396054628224,0.6904466014337293
cw_eot,fr_resnet34_ALL || imgnet_xception_FE,0.0090361445783132,0.0030349013657056,0.006001243212607601
cw_eot,fr_resnet34_ALL || imgnet_xception_FR,0.0049291435613062,0.0083459787556904,-0.0034168351943841997
cw_eot,fr_resnet34_ALL || imgnet_xception_FS,0.8498871331828443,0.0204855842185129,0.8294015489643314
cw_eot,fr_resnet34_EFS || imgnet_deit_ALL,0.1155474894131881,0.0028653295128939,0.1126821599002942
cw_eot,fr_resnet34_EFS || imgnet_deit_EFS,0.0171740827478532,0.0143266475644699,0.0028474351833833005
cw_eot,fr_resnet34_EFS || imgnet_deit_FE,0.0318181818181818,0.0114613180515759,0.0203568637666059
cw_eot,fr_resnet34_EFS || imgnet_deit_FR,0.0259887005649717,0.0014326647564469,0.0245560358085248
cw_eot,fr_resnet34_EFS || imgnet_deit_FS,0.0091673032849503,0.0057306590257879,0.003436644259162399
cw_eot,fr_resnet34_EFS || imgnet_efficientnetb4_ALL,0.0328738069989395,0.0,0.0328738069989395
cw_eot,fr_resnet34_EFS || imgnet_efficientnetb4_EFS,0.2091906721536351,0.0171919770773638,0.1919986950762713
cw_eot,fr_resnet34_EFS || imgnet_efficientnetb4_FE,0.0374558303886925,0.0,0.0374558303886925
cw_eot,fr_resnet34_EFS || imgnet_efficientnetb4_FR,0.0071942446043165,0.0,0.0071942446043165
cw_eot,fr_resnet34_EFS || imgnet_efficientnetb4_FS,0.0,0.0,0.0
cw_eot,fr_resnet34_EFS || imgnet_resnet34_ALL,0.6173076923076923,0.0,0.6173076923076923
cw_eot,fr_resnet34_EFS || imgnet_resnet34_EFS,0.734910277324633,0.0229226361031518,0.7119876412214812
cw_eot,fr_resnet34_EFS || imgnet_resnet34_FE,0.113837095191364,0.0014326647564469,0.11240443043491709
cw_eot,fr_resnet34_EFS || imgnet_resnet34_FR,0.1093375897845171,0.0014326647564469,0.1079049250280702
cw_eot,fr_resnet34_EFS || imgnet_resnet34_FS,0.1681141439205955,0.0,0.1681141439205955
cw_eot,fr_resnet34_EFS || imgnet_swin_ALL,0.0381165919282511,0.0014326647564469,0.0366839271718042
cw_eot,fr_resnet34_EFS || imgnet_swin_EFS,0.2457564575645756,0.0573065902578796,0.188449867306696
cw_eot,fr_resnet34_EFS || imgnet_swin_FE,0.0160599571734475,0.0143266475644699,0.0017333096089775998
cw_eot,fr_resnet34_EFS || imgnet_swin_FR,0.0090497737556561,0.0014326647564469,0.007617108999209201
cw_eot,fr_resnet34_EFS || imgnet_swin_FS,0.0181704260651629,0.0,0.0181704260651629
cw_eot,fr_resnet34_EFS || imgnet_vit_ALL,0.0123647604327666,0.0014326647564469,0.0109320956763197
cw_eot,fr_resnet34_EFS || imgnet_vit_EFS,0.0736111111111111,0.0530085959885386,0.020602515122572503
cw_eot,fr_resnet34_EFS || imgnet_vit_FE,0.0528301886792452,0.0171919770773638,0.0356382116018814
cw_eot,fr_resnet34_EFS || imgnet_vit_FR,0.0106666666666666,0.0,0.0106666666666666
cw_eot,fr_resnet34_EFS || imgnet_vit_FS,0.0251677852348993,0.0,0.0251677852348993
cw_eot,fr_resnet34_EFS || imgnet_xception_ALL,0.7064977973568282,0.0,0.7064977973568282
cw_eot,fr_resnet34_EFS || imgnet_xception_EFS,0.6564039408866995,0.0,0.6564039408866995
cw_eot,fr_resnet34_EFS || imgnet_xception_FE,0.0150602409638554,0.0,0.0150602409638554
cw_eot,fr_resnet34_EFS || imgnet_xception_FR,0.0123228589032655,0.0,0.0123228589032655
cw_eot,fr_resnet34_EFS || imgnet_xception_FS,0.4994356659142212,0.0,0.4994356659142212
cw_eot,fr_resnet34_FE || imgnet_deit_ALL,0.1415607985480943,0.0664760543245175,0.0750847442235768
cw_eot,fr_resnet34_FE || imgnet_deit_EFS,0.009367681498829,0.0300214438884917,-0.020653762389662697
cw_eot,fr_resnet34_FE || imgnet_deit_FE,0.039090909090909,0.0721944245889921,-0.033103515498083096
cw_eot,fr_resnet34_FE || imgnet_deit_FR,0.0338983050847457,0.0271622587562544,0.006736046328491299
cw_eot,fr_resnet34_FE || imgnet_deit_FS,0.0053475935828877,0.0293066476054324,-0.0239590540225447
cw_eot,fr_resnet34_FE || imgnet_efficientnetb4_ALL,0.0493107104984093,0.0164403145103645,0.032870395988044795
cw_eot,fr_resnet34_FE || imgnet_efficientnetb4_EFS,0.098079561042524,0.0078627591136526,0.0902168019288714
cw_eot,fr_resnet34_FE || imgnet_efficientnetb4_FE,0.1300353356890459,0.0700500357398141,0.05998529994923181
cw_eot,fr_resnet34_FE || imgnet_efficientnetb4_FR,0.005595523581135,0.0150107219442458,-0.009415198363110801
cw_eot,fr_resnet34_FE || imgnet_efficientnetb4_FS,0.0031662269129287,0.0142959256611865,-0.0111296987482578
cw_eot,fr_resnet34_FE || imgnet_resnet34_ALL,0.5782051282051283,0.0114367405289492,0.5667683876761791
cw_eot,fr_resnet34_FE || imgnet_resnet34_EFS,0.433931484502447,0.0035739814152966,0.43035750308715043
cw_eot,fr_resnet34_FE || imgnet_resnet34_FE,0.1952894995093228,0.0271622587562544,0.1681272407530684
cw_eot,fr_resnet34_FE || imgnet_resnet34_FR,0.1109337589784517,0.0085775553967119,0.1023562035817398
cw_eot,fr_resnet34_FE || imgnet_resnet34_FS,0.2289081885856079,0.0150107219442458,0.2138974666413621
cw_eot,fr_resnet34_FE || imgnet_swin_ALL,0.0504484304932735,0.0428877769835596,0.0075606535097139035
cw_eot,fr_resnet34_FE || imgnet_swin_EFS,0.0974169741697417,0.0314510364546104,0.06596593771513129
cw_eot,fr_resnet34_FE || imgnet_swin_FE,0.0331905781584582,0.1143674052894924,-0.08117682713103419
cw_eot,fr_resnet34_FE || imgnet_swin_FR,0.0361990950226244,0.0693352394567548,-0.03313614443413039
cw_eot,fr_resnet34_FE || imgnet_swin_FS,0.0194235588972431,0.0150107219442458,0.004412836952997299
cw_eot,fr_resnet34_FE || imgnet_vit_ALL,0.0123647604327666,0.0314510364546104,-0.0190862760218438
cw_eot,fr_resnet34_FE || imgnet_vit_EFS,0.0486111111111111,0.0250178699070764,0.023593241204034696
cw_eot,fr_resnet34_FE || imgnet_vit_FE,0.0537735849056603,0.0378842030021443,0.015889381903516006
cw_eot,fr_resnet34_FE || imgnet_vit_FR,0.0088888888888888,0.0278770550393137,-0.0189881661504249
cw_eot,fr_resnet34_FE || imgnet_vit_FS,0.0377516778523489,0.0157255182273052,0.022026159625043697
cw_eot,fr_resnet34_FE || imgnet_xception_ALL,0.8149779735682819,0.0050035739814152,0.8099743995868668
cw_eot,fr_resnet34_FE || imgnet_xception_EFS,0.5252463054187192,0.0028591851322373,0.5223871202864819
cw_eot,fr_resnet34_FE || imgnet_xception_FE,0.0210843373493975,0.0235882773409578,-0.0025039399915603028
cw_eot,fr_resnet34_FE || imgnet_xception_FR,0.0080098582871226,0.0078627591136526,0.00014709917347
cw_eot,fr_resnet34_FE || imgnet_xception_FS,0.5569977426636569,0.0050035739814152,0.5519941686822417
cw_eot,fr_resnet34_FR || imgnet_deit_ALL,0.7519661222020568,0.0482342807924203,0.7037318414096365
cw_eot,fr_resnet34_FR || imgnet_deit_EFS,0.2529274004683841,0.0335917312661498,0.21933566920223427
cw_eot,fr_resnet34_FR || imgnet_deit_FE,0.2554545454545454,0.0086132644272179,0.24684128102732747
cw_eot,fr_resnet34_FR || imgnet_deit_FR,0.6124293785310735,0.0516795865633074,0.5607497919677661
cw_eot,fr_resnet34_FR || imgnet_deit_FS,0.322383498854087,0.0267011197243755,0.2956823791297115
cw_eot,fr_resnet34_FR || imgnet_efficientnetb4_ALL,0.6299045599151644,0.0137812230835486,0.6161233368316158
cw_eot,fr_resnet34_FR || imgnet_efficientnetb4_EFS,0.5102880658436214,0.0008613264427217,0.5094267394008997
cw_eot,fr_resnet34_FR || imgnet_efficientnetb4_FE,0.2628975265017668,0.0,0.2628975265017668
cw_eot,fr_resnet34_FR || imgnet_efficientnetb4_FR,0.7665867306155076,0.016365202411714,0.7502215282037936
cw_eot,fr_resnet34_FR || imgnet_efficientnetb4_FS,0.0480211081794195,0.0017226528854435,0.046298455293976
cw_eot,fr_resnet34_FR || imgnet_resnet34_ALL,0.9314102564102564,0.0025839793281653,0.9288262770820911
cw_eot,fr_resnet34_FR || imgnet_resnet34_EFS,0.4869494290375203,0.0008613264427217,0.4860881025947986
cw_eot,fr_resnet34_FR || imgnet_resnet34_FE,0.2580961727183513,0.0,0.2580961727183513
cw_eot,fr_resnet34_FR || imgnet_resnet34_FR,0.9233838786911412,0.0068906115417743,0.916493267149367
cw_eot,fr_resnet34_FR || imgnet_resnet34_FS,0.5601736972704715,0.0,0.5601736972704715
cw_eot,fr_resnet34_FR || imgnet_swin_ALL,0.7247757847533632,0.0086132644272179,0.7161625203261454
cw_eot,fr_resnet34_FR || imgnet_swin_EFS,0.7365313653136532,0.0559862187769164,0.6805451465367367
cw_eot,fr_resnet34_FR || imgnet_swin_FE,0.1531049250535331,0.016365202411714,0.1367397226418191
cw_eot,fr_resnet34_FR || imgnet_swin_FR,0.7941176470588235,0.0077519379844961,0.7863657090743273
cw_eot,fr_resnet34_FR || imgnet_swin_FS,0.5325814536340853,0.0060292850990525,0.5265521685350327
cw_eot,fr_resnet34_FR || imgnet_vit_ALL,0.4703760947964966,0.012058570198105,0.4583175245983916
cw_eot,fr_resnet34_FR || imgnet_vit_EFS,0.2416666666666666,0.0301464254952627,0.21152024117140392
cw_eot,fr_resnet34_FR || imgnet_vit_FE,0.1886792452830188,0.0060292850990525,0.1826499601839663
cw_eot,fr_resnet34_FR || imgnet_vit_FR,0.6488888888888888,0.0258397932816537,0.6230490956072352
cw_eot,fr_resnet34_FR || imgnet_vit_FS,0.2894295302013422,0.0,0.2894295302013422
cw_eot,fr_resnet34_FR || imgnet_xception_ALL,0.99284140969163,0.0025839793281653,0.9902574303634647
cw_eot,fr_resnet34_FR || imgnet_xception_EFS,0.791871921182266,0.0008613264427217,0.7910105947395443
cw_eot,fr_resnet34_FR || imgnet_xception_FE,0.0421686746987951,0.0,0.0421686746987951
cw_eot,fr_resnet34_FR || imgnet_xception_FR,0.4171287738755391,0.0043066322136089,0.4128221416619302
cw_eot,fr_resnet34_FR || imgnet_xception_FS,0.9531602708803611,0.0008613264427217,0.9522989444376394
cw_eot,fr_resnet34_FS || imgnet_deit_ALL,0.1155474894131881,0.1111111111111111,0.004436378302076993
cw_eot,fr_resnet34_FS || imgnet_deit_EFS,0.0101483216237314,0.032520325203252,-0.0223720035795206
cw_eot,fr_resnet34_FS || imgnet_deit_FE,0.0072727272727272,0.042457091237579,-0.0351843639648518
cw_eot,fr_resnet34_FS || imgnet_deit_FR,0.0112994350282485,0.016260162601626,-0.0049607275733775
cw_eot,fr_resnet34_FS || imgnet_deit_FS,0.0328495034377387,0.1815718157181571,-0.14872231228041838
cw_eot,fr_resnet34_FS || imgnet_efficientnetb4_ALL,0.0535524920466596,0.050587172538392,0.0029653195082676026
cw_eot,fr_resnet34_FS || imgnet_efficientnetb4_EFS,0.1138545953360768,0.002710027100271,0.11114456823580579
cw_eot,fr_resnet34_FS || imgnet_efficientnetb4_FE,0.0106007067137809,0.008130081300813,0.0024706254129679
cw_eot,fr_resnet34_FS || imgnet_efficientnetb4_FR,0.0063948840927258,0.006323396567299,7.148752542680045e-05
cw_eot,fr_resnet34_FS || imgnet_efficientnetb4_FS,0.0232189973614775,0.0984643179765131,-0.07524532061503561
cw_eot,fr_resnet34_FS || imgnet_resnet34_ALL,0.4788461538461538,0.024390243902439,0.4544559099437148
cw_eot,fr_resnet34_FS || imgnet_resnet34_EFS,0.4371941272430669,0.003613369467028,0.4335807577760389
cw_eot,fr_resnet34_FS || imgnet_resnet34_FE,0.0196270853778213,0.005420054200542,0.0142070311772793
cw_eot,fr_resnet34_FS || imgnet_resnet34_FR,0.0079808459696727,0.000903342366757,0.0070775036029157
cw_eot,fr_resnet34_FS || imgnet_resnet34_FS,0.4820099255583127,0.0984643179765131,0.38354560758179956
cw_eot,fr_resnet34_FS || imgnet_swin_ALL,0.1059417040358744,0.1237579042457091,-0.017816200209834696
cw_eot,fr_resnet34_FS || imgnet_swin_EFS,0.0309963099630996,0.1192411924119241,-0.0882448824488245
cw_eot,fr_resnet34_FS || imgnet_swin_FE,0.0010706638115631,0.034327009936766,-0.033256346125202896
cw_eot,fr_resnet34_FS || imgnet_swin_FR,0.0060331825037707,0.006323396567299,-0.0002902140635282994
cw_eot,fr_resnet34_FS || imgnet_swin_FS,0.2619047619047619,0.2610659439927733,0.000838817911988643
cw_eot,fr_resnet34_FS || imgnet_vit_ALL,0.0211231324059763,0.1129177958446251,-0.0917946634386488
cw_eot,fr_resnet34_FS || imgnet_vit_EFS,0.0381944444444444,0.041553748870822,-0.0033593044263776003
cw_eot,fr_resnet34_FS || imgnet_vit_FE,0.0188679245283018,0.009936766034327,0.0089311584939748
cw_eot,fr_resnet34_FS || imgnet_vit_FR,0.0026666666666666,0.002710027100271,-4.3360433604400315e-05
cw_eot,fr_resnet34_FS || imgnet_vit_FS,0.3355704697986577,0.1978319783197832,0.1377384914788745
cw_eot,fr_resnet34_FS || imgnet_xception_ALL,0.5275330396475771,0.028906955736224,0.49862608391135316
cw_eot,fr_resnet34_FS || imgnet_xception_EFS,0.4008620689655172,0.001806684733514,0.3990553842320032
cw_eot,fr_resnet34_FS || imgnet_xception_FE,0.0082831325301204,0.002710027100271,0.005573105429849399
cw_eot,fr_resnet34_FS || imgnet_xception_FR,0.0006161429451632,0.000903342366757,-0.00028719942159380004
cw_eot,fr_resnet34_FS || imgnet_xception_FS,0.536117381489842,0.022583559168925,0.513533822320917
cw_eot,fr_swin_ALL || imgnet_deit_ALL,0.1839080459770115,0.0754996299037749,0.10840841607323659
cw_eot,fr_swin_ALL || imgnet_deit_EFS,0.0288836846213895,0.0429311621021465,-0.014047477480757003
cw_eot,fr_swin_ALL || imgnet_deit_FE,0.1081818181818181,0.0192450037009622,0.0889368144808559
cw_eot,fr_swin_ALL || imgnet_deit_FR,0.1367231638418079,0.0266469282013323,0.11007623564047561
cw_eot,fr_swin_ALL || imgnet_deit_FS,0.0565317035905271,0.0414507772020725,0.015080926388454603
cw_eot,fr_swin_ALL || imgnet_efficientnetb4_ALL,0.1643690349946977,0.0088823094004441,0.1554867255942536
cw_eot,fr_swin_ALL || imgnet_efficientnetb4_EFS,0.0761316872427983,0.0148038490007401,0.0613278382420582
cw_eot,fr_swin_ALL || imgnet_efficientnetb4_FE,0.0664310954063604,0.0148038490007401,0.0516272464056203
cw_eot,fr_swin_ALL || imgnet_efficientnetb4_FR,0.1199040767386091,0.005921539600296,0.1139825371383131
cw_eot,fr_swin_ALL || imgnet_efficientnetb4_FS,0.0153034300791556,0.0088823094004441,0.006421120678711501
cw_eot,fr_swin_ALL || imgnet_resnet34_ALL,0.6557692307692308,0.0111028867505551,0.6446663440186756
cw_eot,fr_swin_ALL || imgnet_resnet34_EFS,0.2357259380097879,0.002960769800148,0.23276516820963988
cw_eot,fr_swin_ALL || imgnet_resnet34_FE,0.0343473994111874,0.000740192450037,0.033607206961150396
cw_eot,fr_swin_ALL || imgnet_resnet34_FR,0.0662410215482841,0.005181347150259,0.06105967439802509
cw_eot,fr_swin_ALL || imgnet_resnet34_FS,0.1929280397022332,0.004441154700222,0.18848688500201122
cw_eot,fr_swin_ALL || imgnet_swin_ALL,0.1900224215246636,0.0399703923019985,0.15005202922266508
cw_eot,fr_swin_ALL || imgnet_swin_EFS,0.1062730627306273,0.0843819393042191,0.0218911234264082
cw_eot,fr_swin_ALL || imgnet_swin_FE,0.0203426124197002,0.0318282753515914,-0.011485662931891197
cw_eot,fr_swin_ALL || imgnet_swin_FR,0.0188536953242835,0.0111028867505551,0.0077508085737283995
cw_eot,fr_swin_ALL || imgnet_swin_FS,0.1854636591478696,0.0192450037009622,0.1662186554469074
cw_eot,fr_swin_ALL || imgnet_vit_ALL,0.0984028851107676,0.0547742413027387,0.043628643808028895
cw_eot,fr_swin_ALL || imgnet_vit_EFS,0.0319444444444444,0.0910436713545521,-0.0590992269101077
cw_eot,fr_swin_ALL || imgnet_vit_FE,0.0962264150943396,0.0355292376017764,0.060697177492563203
cw_eot,fr_swin_ALL || imgnet_vit_FR,0.0097777777777777,0.0185048112509252,-0.0087270334731475
cw_eot,fr_swin_ALL || imgnet_vit_FS,0.0528523489932885,0.0251665433012583,0.0276858056920302
cw_eot,fr_swin_ALL || imgnet_xception_ALL,0.5991189427312775,0.006661732050333,0.5924572106809445
cw_eot,fr_swin_ALL || imgnet_xception_EFS,0.0437192118226601,0.005181347150259,0.0385378646724011
cw_eot,fr_swin_ALL || imgnet_xception_FE,0.0602409638554216,0.004441154700222,0.0557998091551996
cw_eot,fr_swin_ALL || imgnet_xception_FR,0.0006161429451632,0.004441154700222,-0.0038250117550588003
cw_eot,fr_swin_ALL || imgnet_xception_FS,0.0705417607223476,0.005181347150259,0.06536041357208859
cw_eot,fr_swin_EFS || imgnet_deit_ALL,0.0084694494857834,0.0375747224594363,-0.0291052729736529
cw_eot,fr_swin_EFS || imgnet_deit_EFS,0.0023419203747072,0.0623398804440649,-0.0599979600693577
cw_eot,fr_swin_EFS || imgnet_deit_FE,0.05,0.0324508966695132,0.0175491033304868
cw_eot,fr_swin_EFS || imgnet_deit_FR,0.0090395480225988,0.0128095644748078,-0.0037700164522090004
cw_eot,fr_swin_EFS || imgnet_deit_FS,0.0,0.0179333902647309,-0.0179333902647309
cw_eot,fr_swin_EFS || imgnet_efficientnetb4_ALL,0.0471898197242841,0.0051238257899231,0.042065993934361
cw_eot,fr_swin_EFS || imgnet_efficientnetb4_EFS,0.0075445816186556,0.0222032450896669,-0.014658663471011298
cw_eot,fr_swin_EFS || imgnet_efficientnetb4_FE,0.0204946996466431,0.0102476515798462,0.010247048066796898
cw_eot,fr_swin_EFS || imgnet_efficientnetb4_FR,0.023181454836131,0.0034158838599487,0.019765570976182298
cw_eot,fr_swin_EFS || imgnet_efficientnetb4_FS,0.0015831134564643,0.0034158838599487,-0.0018327704034844
cw_eot,fr_swin_EFS || imgnet_resnet34_ALL,0.1352564102564102,0.0111016225448334,0.12415478771157679
cw_eot,fr_swin_EFS || imgnet_resnet34_EFS,0.0415986949429037,0.0111016225448334,0.0304970723980703
cw_eot,fr_swin_EFS || imgnet_resnet34_FE,0.0029440628066732,0.0051238257899231,-0.0021797629832499004
cw_eot,fr_swin_EFS || imgnet_resnet34_FR,0.0071827613727055,0.0025619128949615,0.004620848477744001
cw_eot,fr_swin_EFS || imgnet_resnet34_FS,0.0018610421836228,0.0025619128949615,-0.0007008707113386999
cw_eot,fr_swin_EFS || imgnet_swin_ALL,0.0033632286995515,0.0230572160546541,-0.0196939873551026
cw_eot,fr_swin_EFS || imgnet_swin_EFS,0.014760147601476,0.0683176771989752,-0.0535575295974992
cw_eot,fr_swin_EFS || imgnet_swin_FE,0.0074946466809421,0.0162254483347566,-0.0087308016538145
cw_eot,fr_swin_EFS || imgnet_swin_FR,0.0007541478129713,0.013663535439795,-0.0129093876268237
cw_eot,fr_swin_EFS || imgnet_swin_FS,0.0025062656641604,0.0051238257899231,-0.0026175601257627003
cw_eot,fr_swin_EFS || imgnet_vit_ALL,0.0005151983513652,0.0298889837745516,-0.029373785423186402
cw_eot,fr_swin_EFS || imgnet_vit_EFS,0.00625,0.1545687446626814,-0.14831874466268138
cw_eot,fr_swin_EFS || imgnet_vit_FE,0.0349056603773584,0.0401366353543979,-0.005230974977039497
cw_eot,fr_swin_EFS || imgnet_vit_FR,0.0,0.0145175064047822,-0.0145175064047822
cw_eot,fr_swin_EFS || imgnet_vit_FS,0.0,0.0025619128949615,-0.0025619128949615
cw_eot,fr_swin_EFS || imgnet_xception_ALL,0.1029735682819383,0.0051238257899231,0.0978497424920152
cw_eot,fr_swin_EFS || imgnet_xception_EFS,0.0,0.0128095644748078,-0.0128095644748078
cw_eot,fr_swin_EFS || imgnet_xception_FE,0.0090361445783132,0.0017079419299743,0.007328202648338901
cw_eot,fr_swin_EFS || imgnet_xception_FR,0.0,0.0051238257899231,-0.0051238257899231
cw_eot,fr_swin_EFS || imgnet_xception_FS,0.0016930022573363,0.0017079419299743,-1.4939672638000041e-05
cw_eot,fr_swin_FE || imgnet_deit_ALL,0.0006049606775559,0.3929679420889349,-0.392362981411379
cw_eot,fr_swin_FE || imgnet_deit_EFS,0.0,0.2585315408479834,-0.2585315408479834
cw_eot,fr_swin_FE || imgnet_deit_FE,0.0072727272727272,0.2171664943123061,-0.2098937670395789
cw_eot,fr_swin_FE || imgnet_deit_FR,0.0011299435028248,0.2419855222337125,-0.2408555787308877
cw_eot,fr_swin_FE || imgnet_deit_FS,0.0,0.2626680455015512,-0.2626680455015512
cw_eot,fr_swin_FE || imgnet_efficientnetb4_ALL,0.0227995758218451,0.1902792140641158,-0.1674796382422707
cw_eot,fr_swin_FE || imgnet_efficientnetb4_EFS,0.0013717421124828,0.2047569803516029,-0.20338523823912008
cw_eot,fr_swin_FE || imgnet_efficientnetb4_FE,0.015547703180212,0.3981385729058945,-0.3825908697256825
cw_eot,fr_swin_FE || imgnet_efficientnetb4_FR,0.0031974420463629,0.2326783867631851,-0.2294809447168222
cw_eot,fr_swin_FE || imgnet_efficientnetb4_FS,0.0005277044854881,0.2647362978283351,-0.26420859334284696
cw_eot,fr_swin_FE || imgnet_resnet34_ALL,0.0487179487179487,0.3081695966907963,-0.2594516479728476
cw_eot,fr_swin_FE || imgnet_resnet34_EFS,0.0032626427406199,0.1385729058945191,-0.13531026315389919
cw_eot,fr_swin_FE || imgnet_resnet34_FE,0.0,0.2688728024819028,-0.2688728024819028
cw_eot,fr_swin_FE || imgnet_resnet34_FR,0.0,0.2595656670113754,-0.2595656670113754
cw_eot,fr_swin_FE || imgnet_resnet34_FS,0.0062034739454094,0.2347466390899689,-0.2285431651445595
cw_eot,fr_swin_FE || imgnet_swin_ALL,0.0005605381165919,0.3143743536711478,-0.3138138155545559
cw_eot,fr_swin_FE || imgnet_swin_EFS,0.0,0.3102378490175801,-0.3102378490175801
cw_eot,fr_swin_FE || imgnet_swin_FE,0.0032119914346895,0.3257497414684591,-0.3225377500337696
cw_eot,fr_swin_FE || imgnet_swin_FR,0.0,0.3216132368148914,-0.3216132368148914
cw_eot,fr_swin_FE || imgnet_swin_FS,0.0,0.2171664943123061,-0.2171664943123061
cw_eot,fr_swin_FE || imgnet_vit_ALL,0.0,0.3526370217166494,-0.3526370217166494
cw_eot,fr_swin_FE || imgnet_vit_EFS,0.0,0.2347466390899689,-0.2347466390899689
cw_eot,fr_swin_FE || imgnet_vit_FE,0.0018867924528301,0.2864529472595656,-0.2845661548067355
cw_eot,fr_swin_FE || imgnet_vit_FR,0.0,0.281282316442606,-0.281282316442606
cw_eot,fr_swin_FE || imgnet_vit_FS,0.0,0.1913133402275077,-0.1913133402275077
cw_eot,fr_swin_FE || imgnet_xception_ALL,0.1062775330396475,0.1096173733195449,-0.0033398402798973936
cw_eot,fr_swin_FE || imgnet_xception_EFS,0.0,0.1758014477766287,-0.1758014477766287
cw_eot,fr_swin_FE || imgnet_xception_FE,0.0112951807228915,0.2833505687693898,-0.2720553880464983
cw_eot,fr_swin_FE || imgnet_xception_FR,0.0,0.1302998965873836,-0.1302998965873836
cw_eot,fr_swin_FE || imgnet_xception_FS,0.0005643340857787,0.15511892450879,-0.1545545904230113
cw_eot,fr_swin_FR || imgnet_deit_ALL,0.0369026013309134,0.1077235772357723,-0.0708209759048589
cw_eot,fr_swin_FR || imgnet_deit_EFS,0.0046838407494145,0.0660569105691056,-0.06137306981969111
cw_eot,fr_swin_FR || imgnet_deit_FE,0.0154545454545454,0.0193089430894308,-0.003854397634885402
cw_eot,fr_swin_FR || imgnet_deit_FR,0.0745762711864406,0.1016260162601626,-0.027049745073722
cw_eot,fr_swin_FR || imgnet_deit_FS,0.001527883880825,0.056910569105691,-0.055382685224866
cw_eot,fr_swin_FR || imgnet_efficientnetb4_ALL,0.0747613997879109,0.0274390243902439,0.047322375397666996
cw_eot,fr_swin_FR || imgnet_efficientnetb4_EFS,0.017832647462277,0.0284552845528455,-0.010622637090568498
cw_eot,fr_swin_FR || imgnet_efficientnetb4_FE,0.004946996466431,0.0457317073170731,-0.0407847108506421
cw_eot,fr_swin_FR || imgnet_efficientnetb4_FR,0.123101518784972,0.0558943089430894,0.0672072098418826
cw_eot,fr_swin_FR || imgnet_efficientnetb4_FS,0.0,0.032520325203252,-0.032520325203252
cw_eot,fr_swin_FR || imgnet_resnet34_ALL,0.3211538461538462,0.0447154471544715,0.27643839899937467
cw_eot,fr_swin_FR || imgnet_resnet34_EFS,0.0261011419249592,0.0172764227642276,0.0088247191607316
cw_eot,fr_swin_FR || imgnet_resnet34_FE,0.0,0.0274390243902439,-0.0274390243902439
cw_eot,fr_swin_FR || imgnet_resnet34_FR,0.0319233838786911,0.0630081300813008,-0.031084746202609696
cw_eot,fr_swin_FR || imgnet_resnet34_FS,0.0260545905707196,0.0335365853658536,-0.007481994795133999
cw_eot,fr_swin_FR || imgnet_swin_ALL,0.0302690582959641,0.0873983739837398,-0.0571293156877757
cw_eot,fr_swin_FR || imgnet_swin_EFS,0.0125461254612546,0.0985772357723577,-0.08603111031110311
cw_eot,fr_swin_FR || imgnet_swin_FE,0.0,0.0548780487804878,-0.0548780487804878
cw_eot,fr_swin_FR || imgnet_swin_FR,0.0007541478129713,0.1351626016260162,-0.1344084538130449
cw_eot,fr_swin_FR || imgnet_swin_FS,0.012531328320802,0.0447154471544715,-0.03218411883366949
cw_eot,fr_swin_FR || imgnet_vit_ALL,0.0061823802163833,0.0691056910569105,-0.0629233108405272
cw_eot,fr_swin_FR || imgnet_vit_EFS,0.0048611111111111,0.1056910569105691,-0.100829945799458
cw_eot,fr_swin_FR || imgnet_vit_FE,0.0160377358490566,0.0355691056910569,-0.019531369842000303
cw_eot,fr_swin_FR || imgnet_vit_FR,0.0008888888888888,0.1199186991869918,-0.119029810298103
cw_eot,fr_swin_FR || imgnet_vit_FS,0.0016778523489932,0.0335365853658536,-0.031858733016860395
cw_eot,fr_swin_FR || imgnet_xception_ALL,0.3408590308370044,0.0111788617886178,0.3296801690483866
cw_eot,fr_swin_FR || imgnet_xception_EFS,0.001847290640394,0.0203252032520325,-0.0184779126116385
cw_eot,fr_swin_FR || imgnet_xception_FE,0.0015060240963855,0.0111788617886178,-0.0096728376922323
cw_eot,fr_swin_FR || imgnet_xception_FR,0.0,0.024390243902439,-0.024390243902439
cw_eot,fr_swin_FR || imgnet_xception_FS,0.0028216704288939,0.0091463414634146,-0.006324671034520701
cw_eot,fr_swin_FS || imgnet_deit_ALL,0.0030248033877797,0.1759425493716337,-0.172917745983854
cw_eot,fr_swin_FS || imgnet_deit_EFS,0.0,0.0430879712746858,-0.0430879712746858
cw_eot,fr_swin_FS || imgnet_deit_FE,0.0009090909090909,0.0269299820466786,-0.0260208911375877
cw_eot,fr_swin_FS || imgnet_deit_FR,0.0,0.0628366247755834,-0.0628366247755834
cw_eot,fr_swin_FS || imgnet_deit_FS,0.001527883880825,0.1741472172351885,-0.1726193333543635
cw_eot,fr_swin_FS || imgnet_efficientnetb4_ALL,0.0259809119830328,0.0305206463195691,-0.004539734336536299
cw_eot,fr_swin_FS || imgnet_efficientnetb4_EFS,0.0013717421124828,0.0197486535008976,-0.0183769113884148
cw_eot,fr_swin_FS || imgnet_efficientnetb4_FE,0.0056537102473498,0.03770197486535,-0.0320482646180002
cw_eot,fr_swin_FS || imgnet_efficientnetb4_FR,0.0007993605115907,0.0179533213644524,-0.0171539608528617
cw_eot,fr_swin_FS || imgnet_efficientnetb4_FS,0.0031662269129287,0.0484739676840215,-0.0453077407710928
cw_eot,fr_swin_FS || imgnet_resnet34_ALL,0.125,0.0287253141831238,0.0962746858168762
cw_eot,fr_swin_FS || imgnet_resnet34_EFS,0.0008156606851549,0.0125673249551166,-0.0117516642699617
cw_eot,fr_swin_FS || imgnet_resnet34_FE,0.0,0.0107719928186714,-0.0107719928186714
cw_eot,fr_swin_FS || imgnet_resnet34_FR,0.0,0.0143626570915619,-0.0143626570915619
cw_eot,fr_swin_FS || imgnet_resnet34_FS,0.0204714640198511,0.03770197486535,-0.017230510845498898
cw_eot,fr_swin_FS || imgnet_swin_ALL,0.0022421524663677,0.0610412926391382,-0.0587991401727705
cw_eot,fr_swin_FS || imgnet_swin_EFS,0.0007380073800738,0.0807899461400359,-0.0800519387599621
cw_eot,fr_swin_FS || imgnet_swin_FE,0.0,0.0430879712746858,-0.0430879712746858
cw_eot,fr_swin_FS || imgnet_swin_FR,0.0,0.0412926391382405,-0.0412926391382405
cw_eot,fr_swin_FS || imgnet_swin_FS,0.0081453634085213,0.1077199281867145,-0.0995745647781932
cw_eot,fr_swin_FS || imgnet_vit_ALL,0.0025759917568263,0.1615798922800718,-0.1590039005232455
cw_eot,fr_swin_FS || imgnet_vit_EFS,0.0013888888888888,0.104129263913824,-0.1027403750249352
cw_eot,fr_swin_FS || imgnet_vit_FE,0.0028301886792452,0.0341113105924596,-0.0312811219132144
cw_eot,fr_swin_FS || imgnet_vit_FR,0.0,0.044883303411131,-0.044883303411131
cw_eot,fr_swin_FS || imgnet_vit_FS,0.0109060402684563,0.22262118491921,-0.21171514465075372
cw_eot,fr_swin_FS || imgnet_xception_ALL,0.1503303964757709,0.0233393177737881,0.12699107870198278
cw_eot,fr_swin_FS || imgnet_xception_EFS,0.000615763546798,0.0035906642728904,-0.0029749007260923997
cw_eot,fr_swin_FS || imgnet_xception_FE,0.003012048192771,0.0125673249551166,-0.0095552767623456
cw_eot,fr_swin_FS || imgnet_xception_FR,0.0,0.0125673249551166,-0.0125673249551166
cw_eot,fr_swin_FS || imgnet_xception_FS,0.0039503386004514,0.0287253141831238,-0.0247749755826724
cw_eot,fr_vit_ALL || imgnet_deit_ALL,0.131276467029643,0.0438921205711263,0.0873843464585167
cw_eot,fr_vit_ALL || imgnet_deit_EFS,0.0999219359875097,0.0232681121099947,0.076653823877515
cw_eot,fr_vit_ALL || imgnet_deit_FE,0.2609090909090909,0.0148069804336329,0.24610211047545802
cw_eot,fr_vit_ALL || imgnet_deit_FR,0.0757062146892655,0.0269698572184029,0.0487363574708626
cw_eot,fr_vit_ALL || imgnet_deit_FS,0.0206264323911382,0.0285563194077207,-0.007929887016582503
cw_eot,fr_vit_ALL || imgnet_efficientnetb4_ALL,0.1426299045599151,0.0111052353252247,0.1315246692346904
cw_eot,fr_vit_ALL || imgnet_efficientnetb4_EFS,0.1920438957475994,0.017451084082496,0.1745928116651034
cw_eot,fr_vit_ALL || imgnet_efficientnetb4_FE,0.2685512367491166,0.0259122157588577,0.24263902099025886
cw_eot,fr_vit_ALL || imgnet_efficientnetb4_FR,0.4940047961630695,0.0185087255420412,0.47549607062102833
cw_eot,fr_vit_ALL || imgnet_efficientnetb4_FS,0.0158311345646438,0.0195663670015864,-0.003735232436942598
cw_eot,fr_vit_ALL || imgnet_resnet34_ALL,0.6224358974358974,0.0264410364886303,0.5959948609472672
cw_eot,fr_vit_ALL || imgnet_resnet34_EFS,0.5261011419249593,0.0068746694870438,0.5192264724379154
cw_eot,fr_vit_ALL || imgnet_resnet34_FE,0.2796859666339548,0.0126916975145425,0.26699426911941226
cw_eot,fr_vit_ALL || imgnet_resnet34_FR,0.3894652833200319,0.0227392913802221,0.3667259919398098
cw_eot,fr_vit_ALL || imgnet_resnet34_FS,0.1178660049627791,0.0148069804336329,0.1030590245291462
cw_eot,fr_vit_ALL || imgnet_swin_ALL,0.179372197309417,0.0327868852459016,0.1465853120635154
cw_eot,fr_vit_ALL || imgnet_swin_EFS,0.2929889298892988,0.0264410364886303,0.26654789340066853
cw_eot,fr_vit_ALL || imgnet_swin_FE,0.0738758029978586,0.0259122157588577,0.047963587239000904
cw_eot,fr_vit_ALL || imgnet_swin_FR,0.1070889894419306,0.020095187731359,0.0869938017105716
cw_eot,fr_vit_ALL || imgnet_swin_FS,0.1309523809523809,0.0116340560549973,0.1193183248973836
cw_eot,fr_vit_ALL || imgnet_vit_ALL,0.050489438433797,0.0354309888947646,0.015058449539032404
cw_eot,fr_vit_ALL || imgnet_vit_EFS,0.0722222222222222,0.0354309888947646,0.0367912333274576
cw_eot,fr_vit_ALL || imgnet_vit_FE,0.2415094339622641,0.020095187731359,0.2214142462309051
cw_eot,fr_vit_ALL || imgnet_vit_FR,0.0222222222222222,0.0222104706504495,1.1751571772699448e-05
cw_eot,fr_vit_ALL || imgnet_vit_FS,0.0444630872483221,0.0132205182443151,0.031242569004006997
cw_eot,fr_vit_ALL || imgnet_xception_ALL,0.6018722466960352,0.0084611316763617,0.5934111150196735
cw_eot,fr_vit_ALL || imgnet_xception_EFS,0.2666256157635468,0.0116340560549973,0.25499155970854953
cw_eot,fr_vit_ALL || imgnet_xception_FE,0.1618975903614457,0.0100475938656795,0.1518499964957662
cw_eot,fr_vit_ALL || imgnet_xception_FR,0.2667898952556993,0.0142781597038603,0.252511735551839
cw_eot,fr_vit_ALL || imgnet_xception_FS,0.4926636568848758,0.0105764145954521,0.4820872422894237
cw_eot,fr_vit_EFS || imgnet_deit_ALL,0.0120992135511191,0.1961722488038277,-0.1840730352527086
cw_eot,fr_vit_EFS || imgnet_deit_EFS,0.0085870413739266,0.2488038277511961,-0.2402167863772695
cw_eot,fr_vit_EFS || imgnet_deit_FE,0.0663636363636363,0.1186602870813397,-0.0522966507177034
cw_eot,fr_vit_EFS || imgnet_deit_FR,0.0045197740112994,0.1301435406698564,-0.12562376665855698
cw_eot,fr_vit_EFS || imgnet_deit_FS,0.0,0.1148325358851674,-0.1148325358851674
cw_eot,fr_vit_EFS || imgnet_efficientnetb4_ALL,0.0609756097560975,0.0746411483253588,-0.013665538569261303
cw_eot,fr_vit_EFS || imgnet_efficientnetb4_EFS,0.0246913580246913,0.1464114832535885,-0.12172012522889719
cw_eot,fr_vit_EFS || imgnet_efficientnetb4_FE,0.0727915194346289,0.1885167464114832,-0.11572522697685429
cw_eot,fr_vit_EFS || imgnet_efficientnetb4_FR,0.1007194244604316,0.0746411483253588,0.026078276135072798
cw_eot,fr_vit_EFS || imgnet_efficientnetb4_FS,0.004221635883905,0.0813397129186602,-0.07711807703475519
cw_eot,fr_vit_EFS || imgnet_resnet34_ALL,0.1134615384615384,0.1119617224880382,0.0014998159735001987
cw_eot,fr_vit_EFS || imgnet_resnet34_EFS,0.0603588907014681,0.0976076555023923,-0.0372487648009242
cw_eot,fr_vit_EFS || imgnet_resnet34_FE,0.0068694798822374,0.1071770334928229,-0.10030755361058549
cw_eot,fr_vit_EFS || imgnet_resnet34_FR,0.0039904229848363,0.077511961722488,-0.0735215387376517
cw_eot,fr_vit_EFS || imgnet_resnet34_FS,0.0068238213399503,0.0478468899521531,-0.041023068612202805
cw_eot,fr_vit_EFS || imgnet_swin_ALL,0.007286995515695,0.1588516746411483,-0.1515646791254533
cw_eot,fr_vit_EFS || imgnet_swin_EFS,0.0132841328413284,0.2784688995215311,-0.2651847666802027
cw_eot,fr_vit_EFS || imgnet_swin_FE,0.0171306209850107,0.2105263157894736,-0.1933956948044629
cw_eot,fr_vit_EFS || imgnet_swin_FR,0.0,0.0976076555023923,-0.0976076555023923
cw_eot,fr_vit_EFS || imgnet_swin_FS,0.0043859649122807,0.0526315789473684,-0.048245614035087696
cw_eot,fr_vit_EFS || imgnet_vit_ALL,0.0036063884595569,0.1760765550239234,-0.17247016656436648
cw_eot,fr_vit_EFS || imgnet_vit_EFS,0.0152777777777777,0.3770334928229665,-0.3617557150451888
cw_eot,fr_vit_EFS || imgnet_vit_FE,0.030188679245283,0.2287081339712918,-0.1985194547260088
cw_eot,fr_vit_EFS || imgnet_vit_FR,0.0008888888888888,0.0880382775119617,-0.0871493886230729
cw_eot,fr_vit_EFS || imgnet_vit_FS,0.0,0.0430622009569378,-0.0430622009569378
cw_eot,fr_vit_EFS || imgnet_xception_ALL,0.0842511013215859,0.0488038277511961,0.035447273570389806
cw_eot,fr_vit_EFS || imgnet_xception_EFS,0.0,0.0736842105263157,-0.0736842105263157
cw_eot,fr_vit_EFS || imgnet_xception_FE,0.0271084337349397,0.0842105263157894,-0.0571020925808497
cw_eot,fr_vit_EFS || imgnet_xception_FR,0.0024645717806531,0.0411483253588516,-0.038683753578198504
cw_eot,fr_vit_EFS || imgnet_xception_FS,0.010158013544018,0.0382775119617224,-0.028119498417704406
cw_eot,fr_vit_FE || imgnet_deit_ALL,0.0036297640653357,0.1527777777777778,-0.1491480137124421
cw_eot,fr_vit_FE || imgnet_deit_EFS,0.0078064012490242,0.0787037037037037,-0.07089730245467951
cw_eot,fr_vit_FE || imgnet_deit_FE,0.0609090909090909,0.099537037037037,-0.038627946127946095
cw_eot,fr_vit_FE || imgnet_deit_FR,0.0,0.0925925925925925,-0.0925925925925925
cw_eot,fr_vit_FE || imgnet_deit_FS,0.0,0.1334876543209876,-0.1334876543209876
cw_eot,fr_vit_FE || imgnet_efficientnetb4_ALL,0.0328738069989395,0.0516975308641975,-0.018823723865257998
cw_eot,fr_vit_FE || imgnet_efficientnetb4_EFS,0.0171467764060356,0.1057098765432098,-0.08856310013717421
cw_eot,fr_vit_FE || imgnet_efficientnetb4_FE,0.1053003533568904,0.1882716049382716,-0.0829712515813812
cw_eot,fr_vit_FE || imgnet_efficientnetb4_FR,0.014388489208633,0.0478395061728395,-0.03345101696420649
cw_eot,fr_vit_FE || imgnet_efficientnetb4_FS,0.0036939313984168,0.0941358024691358,-0.09044187107071901
cw_eot,fr_vit_FE || imgnet_resnet34_ALL,0.0429487179487179,0.1064814814814814,-0.06353276353276349
cw_eot,fr_vit_FE || imgnet_resnet34_EFS,0.0285481239804241,0.0578703703703703,-0.0293222463899462
cw_eot,fr_vit_FE || imgnet_resnet34_FE,0.0117762512266928,0.0933641975308642,-0.08158794630417139
cw_eot,fr_vit_FE || imgnet_resnet34_FR,0.0,0.0493827160493827,-0.0493827160493827
cw_eot,fr_vit_FE || imgnet_resnet34_FS,0.0080645161290322,0.074074074074074,-0.0660095579450418
cw_eot,fr_vit_FE || imgnet_swin_ALL,0.0022421524663677,0.1473765432098765,-0.1451343907435088
cw_eot,fr_vit_FE || imgnet_swin_EFS,0.0169741697416974,0.1550925925925926,-0.13811842285089518
cw_eot,fr_vit_FE || imgnet_swin_FE,0.0396145610278372,0.2044753086419753,-0.1648607476141381
cw_eot,fr_vit_FE || imgnet_swin_FR,0.0,0.1018518518518518,-0.1018518518518518
cw_eot,fr_vit_FE || imgnet_swin_FS,0.0018796992481203,0.0694444444444444,-0.0675647451963241
cw_eot,fr_vit_FE || imgnet_vit_ALL,0.0030911901081916,0.1003086419753086,-0.097217451867117
cw_eot,fr_vit_FE || imgnet_vit_EFS,0.0118055555555555,0.1257716049382716,-0.11396604938271611
cw_eot,fr_vit_FE || imgnet_vit_FE,0.0481132075471698,0.1165123456790123,-0.0683991381318425
cw_eot,fr_vit_FE || imgnet_vit_FR,0.0,0.0601851851851851,-0.0601851851851851
cw_eot,fr_vit_FE || imgnet_vit_FS,0.0008389261744966,0.0671296296296296,-0.066290703455133
cw_eot,fr_vit_FE || imgnet_xception_ALL,0.0225770925110132,0.0378086419753086,-0.015231549464295401
cw_eot,fr_vit_FE || imgnet_xception_EFS,0.000615763546798,0.0601851851851851,-0.0595694216383871
cw_eot,fr_vit_FE || imgnet_xception_FE,0.0519578313253012,0.1018518518518518,-0.049894020526550606
cw_eot,fr_vit_FE || imgnet_xception_FR,0.0006161429451632,0.0270061728395061,-0.026390029894342897
cw_eot,fr_vit_FE || imgnet_xception_FS,0.005079006772009,0.0362654320987654,-0.0311864253267564
cw_eot,fr_vit_FR || imgnet_deit_ALL,0.0592861464004839,0.3499327052489905,-0.2906465588485066
cw_eot,fr_vit_FR || imgnet_deit_EFS,0.0468384074941452,0.215343203230148,-0.1685047957360028
cw_eot,fr_vit_FR || imgnet_deit_FE,0.1354545454545454,0.1292059219380888,0.006248623516456608
cw_eot,fr_vit_FR || imgnet_deit_FR,0.0293785310734463,0.3068640646029609,-0.2774855335295146
cw_eot,fr_vit_FR || imgnet_deit_FS,0.0045836516424751,0.1695827725437416,-0.1649991209012665
cw_eot,fr_vit_FR || imgnet_efficientnetb4_ALL,0.108695652173913,0.1668909825033647,-0.058195330329451705
cw_eot,fr_vit_FR || imgnet_efficientnetb4_EFS,0.0445816186556927,0.1695827725437416,-0.1250011538880489
cw_eot,fr_vit_FR || imgnet_efficientnetb4_FE,0.0431095406360424,0.2314939434724091,-0.1883844028363667
cw_eot,fr_vit_FR || imgnet_efficientnetb4_FR,0.3389288569144684,0.2516823687752355,0.08724648813923291
cw_eot,fr_vit_FR || imgnet_efficientnetb4_FS,0.0068601583113456,0.2166890982503364,-0.2098289399389908
cw_eot,fr_vit_FR || imgnet_resnet34_ALL,0.3025641025641025,0.2395693135935397,0.06299478897056279
cw_eot,fr_vit_FR || imgnet_resnet34_EFS,0.1525285481239804,0.0807537012113055,0.0717748469126749
cw_eot,fr_vit_FR || imgnet_resnet34_FE,0.0461236506378802,0.1211305518169582,-0.07500690117907799
cw_eot,fr_vit_FR || imgnet_resnet34_FR,0.0845969672785315,0.3109017496635262,-0.22630478238499468
cw_eot,fr_vit_FR || imgnet_resnet34_FS,0.0390818858560794,0.1453566621803499,-0.1062747763242705
cw_eot,fr_vit_FR || imgnet_swin_ALL,0.0633408071748879,0.2570659488559892,-0.19372514168110133
cw_eot,fr_vit_FR || imgnet_swin_EFS,0.1055350553505535,0.2934051144010767,-0.18787005905052317
cw_eot,fr_vit_FR || imgnet_swin_FE,0.0085653104925053,0.2651413189771198,-0.2565760084846145
cw_eot,fr_vit_FR || imgnet_swin_FR,0.0377073906485671,0.1547779273216689,-0.1170705366731018
cw_eot,fr_vit_FR || imgnet_swin_FS,0.0670426065162907,0.1386271870794078,-0.0715845805631171
cw_eot,fr_vit_FR || imgnet_vit_ALL,0.0139103554868624,0.2678331090174966,-0.25392275353063415
cw_eot,fr_vit_FR || imgnet_vit_EFS,0.0256944444444444,0.3001345895020188,-0.2744401450575744
cw_eot,fr_vit_FR || imgnet_vit_FE,0.0811320754716981,0.1749663526244952,-0.0938342771527971
cw_eot,fr_vit_FR || imgnet_vit_FR,0.0053333333333333,0.3243606998654105,-0.3190273665320772
cw_eot,fr_vit_FR || imgnet_vit_FS,0.0125838926174496,0.1049798115746971,-0.0923959189572475
cw_eot,fr_vit_FR || imgnet_xception_ALL,0.3843612334801762,0.079407806191117,0.3049534272890592
cw_eot,fr_vit_FR || imgnet_xception_EFS,0.0375615763546798,0.0901749663526245,-0.052613389997944696
cw_eot,fr_vit_FR || imgnet_xception_FE,0.0338855421686747,0.1318977119784656,-0.09801216980979088
cw_eot,fr_vit_FR || imgnet_xception_FR,0.0437461491065927,0.1547779273216689,-0.1110317782150762
cw_eot,fr_vit_FR || imgnet_xception_FS,0.2093679458239277,0.098250336473755,0.1111176093501727
cw_eot,fr_vit_FS || imgnet_deit_ALL,0.0127041742286751,0.113782991202346,-0.1010788169736709
cw_eot,fr_vit_FS || imgnet_deit_EFS,0.0046838407494145,0.0451612903225806,-0.040477449573166104
cw_eot,fr_vit_FS || imgnet_deit_FE,0.0481818181818181,0.0404692082111436,0.007712609970674494
cw_eot,fr_vit_FS || imgnet_deit_FR,0.0033898305084745,0.0434017595307917,-0.0400119290223172
cw_eot,fr_vit_FS || imgnet_deit_FS,0.0038197097020626,0.0885630498533724,-0.0847433401513098
cw_eot,fr_vit_FS || imgnet_efficientnetb4_ALL,0.0503711558854719,0.0351906158357771,0.015180540049694796
cw_eot,fr_vit_FS || imgnet_efficientnetb4_EFS,0.0102880658436214,0.0457478005865102,-0.0354597347428888
cw_eot,fr_vit_FS || imgnet_efficientnetb4_FE,0.0247349823321554,0.0404692082111436,-0.015734225878988203
cw_eot,fr_vit_FS || imgnet_efficientnetb4_FR,0.0799360511590727,0.0363636363636363,0.043572414795436394
cw_eot,fr_vit_FS || imgnet_efficientnetb4_FS,0.0089709762532981,0.0709677419354838,-0.061996765682185706
cw_eot,fr_vit_FS || imgnet_resnet34_ALL,0.1705128205128205,0.0756598240469208,0.09485299646589969
cw_eot,fr_vit_FS || imgnet_resnet34_EFS,0.0154975530179445,0.0187683284457478,-0.0032707754278033
cw_eot,fr_vit_FS || imgnet_resnet34_FE,0.000981354268891,0.0170087976539589,-0.0160274433850679
cw_eot,fr_vit_FS || imgnet_resnet34_FR,0.0015961691939345,0.0510263929618768,-0.049430223767942295
cw_eot,fr_vit_FS || imgnet_resnet34_FS,0.053349875930521,0.0486803519061583,0.004669524024362701
cw_eot,fr_vit_FS || imgnet_swin_ALL,0.0173766816143497,0.0821114369501466,-0.0647347553357969
cw_eot,fr_vit_FS || imgnet_swin_EFS,0.0081180811808118,0.0715542521994134,-0.0634361710186016
cw_eot,fr_vit_FS || imgnet_swin_FE,0.0010706638115631,0.0416422287390029,-0.040571564927439796
cw_eot,fr_vit_FS || imgnet_swin_FR,0.0015082956259426,0.039882697947214,-0.0383744023212714
cw_eot,fr_vit_FS || imgnet_swin_FS,0.0570175438596491,0.0563049853372434,0.0007125585224056971
cw_eot,fr_vit_FS || imgnet_vit_ALL,0.0046367851622874,0.1120234604105571,-0.1073866752482697
cw_eot,fr_vit_FS || imgnet_vit_EFS,0.0055555555555555,0.0715542521994134,-0.06599869664385791
cw_eot,fr_vit_FS || imgnet_vit_FE,0.0264150943396226,0.0222873900293255,0.0041277043102971
cw_eot,fr_vit_FS || imgnet_vit_FR,0.0,0.0422287390029325,-0.0422287390029325
cw_eot,fr_vit_FS || imgnet_vit_FS,0.0268456375838926,0.0709677419354838,-0.0441221043515912
cw_eot,fr_vit_FS || imgnet_xception_ALL,0.138215859030837,0.0252199413489736,0.1129959176818634
cw_eot,fr_vit_FS || imgnet_xception_EFS,0.0,0.0234604105571847,-0.0234604105571847
cw_eot,fr_vit_FS || imgnet_xception_FE,0.0165662650602409,0.0252199413489736,-0.0086536762887327
cw_eot,fr_vit_FS || imgnet_xception_FR,0.0073937153419593,0.0269794721407624,-0.0195857567988031
cw_eot,fr_vit_FS || imgnet_xception_FS,0.0474040632054176,0.032258064516129,0.015145998689288606
cw_eot,fr_xception_ALL || imgnet_deit_ALL,0.6158499697519662,0.0041200706297822,0.611729899122184
cw_eot,fr_xception_ALL || imgnet_deit_EFS,0.0928961748633879,0.0070629782224838,0.08583319664090411
cw_eot,fr_xception_ALL || imgnet_deit_FE,0.0545454545454545,0.0082401412595644,0.046305313285890104
cw_eot,fr_xception_ALL || imgnet_deit_FR,0.3005649717514124,0.0023543260741612,0.2982106456772512
cw_eot,fr_xception_ALL || imgnet_deit_FS,0.2345301757066463,0.0147145379635079,0.2198156377431384
cw_eot,fr_xception_ALL || imgnet_efficientnetb4_ALL,0.6118769883351007,0.0005885815185403,0.6112884068165604
cw_eot,fr_xception_ALL || imgnet_efficientnetb4_EFS,0.4204389574759945,0.0005885815185403,0.4198503759574542
cw_eot,fr_xception_ALL || imgnet_efficientnetb4_FE,0.1215547703180212,0.0017657445556209,0.1197890257624003
cw_eot,fr_xception_ALL || imgnet_efficientnetb4_FR,0.2430055955235811,0.0017657445556209,0.24123985096796022
cw_eot,fr_xception_ALL || imgnet_efficientnetb4_FS,0.0364116094986807,0.0005885815185403,0.0358230279801404
cw_eot,fr_xception_ALL || imgnet_resnet34_ALL,0.9057692307692308,0.0011771630370806,0.9045920677321502
cw_eot,fr_xception_ALL || imgnet_resnet34_EFS,0.5203915171288744,0.0,0.5203915171288744
cw_eot,fr_xception_ALL || imgnet_resnet34_FE,0.0372914622178606,0.0,0.0372914622178606
cw_eot,fr_xception_ALL || imgnet_resnet34_FR,0.4006384676775738,0.0,0.4006384676775738
cw_eot,fr_xception_ALL || imgnet_resnet34_FS,0.4088089330024814,0.0011771630370806,0.4076317699654008
cw_eot,fr_xception_ALL || imgnet_swin_ALL,0.4602017937219731,0.0005885815185403,0.4596132122034328
cw_eot,fr_xception_ALL || imgnet_swin_EFS,0.233210332103321,0.0082401412595644,0.2249701908437566
cw_eot,fr_xception_ALL || imgnet_swin_FE,0.0042826552462526,0.0058858151854031,-0.0016031599391505003
cw_eot,fr_xception_ALL || imgnet_swin_FR,0.0995475113122171,0.0005885815185403,0.0989589297936768
cw_eot,fr_xception_ALL || imgnet_swin_FS,0.3421052631578947,0.0076515597410241,0.3344537034168706
cw_eot,fr_xception_ALL || imgnet_vit_ALL,0.4023699124162803,0.0,0.4023699124162803
cw_eot,fr_xception_ALL || imgnet_vit_EFS,0.1284722222222222,0.0029429075927015,0.12552931462952072
cw_eot,fr_xception_ALL || imgnet_vit_FE,0.0169811320754716,0.0011771630370806,0.015803969038391
cw_eot,fr_xception_ALL || imgnet_vit_FR,0.2071111111111111,0.0,0.2071111111111111
cw_eot,fr_xception_ALL || imgnet_vit_FS,0.4916107382550335,0.0047086521483225,0.486902086106711
cw_eot,fr_xception_ALL || imgnet_xception_ALL,0.9955947136563876,0.0011771630370806,0.994417550619307
cw_eot,fr_xception_ALL || imgnet_xception_EFS,0.4895320197044335,0.0011771630370806,0.4883548566673529
cw_eot,fr_xception_ALL || imgnet_xception_FE,0.0105421686746987,0.0,0.0105421686746987
cw_eot,fr_xception_ALL || imgnet_xception_FR,0.0462107208872458,0.0005885815185403,0.0456221393687055
cw_eot,fr_xception_ALL || imgnet_xception_FS,0.8019187358916479,0.0023543260741612,0.7995644098174867
cw_eot,fr_xception_EFS || imgnet_deit_ALL,0.4361766485178463,0.0084033613445378,0.42777328717330854
cw_eot,fr_xception_EFS || imgnet_deit_EFS,0.0967993754879,0.0184873949579831,0.0783119805299169
cw_eot,fr_xception_EFS || imgnet_deit_FE,0.0954545454545454,0.0235294117647058,0.0719251336898396
cw_eot,fr_xception_EFS || imgnet_deit_FR,0.0711864406779661,0.0025210084033613,0.06866543227460481
cw_eot,fr_xception_EFS || imgnet_deit_FS,0.1207028265851795,0.0100840336134453,0.1106187929717342
cw_eot,fr_xception_EFS || imgnet_efficientnetb4_ALL,0.2057264050901378,0.0,0.2057264050901378
cw_eot,fr_xception_EFS || imgnet_efficientnetb4_EFS,0.4705075445816186,0.007563025210084,0.4629445193715346
cw_eot,fr_xception_EFS || imgnet_efficientnetb4_FE,0.0904593639575971,0.0033613445378151,0.087098019419782
cw_eot,fr_xception_EFS || imgnet_efficientnetb4_FR,0.026378896882494,0.0,0.026378896882494
cw_eot,fr_xception_EFS || imgnet_efficientnetb4_FS,0.0089709762532981,0.0,0.0089709762532981
cw_eot,fr_xception_EFS || imgnet_resnet34_ALL,0.8794871794871795,0.0,0.8794871794871795
cw_eot,fr_xception_EFS || imgnet_resnet34_EFS,0.768352365415987,0.0050420168067226,0.7633103486092644
cw_eot,fr_xception_EFS || imgnet_resnet34_FE,0.2090284592737978,0.0008403361344537,0.2081881231393441
cw_eot,fr_xception_EFS || imgnet_resnet34_FR,0.1787709497206704,0.0,0.1787709497206704
cw_eot,fr_xception_EFS || imgnet_resnet34_FS,0.3728287841191067,0.0008403361344537,0.37198844798465297
cw_eot,fr_xception_EFS || imgnet_swin_ALL,0.234304932735426,0.0008403361344537,0.2334645966009723
cw_eot,fr_xception_EFS || imgnet_swin_EFS,0.3896678966789668,0.053781512605042,0.3358863840739248
cw_eot,fr_xception_EFS || imgnet_swin_FE,0.032119914346895,0.0100840336134453,0.022035880733449698
cw_eot,fr_xception_EFS || imgnet_swin_FR,0.0460030165912518,0.0008403361344537,0.045162680456798096
cw_eot,fr_xception_EFS || imgnet_swin_FS,0.0921052631578947,0.0008403361344537,0.09126492702344101
cw_eot,fr_xception_EFS || imgnet_vit_ALL,0.091705306543019,0.0025210084033613,0.08918429813965771
cw_eot,fr_xception_EFS || imgnet_vit_EFS,0.1083333333333333,0.0310924369747899,0.07724089635854339
cw_eot,fr_xception_EFS || imgnet_vit_FE,0.0877358490566037,0.0126050420168067,0.07513080703979699
cw_eot,fr_xception_EFS || imgnet_vit_FR,0.0168888888888888,0.0,0.0168888888888888
cw_eot,fr_xception_EFS || imgnet_vit_FS,0.1904362416107382,0.0016806722689075,0.1887555693418307
cw_eot,fr_xception_EFS || imgnet_xception_ALL,0.9669603524229076,0.0,0.9669603524229076
cw_eot,fr_xception_EFS || imgnet_xception_EFS,0.8589901477832512,0.0016806722689075,0.8573094755143438
cw_eot,fr_xception_EFS || imgnet_xception_FE,0.0203313253012048,0.0,0.0203313253012048
cw_eot,fr_xception_EFS || imgnet_xception_FR,0.0264941466420209,0.0,0.0264941466420209
cw_eot,fr_xception_EFS || imgnet_xception_FS,0.8589164785553047,0.0,0.8589164785553047
cw_eot,fr_xception_FE || imgnet_deit_ALL,0.1712038717483363,0.0094876660341555,0.1617162057141808
cw_eot,fr_xception_FE || imgnet_deit_EFS,0.0054644808743169,0.0075901328273244,-0.0021256519530075003
cw_eot,fr_xception_FE || imgnet_deit_FE,0.0463636363636363,0.0654648956356736,-0.019101259272037305
cw_eot,fr_xception_FE || imgnet_deit_FR,0.0192090395480226,0.0028462998102466,0.016362739737776
cw_eot,fr_xception_FE || imgnet_deit_FS,0.0847975553857906,0.0123339658444022,0.0724635895413884
cw_eot,fr_xception_FE || imgnet_efficientnetb4_ALL,0.0397667020148462,0.0009487666034155,0.0388179354114307
cw_eot,fr_xception_FE || imgnet_efficientnetb4_EFS,0.0480109739368998,0.0,0.0480109739368998
cw_eot,fr_xception_FE || imgnet_efficientnetb4_FE,0.1081272084805653,0.0256166982922201,0.0825105101883452
cw_eot,fr_xception_FE || imgnet_efficientnetb4_FR,0.0023980815347721,0.0,0.0023980815347721
cw_eot,fr_xception_FE || imgnet_efficientnetb4_FS,0.0068601583113456,0.0018975332068311,0.0049626251045145
cw_eot,fr_xception_FE || imgnet_resnet34_ALL,0.3724358974358974,0.0,0.3724358974358974
cw_eot,fr_xception_FE || imgnet_resnet34_EFS,0.2797716150081566,0.0009487666034155,0.27882284840474114
cw_eot,fr_xception_FE || imgnet_resnet34_FE,0.112855740922473,0.00853889943074,0.104316841491733
cw_eot,fr_xception_FE || imgnet_resnet34_FR,0.0111731843575419,0.0,0.0111731843575419
cw_eot,fr_xception_FE || imgnet_resnet34_FS,0.216501240694789,0.0,0.216501240694789
cw_eot,fr_xception_FE || imgnet_swin_ALL,0.0269058295964125,0.0009487666034155,0.025957062992997
cw_eot,fr_xception_FE || imgnet_swin_EFS,0.0568265682656826,0.0028462998102466,0.053980268455436
cw_eot,fr_xception_FE || imgnet_swin_FE,0.0374732334047109,0.040796963946869,-0.0033237305421581
cw_eot,fr_xception_FE || imgnet_swin_FR,0.0037707390648567,0.0028462998102466,0.0009244392546100999
cw_eot,fr_xception_FE || imgnet_swin_FS,0.0783208020050125,0.0018975332068311,0.0764232687981814
cw_eot,fr_xception_FE || imgnet_vit_ALL,0.0092735703245749,0.0009487666034155,0.0083248037211594
cw_eot,fr_xception_FE || imgnet_vit_EFS,0.0173611111111111,0.0018975332068311,0.01546357790428
cw_eot,fr_xception_FE || imgnet_vit_FE,0.0396226415094339,0.0256166982922201,0.014005943217213799
cw_eot,fr_xception_FE || imgnet_vit_FR,0.0,0.0,0.0
cw_eot,fr_xception_FE || imgnet_vit_FS,0.1879194630872483,0.0037950664136622,0.1841243966735861
cw_eot,fr_xception_FE || imgnet_xception_ALL,0.637114537444934,0.0,0.637114537444934
cw_eot,fr_xception_FE || imgnet_xception_EFS,0.375615763546798,0.0,0.375615763546798
cw_eot,fr_xception_FE || imgnet_xception_FE,0.0414156626506024,0.0018975332068311,0.0395181294437713
cw_eot,fr_xception_FE || imgnet_xception_FR,0.0012322858903265,0.0,0.0012322858903265
cw_eot,fr_xception_FE || imgnet_xception_FS,0.5118510158013544,0.0009487666034155,0.5109022491979389
cw_eot,fr_xception_FR || imgnet_deit_ALL,0.4482758620689655,0.0749559082892416,0.37331995377972393
cw_eot,fr_xception_FR || imgnet_deit_EFS,0.0663544106167057,0.037037037037037,0.029317373579668703
cw_eot,fr_xception_FR || imgnet_deit_FE,0.0281818181818181,0.0185185185185185,0.0096632996632996
cw_eot,fr_xception_FR || imgnet_deit_FR,0.4203389830508474,0.0970017636684303,0.3233372193824171
cw_eot,fr_xception_FR || imgnet_deit_FS,0.0359052711993888,0.0432098765432098,-0.007304605343820998
cw_eot,fr_xception_FR || imgnet_efficientnetb4_ALL,0.5349946977730647,0.0158730158730158,0.5191216819000489
cw_eot,fr_xception_FR || imgnet_efficientnetb4_EFS,0.3230452674897119,0.0123456790123456,0.3106995884773663
cw_eot,fr_xception_FR || imgnet_efficientnetb4_FE,0.0325088339222614,0.0070546737213403,0.0254541602009211
cw_eot,fr_xception_FR || imgnet_efficientnetb4_FR,0.328537170263789,0.0299823633156966,0.2985548069480924
cw_eot,fr_xception_FR || imgnet_efficientnetb4_FS,0.0036939313984168,0.0061728395061728,-0.002478908107756
cw_eot,fr_xception_FR || imgnet_resnet34_ALL,0.8903846153846153,0.0079365079365079,0.8824481074481074
cw_eot,fr_xception_FR || imgnet_resnet34_EFS,0.4070146818923328,0.0026455026455026,0.4043691792468302
cw_eot,fr_xception_FR || imgnet_resnet34_FE,0.0039254170755642,0.0,0.0039254170755642
cw_eot,fr_xception_FR || imgnet_resnet34_FR,0.6121308858739026,0.0185185185185185,0.5936123673553841
cw_eot,fr_xception_FR || imgnet_resnet34_FS,0.2531017369727047,0.0088183421516754,0.24428339482102931
cw_eot,fr_xception_FR || imgnet_swin_ALL,0.2090807174887892,0.0132275132275132,0.195853204261276
cw_eot,fr_xception_FR || imgnet_swin_EFS,0.0575645756457564,0.0731922398589065,-0.015627664213150094
cw_eot,fr_xception_FR || imgnet_swin_FE,0.0,0.0202821869488536,-0.0202821869488536
cw_eot,fr_xception_FR || imgnet_swin_FR,0.3009049773755656,0.074074074074074,0.22683090330149158
cw_eot,fr_xception_FR || imgnet_swin_FS,0.0169172932330827,0.019400352733686,-0.002483059500603301
cw_eot,fr_xception_FR || imgnet_vit_ALL,0.2292632663575476,0.0414462081128747,0.1878170582446729
cw_eot,fr_xception_FR || imgnet_vit_EFS,0.0736111111111111,0.0158730158730158,0.0577380952380953
cw_eot,fr_xception_FR || imgnet_vit_FE,0.0094339622641509,0.0061728395061728,0.0032611227579780995
cw_eot,fr_xception_FR || imgnet_vit_FR,0.3511111111111111,0.13668430335097,0.21442680776014109
cw_eot,fr_xception_FR || imgnet_vit_FS,0.0201342281879194,0.0052910052910052,0.014843222896914199
cw_eot,fr_xception_FR || imgnet_xception_ALL,0.9851321585903084,0.0105820105820105,0.974550148008298
cw_eot,fr_xception_FR || imgnet_xception_EFS,0.3928571428571428,0.0035273368606701,0.3893298059964727
cw_eot,fr_xception_FR || imgnet_xception_FE,0.0022590361445783,0.0,0.0022590361445783
cw_eot,fr_xception_FR || imgnet_xception_FR,0.0751694393099199,0.0105820105820105,0.0645874287279094
cw_eot,fr_xception_FR || imgnet_xception_FS,0.4887133182844244,0.0035273368606701,0.4851859814237543
cw_eot,fr_xception_FS || imgnet_deit_ALL,0.2686025408348457,0.2588744588744588,0.00972808196038688
cw_eot,fr_xception_FS || imgnet_deit_EFS,0.0210772833723653,0.1229437229437229,-0.1018664395713576
cw_eot,fr_xception_FS || imgnet_deit_FE,0.0172727272727272,0.1688311688311688,-0.15155844155844161
cw_eot,fr_xception_FS || imgnet_deit_FR,0.0112994350282485,0.0346320346320346,-0.023332599603786097
cw_eot,fr_xception_FS || imgnet_deit_FS,0.2253628724216959,0.3307359307359307,-0.10537305831423482
cw_eot,fr_xception_FS || imgnet_efficientnetb4_ALL,0.0493107104984093,0.0476190476190476,0.001691662879361698
cw_eot,fr_xception_FS || imgnet_efficientnetb4_EFS,0.0871056241426611,0.0043290043290043,0.0827766198136568
cw_eot,fr_xception_FS || imgnet_efficientnetb4_FE,0.0134275618374558,0.0233766233766233,-0.009949061539167501
cw_eot,fr_xception_FS || imgnet_efficientnetb4_FR,0.0007993605115907,0.0034632034632034,-0.0026638429516126997
cw_eot,fr_xception_FS || imgnet_efficientnetb4_FS,0.0052770448548812,0.1212121212121212,-0.11593507635724
cw_eot,fr_xception_FS || imgnet_resnet34_ALL,0.7038461538461539,0.0346320346320346,0.6692141192141193
cw_eot,fr_xception_FS || imgnet_resnet34_EFS,0.5350734094616639,0.0069264069264069,0.528147002535257
cw_eot,fr_xception_FS || imgnet_resnet34_FE,0.0107948969578017,0.0103896103896103,0.0004052865681914014
cw_eot,fr_xception_FS || imgnet_resnet34_FR,0.0039904229848363,0.0,0.0039904229848363
cw_eot,fr_xception_FS || imgnet_resnet34_FS,0.4906947890818858,0.1212121212121212,0.3694826678697646
cw_eot,fr_xception_FS || imgnet_swin_ALL,0.0711883408071748,0.1679653679653679,-0.0967770271581931
cw_eot,fr_xception_FS || imgnet_swin_EFS,0.0169741697416974,0.2121212121212121,-0.1951470423795147
cw_eot,fr_xception_FS || imgnet_swin_FE,0.0010706638115631,0.0614718614718614,-0.0604011976602983
cw_eot,fr_xception_FS || imgnet_swin_FR,0.0,0.0138528138528138,-0.0138528138528138
cw_eot,fr_xception_FS || imgnet_swin_FS,0.2387218045112782,0.2926406926406926,-0.053918888129414394
cw_eot,fr_xception_FS || imgnet_vit_ALL,0.0432766615146831,0.2069264069264069,-0.1636497454117238
cw_eot,fr_xception_FS || imgnet_vit_EFS,0.0486111111111111,0.0805194805194805,-0.03190836940836941
cw_eot,fr_xception_FS || imgnet_vit_FE,0.020754716981132,0.0753246753246753,-0.05456995834354329
cw_eot,fr_xception_FS || imgnet_vit_FR,0.0,0.0051948051948051,-0.0051948051948051
cw_eot,fr_xception_FS || imgnet_vit_FS,0.5830536912751678,0.232034632034632,0.3510190592405358
cw_eot,fr_xception_FS || imgnet_xception_ALL,0.8579295154185022,0.0155844155844155,0.8423450998340867
cw_eot,fr_xception_FS || imgnet_xception_EFS,0.5141625615763546,0.0025974025974025,0.5115651589789522
cw_eot,fr_xception_FS || imgnet_xception_FE,0.0037650602409638,0.0034632034632034,0.0003018567777604
cw_eot,fr_xception_FS || imgnet_xception_FR,0.0018484288354898,0.0008658008658008,0.000982627969689
cw_eot,fr_xception_FS || imgnet_xception_FS,0.7206546275395034,0.0467532467532467,0.6739013807862567
