attack_type,model_pair,mean_false,mean_true,diff
aa,fr_deit_ALL || fr_efficientnetb4_ALL,0.0440653873489694,0.0008230452674897,-0.0432423420814797
aa,fr_deit_ALL || fr_efficientnetb4_EFS,0.0170575692963752,0.0,-0.0170575692963752
aa,fr_deit_ALL || fr_efficientnetb4_FE,0.0156361051883439,0.0,-0.0156361051883439
aa,fr_deit_ALL || fr_efficientnetb4_FR,0.0120824449182658,0.0,-0.0120824449182658
aa,fr_deit_ALL || fr_efficientnetb4_FS,0.1023454157782516,0.0,-0.1023454157782516
aa,fr_deit_ALL || fr_resnet34_ALL,0.0909737029140014,0.0,-0.0909737029140014
aa,fr_deit_ALL || fr_resnet34_EFS,0.0262970859985785,0.0,-0.0262970859985785
aa,fr_deit_ALL || fr_resnet34_FE,0.0469083155650319,0.0050107372942018,-0.0418975782708301
aa,fr_deit_ALL || fr_resnet34_FR,0.0739161336176261,0.0,-0.0739161336176261
aa,fr_deit_ALL || fr_resnet34_FS,0.0511727078891258,0.0,-0.0511727078891258
aa,fr_deit_ALL || fr_xception_ALL,0.0454868514570007,0.0,-0.0454868514570007
aa,fr_deit_ALL || fr_xception_EFS,0.1158493248045486,0.0,-0.1158493248045486
aa,fr_deit_ALL || fr_xception_FE,0.0561478322672352,0.0,-0.0561478322672352
aa,fr_deit_ALL || fr_xception_FR,0.0184790334044065,0.0,-0.0184790334044065
aa,fr_deit_ALL || fr_xception_FS,0.0902629708599857,0.0,-0.0902629708599857
aa,fr_deit_ALL || imgnet_efficientnetb4_ALL,0.0454868514570007,0.0037115588547189,-0.0417752926022818
aa,fr_deit_ALL || imgnet_efficientnetb4_EFS,0.021321961620469,0.004118050789293,-0.017203910831176
aa,fr_deit_ALL || imgnet_efficientnetb4_FE,0.0241648898365316,0.0098939929328621,-0.014270896903669499
aa,fr_deit_ALL || imgnet_efficientnetb4_FR,0.0142146410803127,0.0,-0.0142146410803127
aa,fr_deit_ALL || imgnet_efficientnetb4_FS,0.0326936744847192,0.0,-0.0326936744847192
aa,fr_deit_ALL || imgnet_resnet34_ALL,0.044776119402985,0.0262820512820512,-0.018494068120933804
aa,fr_deit_ALL || imgnet_resnet34_EFS,0.0262970859985785,0.0008156606851549,-0.025481425313423598
aa,fr_deit_ALL || imgnet_resnet34_FE,0.0113717128642501,0.0,-0.0113717128642501
aa,fr_deit_ALL || imgnet_resnet34_FR,0.0170575692963752,0.0,-0.0170575692963752
aa,fr_deit_ALL || imgnet_resnet34_FS,0.0298507462686567,0.0012406947890818,-0.028610051479574898
aa,fr_deit_ALL || imgnet_xception_ALL,0.0099502487562189,0.0187121629058888,0.008761914149669899
aa,fr_deit_ALL || imgnet_xception_EFS,0.0099502487562189,0.0024615384615384,-0.0074887102946805
aa,fr_deit_ALL || imgnet_xception_FE,0.0092395167022032,0.0007535795026375,-0.0084859371995657
aa,fr_deit_ALL || imgnet_xception_FR,0.0120824449182658,0.0086206896551724,-0.0034617552630934
aa,fr_deit_ALL || imgnet_xception_FS,0.0106609808102345,0.0129796839729119,0.0023187031626773994
aa,fr_deit_EFS || fr_efficientnetb4_ALL,0.0342612419700214,0.0008230452674897,-0.0334381967025317
aa,fr_deit_EFS || fr_efficientnetb4_EFS,0.0246252676659528,0.0176678445229682,-0.006957423142984601
aa,fr_deit_EFS || fr_efficientnetb4_FE,0.0203426124197002,0.0,-0.0203426124197002
aa,fr_deit_EFS || fr_efficientnetb4_FR,0.0042826552462526,0.0,-0.0042826552462526
aa,fr_deit_EFS || fr_efficientnetb4_FS,0.0546038543897216,0.0,-0.0546038543897216
aa,fr_deit_EFS || fr_resnet34_ALL,0.0663811563169164,0.0007581501137225,-0.0656230062031939
aa,fr_deit_EFS || fr_resnet34_EFS,0.0899357601713062,0.0,-0.0899357601713062
aa,fr_deit_EFS || fr_resnet34_FE,0.038543897216274,0.0057265569076592,-0.0328173403086148
aa,fr_deit_EFS || fr_resnet34_FR,0.0963597430406852,0.0,-0.0963597430406852
aa,fr_deit_EFS || fr_resnet34_FS,0.012847965738758,0.0,-0.012847965738758
aa,fr_deit_EFS || fr_xception_ALL,0.0149892933618843,0.0,-0.0149892933618843
aa,fr_deit_EFS || fr_xception_EFS,0.1284796573875803,0.0,-0.1284796573875803
aa,fr_deit_EFS || fr_xception_FE,0.0835117773019272,0.0,-0.0835117773019272
aa,fr_deit_EFS || fr_xception_FR,0.0053533190578158,0.0,-0.0053533190578158
aa,fr_deit_EFS || fr_xception_FS,0.025695931477516,0.0,-0.025695931477516
aa,fr_deit_EFS || imgnet_efficientnetb4_ALL,0.0396145610278372,0.0037115588547189,-0.0359030021731183
aa,fr_deit_EFS || imgnet_efficientnetb4_EFS,0.0449678800856531,0.0034317089910775,-0.041536171094575594
aa,fr_deit_EFS || imgnet_efficientnetb4_FE,0.0449678800856531,0.0042402826855123,-0.0407275974001408
aa,fr_deit_EFS || imgnet_efficientnetb4_FR,0.012847965738758,0.0,-0.012847965738758
aa,fr_deit_EFS || imgnet_efficientnetb4_FS,0.025695931477516,0.0,-0.025695931477516
aa,fr_deit_EFS || imgnet_resnet34_ALL,0.0546038543897216,0.016025641025641,-0.0385782133640806
aa,fr_deit_EFS || imgnet_resnet34_EFS,0.0374732334047109,0.0,-0.0374732334047109
aa,fr_deit_EFS || imgnet_resnet34_FE,0.0203426124197002,0.0,-0.0203426124197002
aa,fr_deit_EFS || imgnet_resnet34_FR,0.0224839400428265,0.0,-0.0224839400428265
aa,fr_deit_EFS || imgnet_resnet34_FS,0.0364025695931477,0.0,-0.0364025695931477
aa,fr_deit_EFS || imgnet_xception_ALL,0.0149892933618843,0.0198128783709411,0.0048235850090568005
aa,fr_deit_EFS || imgnet_xception_EFS,0.0182012847965738,0.0067692307692307,-0.0114320540273431
aa,fr_deit_EFS || imgnet_xception_FE,0.0139186295503211,0.0030143180105501,-0.010904311539770999
aa,fr_deit_EFS || imgnet_xception_FR,0.0085653104925053,0.0086206896551724,5.5379162667099774e-05
aa,fr_deit_EFS || imgnet_xception_FS,0.019271948608137,0.0169300225733634,-0.0023419260347735983
aa,fr_deit_FE || fr_efficientnetb4_ALL,0.0282485875706214,0.0008230452674897,-0.0274255423031317
aa,fr_deit_FE || fr_efficientnetb4_EFS,0.0148305084745762,0.0023557126030624,-0.0124747958715138
aa,fr_deit_FE || fr_efficientnetb4_FE,0.0056497175141242,0.0044117647058823,-0.0012379528082419001
aa,fr_deit_FE || fr_efficientnetb4_FR,0.0176553672316384,0.0,-0.0176553672316384
aa,fr_deit_FE || fr_efficientnetb4_FS,0.0642655367231638,0.0,-0.0642655367231638
aa,fr_deit_FE || fr_resnet34_ALL,0.0621468926553672,0.0,-0.0621468926553672
aa,fr_deit_FE || fr_resnet34_EFS,0.0331920903954802,0.0,-0.0331920903954802
aa,fr_deit_FE || fr_resnet34_FE,0.0360169491525423,0.0286327845382963,-0.007384164614245996
aa,fr_deit_FE || fr_resnet34_FR,0.0254237288135593,0.0,-0.0254237288135593
aa,fr_deit_FE || fr_resnet34_FS,0.030367231638418,0.0,-0.030367231638418
aa,fr_deit_FE || fr_xception_ALL,0.0508474576271186,0.0,-0.0508474576271186
aa,fr_deit_FE || fr_xception_EFS,0.0748587570621469,0.0,-0.0748587570621469
aa,fr_deit_FE || fr_xception_FE,0.0988700564971751,0.0037950664136622,-0.0950749900835129
aa,fr_deit_FE || fr_xception_FR,0.0233050847457627,0.0,-0.0233050847457627
aa,fr_deit_FE || fr_xception_FS,0.059322033898305,0.0,-0.059322033898305
aa,fr_deit_FE || imgnet_efficientnetb4_ALL,0.0338983050847457,0.0106044538706256,-0.0232938512141201
aa,fr_deit_FE || imgnet_efficientnetb4_EFS,0.0176553672316384,0.005490734385724,-0.012164632845914401
aa,fr_deit_FE || imgnet_efficientnetb4_FE,0.0225988700564971,0.007773851590106,-0.014825018466391098
aa,fr_deit_FE || imgnet_efficientnetb4_FR,0.0204802259887005,0.0,-0.0204802259887005
aa,fr_deit_FE || imgnet_efficientnetb4_FS,0.028954802259887,0.0,-0.028954802259887
aa,fr_deit_FE || imgnet_resnet34_ALL,0.0296610169491525,0.041025641025641,0.011364624076488496
aa,fr_deit_FE || imgnet_resnet34_EFS,0.019774011299435,0.0,-0.019774011299435
aa,fr_deit_FE || imgnet_resnet34_FE,0.0148305084745762,0.0,-0.0148305084745762
aa,fr_deit_FE || imgnet_resnet34_FR,0.0204802259887005,0.0015948963317384,-0.018885329656962102
aa,fr_deit_FE || imgnet_resnet34_FS,0.030367231638418,0.0006203473945409,-0.0297468842438771
aa,fr_deit_FE || imgnet_xception_ALL,0.0091807909604519,0.0203632361034672,0.0111824451430153
aa,fr_deit_FE || imgnet_xception_EFS,0.0155367231638418,0.0043076923076923,-0.0112290308561495
aa,fr_deit_FE || imgnet_xception_FE,0.0091807909604519,0.0052750565184626,-0.0039057344419892994
aa,fr_deit_FE || imgnet_xception_FR,0.0098870056497175,0.0036945812807881,-0.006192424368929399
aa,fr_deit_FE || imgnet_xception_FS,0.0070621468926553,0.010158013544018,0.003095866651362699
aa,fr_deit_FR || fr_efficientnetb4_ALL,0.0968992248062015,0.0008230452674897,-0.0960761795387118
aa,fr_deit_FR || fr_efficientnetb4_EFS,0.0426356589147286,0.0011778563015312,-0.0414578026131974
aa,fr_deit_FR || fr_efficientnetb4_FE,0.0271317829457364,0.0014705882352941,-0.0256611947104423
aa,fr_deit_FR || fr_efficientnetb4_FR,0.0310077519379844,0.0,-0.0310077519379844
aa,fr_deit_FR || fr_efficientnetb4_FS,0.064922480620155,0.0,-0.064922480620155
aa,fr_deit_FR || fr_resnet34_ALL,0.0978682170542635,0.0,-0.0978682170542635
aa,fr_deit_FR || fr_resnet34_EFS,0.0271317829457364,0.0,-0.0271317829457364
aa,fr_deit_FR || fr_resnet34_FE,0.1046511627906976,0.0078740157480314,-0.0967771470426662
aa,fr_deit_FR || fr_resnet34_FR,0.0988372093023255,0.0,-0.0988372093023255
aa,fr_deit_FR || fr_resnet34_FS,0.0406976744186046,0.0,-0.0406976744186046
aa,fr_deit_FR || fr_xception_ALL,0.1114341085271317,0.0,-0.1114341085271317
aa,fr_deit_FR || fr_xception_EFS,0.1124031007751938,0.0,-0.1124031007751938
aa,fr_deit_FR || fr_xception_FE,0.0077519379844961,0.0,-0.0077519379844961
aa,fr_deit_FR || fr_xception_FR,0.0145348837209302,0.0,-0.0145348837209302
aa,fr_deit_FR || fr_xception_FS,0.1308139534883721,0.0,-0.1308139534883721
aa,fr_deit_FR || imgnet_efficientnetb4_ALL,0.0503875968992248,0.0090137857900318,-0.041373811109193
aa,fr_deit_FR || imgnet_efficientnetb4_EFS,0.0426356589147286,0.0020590253946465,-0.040576633520082096
aa,fr_deit_FR || imgnet_efficientnetb4_FE,0.0416666666666666,0.0056537102473498,-0.0360129564193168
aa,fr_deit_FR || imgnet_efficientnetb4_FR,0.0251937984496124,0.0007993605115907,-0.0243944379380217
aa,fr_deit_FR || imgnet_efficientnetb4_FS,0.0271317829457364,0.0,-0.0271317829457364
aa,fr_deit_FR || imgnet_resnet34_ALL,0.0562015503875969,0.0506410256410256,-0.005560524746571302
aa,fr_deit_FR || imgnet_resnet34_EFS,0.0358527131782945,0.0,-0.0358527131782945
aa,fr_deit_FR || imgnet_resnet34_FE,0.0281007751937984,0.0,-0.0281007751937984
aa,fr_deit_FR || imgnet_resnet34_FR,0.0281007751937984,0.0,-0.0281007751937984
aa,fr_deit_FR || imgnet_resnet34_FS,0.0377906976744186,0.0,-0.0377906976744186
aa,fr_deit_FR || imgnet_xception_ALL,0.0242248062015503,0.0291689598238855,0.0049441536223352005
aa,fr_deit_FR || imgnet_xception_EFS,0.0300387596899224,0.0036923076923076,-0.0263464519976148
aa,fr_deit_FR || imgnet_xception_FE,0.0193798449612403,0.0007535795026375,-0.0186262654586028
aa,fr_deit_FR || imgnet_xception_FR,0.0184108527131782,0.0116995073891625,-0.0067113453240156985
aa,fr_deit_FR || imgnet_xception_FS,0.0271317829457364,0.0112866817155756,-0.0158451012301608
aa,fr_deit_FS || fr_efficientnetb4_ALL,0.1111111111111111,0.0008230452674897,-0.1102880658436214
aa,fr_deit_FS || fr_efficientnetb4_EFS,0.049049049049049,0.0,-0.049049049049049
aa,fr_deit_FS || fr_efficientnetb4_FE,0.058058058058058,0.0,-0.058058058058058
aa,fr_deit_FS || fr_efficientnetb4_FR,0.037037037037037,0.0,-0.037037037037037
aa,fr_deit_FS || fr_efficientnetb4_FS,0.2562562562562562,0.0019467878001297,-0.2543094684561265
aa,fr_deit_FS || fr_resnet34_ALL,0.1541541541541541,0.0007581501137225,-0.1533960040404316
aa,fr_deit_FS || fr_resnet34_EFS,0.044044044044044,0.0,-0.044044044044044
aa,fr_deit_FS || fr_resnet34_FE,0.1661661661661661,0.0078740157480314,-0.1582921504181347
aa,fr_deit_FS || fr_resnet34_FR,0.086086086086086,0.0,-0.086086086086086
aa,fr_deit_FS || fr_resnet34_FS,0.1401401401401401,0.0,-0.1401401401401401
aa,fr_deit_FS || fr_xception_ALL,0.067067067067067,0.0,-0.067067067067067
aa,fr_deit_FS || fr_xception_EFS,0.1761761761761761,0.0,-0.1761761761761761
aa,fr_deit_FS || fr_xception_FE,0.084084084084084,0.0009487666034155,-0.08313531748066849
aa,fr_deit_FS || fr_xception_FR,0.039039039039039,0.0008826125330979,-0.0381564265059411
aa,fr_deit_FS || fr_xception_FS,0.3093093093093093,0.0,-0.3093093093093093
aa,fr_deit_FS || imgnet_efficientnetb4_ALL,0.1071071071071071,0.0058324496288441,-0.10127465747826299
aa,fr_deit_FS || imgnet_efficientnetb4_EFS,0.058058058058058,0.005490734385724,-0.052567323672334
aa,fr_deit_FS || imgnet_efficientnetb4_FE,0.051051051051051,0.004946996466431,-0.04610405458462
aa,fr_deit_FS || imgnet_efficientnetb4_FR,0.042042042042042,0.0,-0.042042042042042
aa,fr_deit_FS || imgnet_efficientnetb4_FS,0.088088088088088,0.0,-0.088088088088088
aa,fr_deit_FS || imgnet_resnet34_ALL,0.072072072072072,0.0326923076923076,-0.039379764379764405
aa,fr_deit_FS || imgnet_resnet34_EFS,0.052052052052052,0.0016313213703099,-0.050420730681742104
aa,fr_deit_FS || imgnet_resnet34_FE,0.036036036036036,0.0,-0.036036036036036
aa,fr_deit_FS || imgnet_resnet34_FR,0.047047047047047,0.0023923444976076,-0.0446547025494394
aa,fr_deit_FS || imgnet_resnet34_FS,0.071071071071071,0.0006203473945409,-0.0704507236765301
aa,fr_deit_FS || imgnet_xception_ALL,0.046046046046046,0.0253164556962025,-0.0207295903498435
aa,fr_deit_FS || imgnet_xception_EFS,0.019019019019019,0.0018461538461538,-0.0171728651728652
aa,fr_deit_FS || imgnet_xception_FE,0.01001001001001,0.001507159005275,-0.008502851004735
aa,fr_deit_FS || imgnet_xception_FR,0.026026026026026,0.0086206896551724,-0.0174053363708536
aa,fr_deit_FS || imgnet_xception_FS,0.037037037037037,0.0180586907449209,-0.0189783462921161
aa,fr_efficientnetb4_ALL || fr_swin_ALL,0.002220577350111,0.0008230452674897,-0.0013975320826213002
aa,fr_efficientnetb4_ALL || fr_swin_EFS,0.0025619128949615,0.0008230452674897,-0.0017388676274717998
aa,fr_efficientnetb4_ALL || fr_swin_FE,0.1509824198552223,0.0,-0.1509824198552223
aa,fr_efficientnetb4_ALL || fr_swin_FR,0.0060975609756097,0.0008230452674897,-0.00527451570812
aa,fr_efficientnetb4_ALL || fr_swin_FS,0.0107719928186714,0.0,-0.0107719928186714
aa,fr_efficientnetb4_ALL || fr_vit_ALL,0.0068746694870438,0.0008230452674897,-0.0060516242195541
aa,fr_efficientnetb4_ALL || fr_vit_EFS,0.0574162679425837,0.0008230452674897,-0.056593222675094
aa,fr_efficientnetb4_ALL || fr_vit_FE,0.044753086419753,0.0008230452674897,-0.0439300411522633
aa,fr_efficientnetb4_ALL || fr_vit_FR,0.1641991924629879,0.0008230452674897,-0.1633761471954982
aa,fr_efficientnetb4_ALL || fr_vit_FS,0.0187683284457478,0.0008230452674897,-0.017945283178258102
aa,fr_efficientnetb4_ALL || imgnet_deit_ALL,0.0,0.0008230452674897,0.0008230452674897
aa,fr_efficientnetb4_ALL || imgnet_deit_EFS,0.0,0.0008230452674897,0.0008230452674897
aa,fr_efficientnetb4_ALL || imgnet_deit_FE,0.0,0.0008230452674897,0.0008230452674897
aa,fr_efficientnetb4_ALL || imgnet_deit_FR,0.0,0.0008230452674897,0.0008230452674897
aa,fr_efficientnetb4_ALL || imgnet_deit_FS,0.0,0.0008230452674897,0.0008230452674897
aa,fr_efficientnetb4_ALL || imgnet_swin_ALL,0.0,0.0008230452674897,0.0008230452674897
aa,fr_efficientnetb4_ALL || imgnet_swin_EFS,0.0,0.0008230452674897,0.0008230452674897
aa,fr_efficientnetb4_ALL || imgnet_swin_FE,0.0,0.0008230452674897,0.0008230452674897
aa,fr_efficientnetb4_ALL || imgnet_swin_FR,0.0,0.0016460905349794,0.0016460905349794
aa,fr_efficientnetb4_ALL || imgnet_swin_FS,0.0,0.0008230452674897,0.0008230452674897
aa,fr_efficientnetb4_ALL || imgnet_vit_ALL,0.0,0.0008230452674897,0.0008230452674897
aa,fr_efficientnetb4_ALL || imgnet_vit_EFS,0.0,0.0008230452674897,0.0008230452674897
aa,fr_efficientnetb4_ALL || imgnet_vit_FE,0.000942507068803,0.0,-0.000942507068803
aa,fr_efficientnetb4_ALL || imgnet_vit_FR,0.0,0.0008230452674897,0.0008230452674897
aa,fr_efficientnetb4_ALL || imgnet_vit_FS,0.0016778523489932,0.0008230452674897,-0.0008548070815035001
aa,fr_efficientnetb4_EFS || fr_swin_ALL,0.0,0.0023557126030624,0.0023557126030624
aa,fr_efficientnetb4_EFS || fr_swin_EFS,0.0025619128949615,0.0035335689045936,0.0009716560096321002
aa,fr_efficientnetb4_EFS || fr_swin_FE,0.1582213029989658,0.0023557126030624,-0.15586559039590342
aa,fr_efficientnetb4_EFS || fr_swin_FR,0.0182926829268292,0.0023557126030624,-0.0159369703237668
aa,fr_efficientnetb4_EFS || fr_swin_FS,0.0197486535008976,0.0011778563015312,-0.0185707971993664
aa,fr_efficientnetb4_EFS || fr_vit_ALL,0.002644103648863,0.0082449941107184,0.0056008904618554
aa,fr_efficientnetb4_EFS || fr_vit_EFS,0.031578947368421,0.0117785630153121,-0.0198003843531089
aa,fr_efficientnetb4_EFS || fr_vit_FE,0.0285493827160493,0.0082449941107184,-0.020304388605330903
aa,fr_efficientnetb4_EFS || fr_vit_FR,0.0551816958277254,0.0011778563015312,-0.0540038395261942
aa,fr_efficientnetb4_EFS || fr_vit_FS,0.019941348973607,0.0047114252061248,-0.015229923767482202
aa,fr_efficientnetb4_EFS || imgnet_deit_ALL,0.0096735187424425,0.0106007067137809,0.0009271879713383998
aa,fr_efficientnetb4_EFS || imgnet_deit_EFS,0.0,0.0082449941107184,0.0082449941107184
aa,fr_efficientnetb4_EFS || imgnet_deit_FE,0.01,0.0070671378091872,-0.0029328621908128
aa,fr_efficientnetb4_EFS || imgnet_deit_FR,0.0045197740112994,0.0047114252061248,0.00019165119482540075
aa,fr_efficientnetb4_EFS || imgnet_deit_FS,0.0,0.0094228504122497,0.0094228504122497
aa,fr_efficientnetb4_EFS || imgnet_swin_ALL,0.0,0.0035335689045936,0.0035335689045936
aa,fr_efficientnetb4_EFS || imgnet_swin_EFS,0.0,0.0047114252061248,0.0047114252061248
aa,fr_efficientnetb4_EFS || imgnet_swin_FE,0.0,0.0,0.0
aa,fr_efficientnetb4_EFS || imgnet_swin_FR,0.0015082956259426,0.0023557126030624,0.0008474169771198001
aa,fr_efficientnetb4_EFS || imgnet_swin_FS,0.0006265664160401,0.0047114252061248,0.0040848587900847
aa,fr_efficientnetb4_EFS || imgnet_vit_ALL,0.0030911901081916,0.0011778563015312,-0.0019133338066603999
aa,fr_efficientnetb4_EFS || imgnet_vit_EFS,0.0,0.0035335689045936,0.0035335689045936
aa,fr_efficientnetb4_EFS || imgnet_vit_FE,0.0,0.0070671378091872,0.0070671378091872
aa,fr_efficientnetb4_EFS || imgnet_vit_FR,0.0,0.0011778563015312,0.0011778563015312
aa,fr_efficientnetb4_EFS || imgnet_vit_FS,0.0008389261744966,0.0023557126030624,0.0015167864285658
aa,fr_efficientnetb4_FE || fr_swin_ALL,0.000740192450037,0.0,-0.000740192450037
aa,fr_efficientnetb4_FE || fr_swin_EFS,0.0008539709649871,0.0,-0.0008539709649871
aa,fr_efficientnetb4_FE || fr_swin_FE,0.1003102378490175,0.0,-0.1003102378490175
aa,fr_efficientnetb4_FE || fr_swin_FR,0.0152439024390243,0.0,-0.0152439024390243
aa,fr_efficientnetb4_FE || fr_swin_FS,0.0053859964093357,0.0,-0.0053859964093357
aa,fr_efficientnetb4_FE || fr_vit_ALL,0.0021152829190904,0.0029411764705882,0.0008258935514978
aa,fr_efficientnetb4_FE || fr_vit_EFS,0.0373205741626794,0.0,-0.0373205741626794
aa,fr_efficientnetb4_FE || fr_vit_FE,0.0108024691358024,0.0029411764705882,-0.007861292665214199
aa,fr_efficientnetb4_FE || fr_vit_FR,0.0390309555854643,0.0,-0.0390309555854643
aa,fr_efficientnetb4_FE || fr_vit_FS,0.0123167155425219,0.0029411764705882,-0.009375539071933699
aa,fr_efficientnetb4_FE || imgnet_deit_ALL,0.0133010882708585,0.0014705882352941,-0.0118305000355644
aa,fr_efficientnetb4_FE || imgnet_deit_EFS,0.00078125,0.0,-0.00078125
aa,fr_efficientnetb4_FE || imgnet_deit_FE,0.0009090909090909,0.0,-0.0009090909090909
aa,fr_efficientnetb4_FE || imgnet_deit_FR,0.0033898305084745,0.0014705882352941,-0.0019192422731803998
aa,fr_efficientnetb4_FE || imgnet_deit_FS,0.0015255530129672,0.0,-0.0015255530129672
aa,fr_efficientnetb4_FE || imgnet_swin_ALL,0.0,0.0,0.0
aa,fr_efficientnetb4_FE || imgnet_swin_EFS,0.0007380073800738,0.0,-0.0007380073800738
aa,fr_efficientnetb4_FE || imgnet_swin_FE,0.0,0.0,0.0
aa,fr_efficientnetb4_FE || imgnet_swin_FR,0.0,0.0044117647058823,0.0044117647058823
aa,fr_efficientnetb4_FE || imgnet_swin_FS,0.0006265664160401,0.0,-0.0006265664160401
aa,fr_efficientnetb4_FE || imgnet_vit_ALL,0.0010303967027305,0.0014705882352941,0.00044019153256360014
aa,fr_efficientnetb4_FE || imgnet_vit_EFS,0.0,0.0014705882352941,0.0014705882352941
aa,fr_efficientnetb4_FE || imgnet_vit_FE,0.000942507068803,0.0014705882352941,0.0005280811664911001
aa,fr_efficientnetb4_FE || imgnet_vit_FR,0.0008873114463176,0.0,-0.0008873114463176
aa,fr_efficientnetb4_FE || imgnet_vit_FS,0.0016778523489932,0.0,-0.0016778523489932
aa,fr_efficientnetb4_FR || fr_swin_ALL,0.0,0.0045801526717557,0.0045801526717557
aa,fr_efficientnetb4_FR || fr_swin_EFS,0.0008539709649871,0.0015267175572519,0.0006727465922647999
aa,fr_efficientnetb4_FR || fr_swin_FE,0.0920372285418821,0.0,-0.0920372285418821
aa,fr_efficientnetb4_FR || fr_swin_FR,0.0101626016260162,0.0015267175572519,-0.0086358840687643
aa,fr_efficientnetb4_FR || fr_swin_FS,0.0017953321364452,0.0015267175572519,-0.0002686145791933
aa,fr_efficientnetb4_FR || fr_vit_ALL,0.005288207297726,0.0015267175572519,-0.0037614897404741
aa,fr_efficientnetb4_FR || fr_vit_EFS,0.0153110047846889,0.0,-0.0153110047846889
aa,fr_efficientnetb4_FR || fr_vit_FE,0.0223765432098765,0.0,-0.0223765432098765
aa,fr_efficientnetb4_FR || fr_vit_FR,0.0457604306864064,0.0,-0.0457604306864064
aa,fr_efficientnetb4_FR || fr_vit_FS,0.0052785923753665,0.0,-0.0052785923753665
aa,fr_efficientnetb4_FR || imgnet_deit_ALL,0.0,0.0045801526717557,0.0045801526717557
aa,fr_efficientnetb4_FR || imgnet_deit_EFS,0.0,0.0,0.0
aa,fr_efficientnetb4_FR || imgnet_deit_FE,0.0,0.0,0.0
aa,fr_efficientnetb4_FR || imgnet_deit_FR,0.0011299435028248,0.0030534351145038,0.0019234916116789998
aa,fr_efficientnetb4_FR || imgnet_deit_FS,0.0,0.0061068702290076,0.0061068702290076
aa,fr_efficientnetb4_FR || imgnet_swin_ALL,0.0,0.0015267175572519,0.0015267175572519
aa,fr_efficientnetb4_FR || imgnet_swin_EFS,0.0,0.0045801526717557,0.0045801526717557
aa,fr_efficientnetb4_FR || imgnet_swin_FE,0.0,0.0015267175572519,0.0015267175572519
aa,fr_efficientnetb4_FR || imgnet_swin_FR,0.0,0.0015267175572519,0.0015267175572519
aa,fr_efficientnetb4_FR || imgnet_swin_FS,0.0,0.0015267175572519,0.0015267175572519
aa,fr_efficientnetb4_FR || imgnet_vit_ALL,0.0,0.0106870229007633,0.0106870229007633
aa,fr_efficientnetb4_FR || imgnet_vit_EFS,0.0,0.0015267175572519,0.0015267175572519
aa,fr_efficientnetb4_FR || imgnet_vit_FE,0.000942507068803,0.0,-0.000942507068803
aa,fr_efficientnetb4_FR || imgnet_vit_FR,0.0,0.0030534351145038,0.0030534351145038
aa,fr_efficientnetb4_FR || imgnet_vit_FS,0.0,0.0015267175572519,0.0015267175572519
aa,fr_efficientnetb4_FS || fr_swin_ALL,0.005921539600296,0.0,-0.005921539600296
aa,fr_efficientnetb4_FS || fr_swin_EFS,0.0042698548249359,0.0,-0.0042698548249359
aa,fr_efficientnetb4_FS || fr_swin_FE,0.2616339193381592,0.0,-0.2616339193381592
aa,fr_efficientnetb4_FS || fr_swin_FR,0.0213414634146341,0.0,-0.0213414634146341
aa,fr_efficientnetb4_FS || fr_swin_FS,0.044883303411131,0.0,-0.044883303411131
aa,fr_efficientnetb4_FS || fr_vit_ALL,0.0153358011634056,0.0012978585334198,-0.014037942629985799
aa,fr_efficientnetb4_FS || fr_vit_EFS,0.0708133971291866,0.0,-0.0708133971291866
aa,fr_efficientnetb4_FS || fr_vit_FE,0.1041666666666666,0.0,-0.1041666666666666
aa,fr_efficientnetb4_FS || fr_vit_FR,0.1695827725437416,0.0,-0.1695827725437416
aa,fr_efficientnetb4_FS || fr_vit_FS,0.0592375366568914,0.0012978585334198,-0.0579396781234716
aa,fr_efficientnetb4_FS || imgnet_deit_ALL,0.0018137847642079,0.0,-0.0018137847642079
aa,fr_efficientnetb4_FS || imgnet_deit_EFS,0.0,0.0006489292667099,0.0006489292667099
aa,fr_efficientnetb4_FS || imgnet_deit_FE,0.0036363636363636,0.0,-0.0036363636363636
aa,fr_efficientnetb4_FS || imgnet_deit_FR,0.0,0.0,0.0
aa,fr_efficientnetb4_FS || imgnet_deit_FS,0.0,0.0006489292667099,0.0006489292667099
aa,fr_efficientnetb4_FS || imgnet_swin_ALL,0.0,0.0,0.0
aa,fr_efficientnetb4_FS || imgnet_swin_EFS,0.0,0.0,0.0
aa,fr_efficientnetb4_FS || imgnet_swin_FE,0.0,0.0,0.0
aa,fr_efficientnetb4_FS || imgnet_swin_FR,0.0,0.0,0.0
aa,fr_efficientnetb4_FS || imgnet_swin_FS,0.0,0.0,0.0
aa,fr_efficientnetb4_FS || imgnet_vit_ALL,0.0005151983513652,0.0,-0.0005151983513652
aa,fr_efficientnetb4_FS || imgnet_vit_EFS,0.0,0.0,0.0
aa,fr_efficientnetb4_FS || imgnet_vit_FE,0.001885014137606,0.0,-0.001885014137606
aa,fr_efficientnetb4_FS || imgnet_vit_FR,0.0,0.0,0.0
aa,fr_efficientnetb4_FS || imgnet_vit_FS,0.0033557046979865,0.0,-0.0033557046979865
aa,fr_resnet34_ALL || fr_swin_ALL,0.0747594374537379,0.0,-0.0747594374537379
aa,fr_resnet34_ALL || fr_swin_EFS,0.0256191289496157,0.0,-0.0256191289496157
aa,fr_resnet34_ALL || fr_swin_FE,0.2916235780765253,0.0,-0.2916235780765253
aa,fr_resnet34_ALL || fr_swin_FR,0.1036585365853658,0.0,-0.1036585365853658
aa,fr_resnet34_ALL || fr_swin_FS,0.0754039497307001,0.0,-0.0754039497307001
aa,fr_resnet34_ALL || fr_vit_ALL,0.0105764145954521,0.0,-0.0105764145954521
aa,fr_resnet34_ALL || fr_vit_EFS,0.0966507177033492,0.0,-0.0966507177033492
aa,fr_resnet34_ALL || fr_vit_FE,0.0841049382716049,0.0,-0.0841049382716049
aa,fr_resnet34_ALL || fr_vit_FR,0.2261103633916554,0.0,-0.2261103633916554
aa,fr_resnet34_ALL || fr_vit_FS,0.0422287390029325,0.0,-0.0422287390029325
aa,fr_resnet34_ALL || imgnet_deit_ALL,0.3821039903264812,0.0022744503411675,-0.37982953998531366
aa,fr_resnet34_ALL || imgnet_deit_EFS,0.046875,0.001516300227445,-0.045358699772555
aa,fr_resnet34_ALL || imgnet_deit_FE,0.1172727272727272,0.0053070507960576,-0.11196567647666959
aa,fr_resnet34_ALL || imgnet_deit_FR,0.2440677966101695,0.0007581501137225,-0.243309646496447
aa,fr_resnet34_ALL || imgnet_deit_FS,0.110602593440122,0.0037907505686125,-0.1068118428715095
aa,fr_resnet34_ALL || imgnet_swin_ALL,0.2847533632286995,0.0,-0.2847533632286995
aa,fr_resnet34_ALL || imgnet_swin_EFS,0.1638376383763837,0.0,-0.1638376383763837
aa,fr_resnet34_ALL || imgnet_swin_FE,0.0117773019271948,0.0,-0.0117773019271948
aa,fr_resnet34_ALL || imgnet_swin_FR,0.0535444947209653,0.0,-0.0535444947209653
aa,fr_resnet34_ALL || imgnet_swin_FS,0.2807017543859649,0.0,-0.2807017543859649
aa,fr_resnet34_ALL || imgnet_vit_ALL,0.2452344152498712,0.001516300227445,-0.24371811502242618
aa,fr_resnet34_ALL || imgnet_vit_EFS,0.0541666666666666,0.00303260045489,-0.0511340662117766
aa,fr_resnet34_ALL || imgnet_vit_FE,0.0471253534401508,0.0045489006823351,-0.0425764527578157
aa,fr_resnet34_ALL || imgnet_vit_FR,0.0984915705412599,0.0,-0.0984915705412599
aa,fr_resnet34_ALL || imgnet_vit_FS,0.3154362416107382,0.0007581501137225,-0.3146780914970157
aa,fr_resnet34_EFS || fr_swin_ALL,0.0192450037009622,0.0,-0.0192450037009622
aa,fr_resnet34_EFS || fr_swin_EFS,0.0614859094790777,0.0,-0.0614859094790777
aa,fr_resnet34_EFS || fr_swin_FE,0.1726990692864529,0.0,-0.1726990692864529
aa,fr_resnet34_EFS || fr_swin_FR,0.0579268292682926,0.0,-0.0579268292682926
aa,fr_resnet34_EFS || fr_swin_FS,0.0233393177737881,0.0,-0.0233393177737881
aa,fr_resnet34_EFS || fr_vit_ALL,0.0037017451084082,0.0,-0.0037017451084082
aa,fr_resnet34_EFS || fr_vit_EFS,0.0956937799043062,0.0,-0.0956937799043062
aa,fr_resnet34_EFS || fr_vit_FE,0.0339506172839506,0.0,-0.0339506172839506
aa,fr_resnet34_EFS || fr_vit_FR,0.1022880215343203,0.0,-0.1022880215343203
aa,fr_resnet34_EFS || fr_vit_FS,0.0158357771260997,0.0,-0.0158357771260997
aa,fr_resnet34_EFS || imgnet_deit_ALL,0.0743651753325272,0.0,-0.0743651753325272
aa,fr_resnet34_EFS || imgnet_deit_EFS,0.00859375,0.0,-0.00859375
aa,fr_resnet34_EFS || imgnet_deit_FE,0.0727272727272727,0.0,-0.0727272727272727
aa,fr_resnet34_EFS || imgnet_deit_FR,0.0610169491525423,0.0,-0.0610169491525423
aa,fr_resnet34_EFS || imgnet_deit_FS,0.0015255530129672,0.0,-0.0015255530129672
aa,fr_resnet34_EFS || imgnet_swin_ALL,0.0106502242152466,0.0,-0.0106502242152466
aa,fr_resnet34_EFS || imgnet_swin_EFS,0.033210332103321,0.0,-0.033210332103321
aa,fr_resnet34_EFS || imgnet_swin_FE,0.0032119914346895,0.0,-0.0032119914346895
aa,fr_resnet34_EFS || imgnet_swin_FR,0.0150829562594268,0.0,-0.0150829562594268
aa,fr_resnet34_EFS || imgnet_swin_FS,0.0150375939849624,0.0,-0.0150375939849624
aa,fr_resnet34_EFS || imgnet_vit_ALL,0.0175167439464193,0.0,-0.0175167439464193
aa,fr_resnet34_EFS || imgnet_vit_EFS,0.0104166666666666,0.0,-0.0104166666666666
aa,fr_resnet34_EFS || imgnet_vit_FE,0.0273327049952874,0.0014326647564469,-0.025900040238840502
aa,fr_resnet34_EFS || imgnet_vit_FR,0.0168589174800354,0.0,-0.0168589174800354
aa,fr_resnet34_EFS || imgnet_vit_FS,0.009228187919463,0.0,-0.009228187919463
aa,fr_resnet34_FE || fr_swin_ALL,0.002220577350111,0.0042949176807444,0.0020743403306333996
aa,fr_resnet34_FE || fr_swin_EFS,0.0068317677198975,0.0021474588403722,-0.0046843088795253
aa,fr_resnet34_FE || fr_swin_FE,0.3712512926577042,0.003579098067287,-0.36767219459041717
aa,fr_resnet34_FE || fr_swin_FR,0.0396341463414634,0.0014316392269148,-0.0382025071145486
aa,fr_resnet34_FE || fr_swin_FS,0.0305206463195691,0.0014316392269148,-0.029089007092654297
aa,fr_resnet34_FE || fr_vit_ALL,0.005288207297726,0.0064423765211166,0.0011541692233906003
aa,fr_resnet34_FE || fr_vit_EFS,0.0555023923444976,0.0014316392269148,-0.054070753117582804
aa,fr_resnet34_FE || fr_vit_FE,0.0547839506172839,0.0078740157480314,-0.046909934869252504
aa,fr_resnet34_FE || fr_vit_FR,0.1574697173620457,0.0,-0.1574697173620457
aa,fr_resnet34_FE || fr_vit_FS,0.0357771260997067,0.0028632784538296,-0.0329138476458771
aa,fr_resnet34_FE || imgnet_deit_ALL,0.1178960096735187,0.007158196134574,-0.1107378135389447
aa,fr_resnet34_FE || imgnet_deit_EFS,0.00546875,0.0042949176807444,-0.0011738323192556
aa,fr_resnet34_FE || imgnet_deit_FE,0.0172727272727272,0.0042949176807444,-0.0129778095919828
aa,fr_resnet34_FE || imgnet_deit_FR,0.047457627118644,0.0014316392269148,-0.0460259878917292
aa,fr_resnet34_FE || imgnet_deit_FS,0.0045766590389016,0.0021474588403722,-0.0024292001985294002
aa,fr_resnet34_FE || imgnet_swin_ALL,0.0033632286995515,0.0014316392269148,-0.0019315894726366998
aa,fr_resnet34_FE || imgnet_swin_EFS,0.0088560885608856,0.0021474588403722,-0.0067086297205134
aa,fr_resnet34_FE || imgnet_swin_FE,0.0010706638115631,0.0007158196134574,-0.0003548441981057
aa,fr_resnet34_FE || imgnet_swin_FR,0.0037707390648567,0.003579098067287,-0.0001916409975696999
aa,fr_resnet34_FE || imgnet_swin_FS,0.006265664160401,0.0078740157480314,0.0016083515876304001
aa,fr_resnet34_FE || imgnet_vit_ALL,0.0097887686759402,0.003579098067287,-0.0062096706086531995
aa,fr_resnet34_FE || imgnet_vit_EFS,0.00625,0.0064423765211166,0.0001923765211165997
aa,fr_resnet34_FE || imgnet_vit_FE,0.0103675777568331,0.0100214745884037,-0.000346103168429401
aa,fr_resnet34_FE || imgnet_vit_FR,0.0115350488021295,0.0057265569076592,-0.005808491894470301
aa,fr_resnet34_FE || imgnet_vit_FS,0.0184563758389261,0.0050107372942018,-0.0134456385447243
aa,fr_resnet34_FR || fr_swin_ALL,0.0444115470022205,0.0,-0.0444115470022205
aa,fr_resnet34_FR || fr_swin_EFS,0.0222032450896669,0.0,-0.0222032450896669
aa,fr_resnet34_FR || fr_swin_FE,0.2730093071354705,0.0,-0.2730093071354705
aa,fr_resnet34_FR || fr_swin_FR,0.258130081300813,0.0,-0.258130081300813
aa,fr_resnet34_FR || fr_swin_FS,0.0341113105924596,0.0,-0.0341113105924596
aa,fr_resnet34_FR || fr_vit_ALL,0.005288207297726,0.0,-0.005288207297726
aa,fr_resnet34_FR || fr_vit_EFS,0.0746411483253588,0.0,-0.0746411483253588
aa,fr_resnet34_FR || fr_vit_FE,0.0324074074074074,0.0,-0.0324074074074074
aa,fr_resnet34_FR || fr_vit_FR,0.1991924629878869,0.0,-0.1991924629878869
aa,fr_resnet34_FR || fr_vit_FS,0.0158357771260997,0.0,-0.0158357771260997
aa,fr_resnet34_FR || imgnet_deit_ALL,0.3288996372430471,0.0,-0.3288996372430471
aa,fr_resnet34_FR || imgnet_deit_EFS,0.03671875,0.0,-0.03671875
aa,fr_resnet34_FR || imgnet_deit_FE,0.069090909090909,0.0,-0.069090909090909
aa,fr_resnet34_FR || imgnet_deit_FR,0.343502824858757,0.0,-0.343502824858757
aa,fr_resnet34_FR || imgnet_deit_FS,0.0556826849733028,0.0,-0.0556826849733028
aa,fr_resnet34_FR || imgnet_swin_ALL,0.1300448430493273,0.0,-0.1300448430493273
aa,fr_resnet34_FR || imgnet_swin_EFS,0.0826568265682656,0.0,-0.0826568265682656
aa,fr_resnet34_FR || imgnet_swin_FE,0.0042826552462526,0.0,-0.0042826552462526
aa,fr_resnet34_FR || imgnet_swin_FR,0.1659125188536953,0.0,-0.1659125188536953
aa,fr_resnet34_FR || imgnet_swin_FS,0.1447368421052631,0.0,-0.1447368421052631
aa,fr_resnet34_FR || imgnet_vit_ALL,0.1179804224626481,0.0,-0.1179804224626481
aa,fr_resnet34_FR || imgnet_vit_EFS,0.03125,0.0,-0.03125
aa,fr_resnet34_FR || imgnet_vit_FE,0.0226201696512723,0.0,-0.0226201696512723
aa,fr_resnet34_FR || imgnet_vit_FR,0.1339840283939662,0.0,-0.1339840283939662
aa,fr_resnet34_FR || imgnet_vit_FS,0.0763422818791946,0.0,-0.0763422818791946
aa,fr_resnet34_FS || fr_swin_ALL,0.0140636565507031,0.0,-0.0140636565507031
aa,fr_resnet34_FS || fr_swin_EFS,0.0034158838599487,0.0,-0.0034158838599487
aa,fr_resnet34_FS || fr_swin_FE,0.2895553257497414,0.0,-0.2895553257497414
aa,fr_resnet34_FS || fr_swin_FR,0.0457317073170731,0.0,-0.0457317073170731
aa,fr_resnet34_FS || fr_swin_FS,0.0610412926391382,0.0,-0.0610412926391382
aa,fr_resnet34_FS || fr_vit_ALL,0.002644103648863,0.0,-0.002644103648863
aa,fr_resnet34_FS || fr_vit_EFS,0.0306220095693779,0.0,-0.0306220095693779
aa,fr_resnet34_FS || fr_vit_FE,0.0385802469135802,0.0,-0.0385802469135802
aa,fr_resnet34_FS || fr_vit_FR,0.1184387617765814,0.0,-0.1184387617765814
aa,fr_resnet34_FS || fr_vit_FS,0.0310850439882697,0.001806684733514,-0.0292783592547557
aa,fr_resnet34_FS || imgnet_deit_ALL,0.2980652962515115,0.0,-0.2980652962515115
aa,fr_resnet34_FS || imgnet_deit_EFS,0.02109375,0.0,-0.02109375
aa,fr_resnet34_FS || imgnet_deit_FE,0.059090909090909,0.0,-0.059090909090909
aa,fr_resnet34_FS || imgnet_deit_FR,0.1672316384180791,0.0,-0.1672316384180791
aa,fr_resnet34_FS || imgnet_deit_FS,0.1250953470633104,0.0,-0.1250953470633104
aa,fr_resnet34_FS || imgnet_swin_ALL,0.0829596412556053,0.0,-0.0829596412556053
aa,fr_resnet34_FS || imgnet_swin_EFS,0.0280442804428044,0.0,-0.0280442804428044
aa,fr_resnet34_FS || imgnet_swin_FE,0.0021413276231263,0.0,-0.0021413276231263
aa,fr_resnet34_FS || imgnet_swin_FR,0.0641025641025641,0.0,-0.0641025641025641
aa,fr_resnet34_FS || imgnet_swin_FS,0.3333333333333333,0.000903342366757,-0.3324299909665763
aa,fr_resnet34_FS || imgnet_vit_ALL,0.0556414219474497,0.000903342366757,-0.0547380795806927
aa,fr_resnet34_FS || imgnet_vit_EFS,0.0194444444444444,0.000903342366757,-0.0185411020776874
aa,fr_resnet34_FS || imgnet_vit_FE,0.0226201696512723,0.001806684733514,-0.0208134849177583
aa,fr_resnet34_FS || imgnet_vit_FR,0.0337178349600709,0.0,-0.0337178349600709
aa,fr_resnet34_FS || imgnet_vit_FS,0.2298657718120805,0.0,-0.2298657718120805
aa,fr_swin_ALL || fr_xception_ALL,0.002220577350111,0.0,-0.002220577350111
aa,fr_swin_ALL || fr_xception_EFS,0.0177646188008882,0.0,-0.0177646188008882
aa,fr_swin_ALL || fr_xception_FE,0.005181347150259,0.0,-0.005181347150259
aa,fr_swin_ALL || fr_xception_FR,0.004441154700222,0.0008826125330979,-0.0035585421671241
aa,fr_swin_ALL || fr_xception_FS,0.0236861584011843,0.0,-0.0236861584011843
aa,fr_swin_ALL || imgnet_efficientnetb4_ALL,0.004441154700222,0.0190880169671261,0.0146468622669041
aa,fr_swin_ALL || imgnet_efficientnetb4_EFS,0.002220577350111,0.001372683596431,-0.0008478937536800001
aa,fr_swin_ALL || imgnet_efficientnetb4_FE,0.0,0.0014134275618374,0.0014134275618374
aa,fr_swin_ALL || imgnet_efficientnetb4_FR,0.002220577350111,0.0007993605115907,-0.0014212168385203002
aa,fr_swin_ALL || imgnet_efficientnetb4_FS,0.002220577350111,0.0,-0.002220577350111
aa,fr_swin_ALL || imgnet_resnet34_ALL,0.004441154700222,0.0493589743589743,0.0449178196587523
aa,fr_swin_ALL || imgnet_resnet34_EFS,0.000740192450037,0.0,-0.000740192450037
aa,fr_swin_ALL || imgnet_resnet34_FE,0.000740192450037,0.0,-0.000740192450037
aa,fr_swin_ALL || imgnet_resnet34_FR,0.001480384900074,0.0015948963317384,0.00011451143166439984
aa,fr_swin_ALL || imgnet_resnet34_FS,0.001480384900074,0.0037220843672456,0.0022416994671716
aa,fr_swin_ALL || imgnet_xception_ALL,0.0,0.0236653824986241,0.0236653824986241
aa,fr_swin_ALL || imgnet_xception_EFS,0.0,0.003076923076923,0.003076923076923
aa,fr_swin_ALL || imgnet_xception_FE,0.0,0.0022607385079125,0.0022607385079125
aa,fr_swin_ALL || imgnet_xception_FR,0.0,0.0080049261083743,0.0080049261083743
aa,fr_swin_ALL || imgnet_xception_FS,0.000740192450037,0.0124153498871331,0.011675157437096101
aa,fr_swin_EFS || fr_xception_ALL,0.0051238257899231,0.0,-0.0051238257899231
aa,fr_swin_EFS || fr_xception_EFS,0.0264730999146029,0.0,-0.0264730999146029
aa,fr_swin_EFS || fr_xception_FE,0.0102476515798462,0.0,-0.0102476515798462
aa,fr_swin_EFS || fr_xception_FR,0.0042698548249359,0.0,-0.0042698548249359
aa,fr_swin_EFS || fr_xception_FS,0.0008539709649871,0.0,-0.0008539709649871
aa,fr_swin_EFS || imgnet_efficientnetb4_ALL,0.0017079419299743,0.0233297985153764,0.0216218565854021
aa,fr_swin_EFS || imgnet_efficientnetb4_EFS,0.0025619128949615,0.001372683596431,-0.0011892292985304998
aa,fr_swin_EFS || imgnet_efficientnetb4_FE,0.0008539709649871,0.0021201413427561,0.0012661703777689997
aa,fr_swin_EFS || imgnet_efficientnetb4_FR,0.0025619128949615,0.0031974420463629,0.0006355291514014002
aa,fr_swin_EFS || imgnet_efficientnetb4_FS,0.0008539709649871,0.0015831134564643,0.0007291424914772001
aa,fr_swin_EFS || imgnet_resnet34_ALL,0.0042698548249359,0.0634615384615384,0.0591916836366025
aa,fr_swin_EFS || imgnet_resnet34_EFS,0.0017079419299743,0.0,-0.0017079419299743
aa,fr_swin_EFS || imgnet_resnet34_FE,0.0017079419299743,0.0,-0.0017079419299743
aa,fr_swin_EFS || imgnet_resnet34_FR,0.0008539709649871,0.0031897926634768,0.0023358216984896998
aa,fr_swin_EFS || imgnet_resnet34_FS,0.0025619128949615,0.0006203473945409,-0.0019415655004205998
aa,fr_swin_EFS || imgnet_xception_ALL,0.0008539709649871,0.0148596587782058,0.0140056878132187
aa,fr_swin_EFS || imgnet_xception_EFS,0.0008539709649871,0.0061538461538461,0.005299875188859
aa,fr_swin_EFS || imgnet_xception_FE,0.0017079419299743,0.0007535795026375,-0.0009543624273368
aa,fr_swin_EFS || imgnet_xception_FR,0.0008539709649871,0.0086206896551724,0.0077667186901853
aa,fr_swin_EFS || imgnet_xception_FS,0.0017079419299743,0.0163656884875846,0.014657746557610301
aa,fr_swin_FE || fr_xception_ALL,0.3236814891416752,0.0,-0.3236814891416752
aa,fr_swin_FE || fr_xception_EFS,0.2554291623578076,0.0,-0.2554291623578076
aa,fr_swin_FE || fr_xception_FE,0.327817993795243,0.0,-0.327817993795243
aa,fr_swin_FE || fr_xception_FR,0.2461220268872802,0.0,-0.2461220268872802
aa,fr_swin_FE || fr_xception_FS,0.2306101344364012,0.0,-0.2306101344364012
aa,fr_swin_FE || imgnet_efficientnetb4_ALL,0.2068252326783867,0.0217391304347826,-0.1850861022436041
aa,fr_swin_FE || imgnet_efficientnetb4_EFS,0.1189245087900724,0.0,-0.1189245087900724
aa,fr_swin_FE || imgnet_efficientnetb4_FE,0.1375387797311272,0.0007067137809187,-0.1368320659502085
aa,fr_swin_FE || imgnet_efficientnetb4_FR,0.1199586349534643,0.0047961630695443,-0.11516247188392001
aa,fr_swin_FE || imgnet_efficientnetb4_FS,0.1913133402275077,0.0005277044854881,-0.1907856357420196
aa,fr_swin_FE || imgnet_resnet34_ALL,0.1902792140641158,0.0429487179487179,-0.1473304961153979
aa,fr_swin_FE || imgnet_resnet34_EFS,0.1189245087900724,0.0,-0.1189245087900724
aa,fr_swin_FE || imgnet_resnet34_FE,0.108583247156153,0.0,-0.108583247156153
aa,fr_swin_FE || imgnet_resnet34_FR,0.1509824198552223,0.0023923444976076,-0.14859007535761468
aa,fr_swin_FE || imgnet_resnet34_FS,0.1437435367114788,0.0024813895781637,-0.14126214713331509
aa,fr_swin_FE || imgnet_xception_ALL,0.0868665977249224,0.0126582278481012,-0.07420836987682121
aa,fr_swin_FE || imgnet_xception_EFS,0.1003102378490175,0.0055384615384615,-0.094771776310556
aa,fr_swin_FE || imgnet_xception_FE,0.0879007238883143,0.0007535795026375,-0.08714714438567679
aa,fr_swin_FE || imgnet_xception_FR,0.0837642192347466,0.0061576354679802,-0.0776065837667664
aa,fr_swin_FE || imgnet_xception_FS,0.0992761116856256,0.0146726862302483,-0.0846034254553773
aa,fr_swin_FR || fr_xception_ALL,0.0335365853658536,0.0,-0.0335365853658536
aa,fr_swin_FR || fr_xception_EFS,0.0497967479674796,0.0,-0.0497967479674796
aa,fr_swin_FR || fr_xception_FE,0.0071138211382113,0.0,-0.0071138211382113
aa,fr_swin_FR || fr_xception_FR,0.0914634146341463,0.0008826125330979,-0.0905808021010484
aa,fr_swin_FR || fr_xception_FS,0.0335365853658536,0.0,-0.0335365853658536
aa,fr_swin_FR || imgnet_efficientnetb4_ALL,0.0223577235772357,0.0376458112407211,0.015288087663485397
aa,fr_swin_FR || imgnet_efficientnetb4_EFS,0.0060975609756097,0.0020590253946465,-0.0040385355809632005
aa,fr_swin_FR || imgnet_efficientnetb4_FE,0.008130081300813,0.0014134275618374,-0.006716653738975601
aa,fr_swin_FR || imgnet_efficientnetb4_FR,0.0121951219512195,0.0031974420463629,-0.0089976799048566
aa,fr_swin_FR || imgnet_efficientnetb4_FS,0.0111788617886178,0.0,-0.0111788617886178
aa,fr_swin_FR || imgnet_resnet34_ALL,0.0132113821138211,0.05,0.036788617886178904
aa,fr_swin_FR || imgnet_resnet34_EFS,0.0050813008130081,0.0,-0.0050813008130081
aa,fr_swin_FR || imgnet_resnet34_FE,0.0060975609756097,0.0,-0.0060975609756097
aa,fr_swin_FR || imgnet_resnet34_FR,0.0193089430894308,0.0031897926634768,-0.016119150425954
aa,fr_swin_FR || imgnet_resnet34_FS,0.0091463414634146,0.0012406947890818,-0.0079056466743328
aa,fr_swin_FR || imgnet_xception_ALL,0.008130081300813,0.0165107319757842,0.0083806506749712
aa,fr_swin_FR || imgnet_xception_EFS,0.0020325203252032,0.0049230769230769,0.0028905565978736996
aa,fr_swin_FR || imgnet_xception_FE,0.0020325203252032,0.0007535795026375,-0.0012789408225657001
aa,fr_swin_FR || imgnet_xception_FR,0.0060975609756097,0.0135467980295566,0.007449237053946901
aa,fr_swin_FR || imgnet_xception_FS,0.0101626016260162,0.0118510158013544,0.0016884141753382015
aa,fr_swin_FS || fr_xception_ALL,0.0161579892280071,0.0,-0.0161579892280071
aa,fr_swin_FS || fr_xception_EFS,0.0664272890484739,0.0,-0.0664272890484739
aa,fr_swin_FS || fr_xception_FE,0.0161579892280071,0.0,-0.0161579892280071
aa,fr_swin_FS || fr_xception_FR,0.0287253141831238,0.0,-0.0287253141831238
aa,fr_swin_FS || fr_xception_FS,0.1490125673249551,0.0,-0.1490125673249551
aa,fr_swin_FS || imgnet_efficientnetb4_ALL,0.0089766606822262,0.0233297985153764,0.0143531378331502
aa,fr_swin_FS || imgnet_efficientnetb4_EFS,0.0053859964093357,0.0006863417982155,-0.004699654611120201
aa,fr_swin_FS || imgnet_efficientnetb4_FE,0.0197486535008976,0.0007067137809187,-0.0190419397199789
aa,fr_swin_FS || imgnet_efficientnetb4_FR,0.0071813285457809,0.0047961630695443,-0.0023851654762366004
aa,fr_swin_FS || imgnet_efficientnetb4_FS,0.0071813285457809,0.0005277044854881,-0.006653624060292801
aa,fr_swin_FS || imgnet_resnet34_ALL,0.0143626570915619,0.0339743589743589,0.019611701882797004
aa,fr_swin_FS || imgnet_resnet34_EFS,0.0053859964093357,0.0,-0.0053859964093357
aa,fr_swin_FS || imgnet_resnet34_FE,0.0017953321364452,0.0,-0.0017953321364452
aa,fr_swin_FS || imgnet_resnet34_FR,0.0089766606822262,0.0023923444976076,-0.0065843161846186
aa,fr_swin_FS || imgnet_resnet34_FS,0.0071813285457809,0.0006203473945409,-0.00656098115124
aa,fr_swin_FS || imgnet_xception_ALL,0.0053859964093357,0.0077050082553659,0.002319011846030199
aa,fr_swin_FS || imgnet_xception_EFS,0.0071813285457809,0.0049230769230769,-0.0022582516227040005
aa,fr_swin_FS || imgnet_xception_FE,0.0017953321364452,0.001507159005275,-0.0002881731311702
aa,fr_swin_FS || imgnet_xception_FR,0.0017953321364452,0.0123152709359605,0.0105199387995153
aa,fr_swin_FS || imgnet_xception_FS,0.0053859964093357,0.0197516930022573,0.014365696592921598
aa,fr_vit_ALL || fr_xception_ALL,0.0084611316763617,0.0,-0.0084611316763617
aa,fr_vit_ALL || fr_xception_EFS,0.0079323109465891,0.0,-0.0079323109465891
aa,fr_vit_ALL || fr_xception_FE,0.0137493389740877,0.0,-0.0137493389740877
aa,fr_vit_ALL || fr_xception_FR,0.0047593865679534,0.0,-0.0047593865679534
aa,fr_vit_ALL || fr_xception_FS,0.0142781597038603,0.0,-0.0142781597038603
aa,fr_vit_ALL || imgnet_efficientnetb4_ALL,0.0089899524061343,0.04135737009544,0.0323674176893057
aa,fr_vit_ALL || imgnet_efficientnetb4_EFS,0.0042305658381808,0.0020590253946465,-0.0021715404435343004
aa,fr_vit_ALL || imgnet_efficientnetb4_FE,0.002644103648863,0.0035335689045936,0.0008894652557306002
aa,fr_vit_ALL || imgnet_efficientnetb4_FR,0.0063458487572712,0.0047961630695443,-0.0015496856877269
aa,fr_vit_ALL || imgnet_efficientnetb4_FS,0.0063458487572712,0.0010554089709762,-0.0052904397862950005
aa,fr_vit_ALL || imgnet_resnet34_ALL,0.0063458487572712,0.1474358974358974,0.1410900486786262
aa,fr_vit_ALL || imgnet_resnet34_EFS,0.0037017451084082,0.0,-0.0037017451084082
aa,fr_vit_ALL || imgnet_resnet34_FE,0.0005288207297726,0.0,-0.0005288207297726
aa,fr_vit_ALL || imgnet_resnet34_FR,0.0047593865679534,0.0031897926634768,-0.0015695939044765997
aa,fr_vit_ALL || imgnet_resnet34_FS,0.0031729243786356,0.0018610421836228,-0.0013118821950128
aa,fr_vit_ALL || imgnet_xception_ALL,0.0042305658381808,0.0517336268574573,0.047503061019276496
aa,fr_vit_ALL || imgnet_xception_EFS,0.0021152829190904,0.0006153846153846,-0.0014998983037058
aa,fr_vit_ALL || imgnet_xception_FE,0.0010576414595452,0.0007535795026375,-0.0003040619569077001
aa,fr_vit_ALL || imgnet_xception_FR,0.0031729243786356,0.001231527093596,-0.0019413972850396
aa,fr_vit_ALL || imgnet_xception_FS,0.0021152829190904,0.0095936794582392,0.0074783965391488
aa,fr_vit_EFS || fr_xception_ALL,0.0688995215311004,0.0,-0.0688995215311004
aa,fr_vit_EFS || fr_xception_EFS,0.1224880382775119,0.0,-0.1224880382775119
aa,fr_vit_EFS || fr_xception_FE,0.0956937799043062,0.0,-0.0956937799043062
aa,fr_vit_EFS || fr_xception_FR,0.0239234449760765,0.0,-0.0239234449760765
aa,fr_vit_EFS || fr_xception_FS,0.0535885167464114,0.0,-0.0535885167464114
aa,fr_vit_EFS || imgnet_efficientnetb4_ALL,0.0401913875598086,0.0090137857900318,-0.031177601769776797
aa,fr_vit_EFS || imgnet_efficientnetb4_EFS,0.0526315789473684,0.0006863417982155,-0.0519452371491529
aa,fr_vit_EFS || imgnet_efficientnetb4_FE,0.0373205741626794,0.0014134275618374,-0.035907146600842
aa,fr_vit_EFS || imgnet_efficientnetb4_FR,0.0296650717703349,0.0007993605115907,-0.028865711258744202
aa,fr_vit_EFS || imgnet_efficientnetb4_FS,0.0296650717703349,0.0,-0.0296650717703349
aa,fr_vit_EFS || imgnet_resnet34_ALL,0.0727272727272727,0.05,-0.022727272727272693
aa,fr_vit_EFS || imgnet_resnet34_EFS,0.0507177033492822,0.0,-0.0507177033492822
aa,fr_vit_EFS || imgnet_resnet34_FE,0.0277511961722488,0.0,-0.0277511961722488
aa,fr_vit_EFS || imgnet_resnet34_FR,0.0411483253588516,0.0,-0.0411483253588516
aa,fr_vit_EFS || imgnet_resnet34_FS,0.0401913875598086,0.0,-0.0401913875598086
aa,fr_vit_EFS || imgnet_xception_ALL,0.0248803827751196,0.0220143093010456,-0.002866073474073999
aa,fr_vit_EFS || imgnet_xception_EFS,0.0220095693779904,0.0055384615384615,-0.0164711078395289
aa,fr_vit_EFS || imgnet_xception_FE,0.0191387559808612,0.0007535795026375,-0.018385176478223703
aa,fr_vit_EFS || imgnet_xception_FR,0.0153110047846889,0.0092364532019704,-0.006074551582718499
aa,fr_vit_EFS || imgnet_xception_FS,0.0220095693779904,0.0191873589164785,-0.0028222104615119002
aa,fr_vit_FE || fr_xception_ALL,0.0709876543209876,0.0,-0.0709876543209876
aa,fr_vit_FE || fr_xception_EFS,0.0933641975308642,0.0,-0.0933641975308642
aa,fr_vit_FE || fr_xception_FE,0.1813271604938271,0.0018975332068311,-0.17942962728699602
aa,fr_vit_FE || fr_xception_FR,0.0169753086419753,0.0,-0.0169753086419753
aa,fr_vit_FE || fr_xception_FS,0.0594135802469135,0.0,-0.0594135802469135
aa,fr_vit_FE || imgnet_efficientnetb4_ALL,0.0532407407407407,0.024390243902439,-0.0288504968383017
aa,fr_vit_FE || imgnet_efficientnetb4_EFS,0.0239197530864197,0.0020590253946465,-0.0218607276917732
aa,fr_vit_FE || imgnet_efficientnetb4_FE,0.0239197530864197,0.0035335689045936,-0.0203861841818261
aa,fr_vit_FE || imgnet_efficientnetb4_FR,0.0262345679012345,0.0079936051159072,-0.018240962785327303
aa,fr_vit_FE || imgnet_efficientnetb4_FS,0.0324074074074074,0.0005277044854881,-0.0318797029219193
aa,fr_vit_FE || imgnet_resnet34_ALL,0.0578703703703703,0.0865384615384615,0.028668091168091193
aa,fr_vit_FE || imgnet_resnet34_EFS,0.0293209876543209,0.0008156606851549,-0.028505326969166
aa,fr_vit_FE || imgnet_resnet34_FE,0.0138888888888888,0.0,-0.0138888888888888
aa,fr_vit_FE || imgnet_resnet34_FR,0.0308641975308641,0.0023923444976076,-0.0284718530332565
aa,fr_vit_FE || imgnet_resnet34_FS,0.0254629629629629,0.0024813895781637,-0.022981573384799198
aa,fr_vit_FE || imgnet_xception_ALL,0.0185185185185185,0.0341221794166208,0.015603660898102303
aa,fr_vit_FE || imgnet_xception_EFS,0.0177469135802469,0.0036923076923076,-0.0140546058879393
aa,fr_vit_FE || imgnet_xception_FE,0.0216049382716049,0.0007535795026375,-0.0208513587689674
aa,fr_vit_FE || imgnet_xception_FR,0.0123456790123456,0.0036945812807881,-0.0086510977315575
aa,fr_vit_FE || imgnet_xception_FS,0.015432098765432,0.0129796839729119,-0.0024524147925201016
aa,fr_vit_FR || fr_xception_ALL,0.1534320323014804,0.0,-0.1534320323014804
aa,fr_vit_FR || fr_xception_EFS,0.1924629878869448,0.0,-0.1924629878869448
aa,fr_vit_FR || fr_xception_FE,0.0726783310901749,0.0,-0.0726783310901749
aa,fr_vit_FR || fr_xception_FR,0.1547779273216689,0.0,-0.1547779273216689
aa,fr_vit_FR || fr_xception_FS,0.1682368775235531,0.0,-0.1682368775235531
aa,fr_vit_FR || imgnet_efficientnetb4_ALL,0.0861372812920592,0.0121951219512195,-0.07394215934083971
aa,fr_vit_FR || imgnet_efficientnetb4_EFS,0.0403768506056527,0.002745367192862,-0.0376314834127907
aa,fr_vit_FR || imgnet_efficientnetb4_FE,0.0699865410497981,0.0042402826855123,-0.0657462583642858
aa,fr_vit_FR || imgnet_efficientnetb4_FR,0.0457604306864064,0.0007993605115907,-0.0449610701748157
aa,fr_vit_FR || imgnet_efficientnetb4_FS,0.0820995962314939,0.0005277044854881,-0.0815718917460058
aa,fr_vit_FR || imgnet_resnet34_ALL,0.0942126514131897,0.0583333333333333,-0.0358793180798564
aa,fr_vit_FR || imgnet_resnet34_EFS,0.063257065948856,0.0,-0.063257065948856
aa,fr_vit_FR || imgnet_resnet34_FE,0.0282637954239569,0.0,-0.0282637954239569
aa,fr_vit_FR || imgnet_resnet34_FR,0.0847913862718708,0.0,-0.0847913862718708
aa,fr_vit_FR || imgnet_resnet34_FS,0.0497981157469717,0.0006203473945409,-0.049177768352430797
aa,fr_vit_FR || imgnet_xception_ALL,0.0457604306864064,0.0170610897083104,-0.028699340978096
aa,fr_vit_FR || imgnet_xception_EFS,0.0323014804845222,0.0043076923076923,-0.0279937881768299
aa,fr_vit_FR || imgnet_xception_FE,0.0228802153432032,0.0007535795026375,-0.022126635840565703
aa,fr_vit_FR || imgnet_xception_FR,0.0282637954239569,0.0135467980295566,-0.014716997394400298
aa,fr_vit_FR || imgnet_xception_FS,0.0242261103633916,0.0163656884875846,-0.007860421875807
aa,fr_vit_FS || fr_xception_ALL,0.0228739002932551,0.0,-0.0228739002932551
aa,fr_vit_FS || fr_xception_EFS,0.0404692082111436,0.0,-0.0404692082111436
aa,fr_vit_FS || fr_xception_FE,0.0222873900293255,0.0,-0.0222873900293255
aa,fr_vit_FS || fr_xception_FR,0.019941348973607,0.0,-0.019941348973607
aa,fr_vit_FS || fr_xception_FS,0.0469208211143695,0.0,-0.0469208211143695
aa,fr_vit_FS || imgnet_efficientnetb4_ALL,0.0287390029325513,0.0365853658536585,0.0078463629211072
aa,fr_vit_FS || imgnet_efficientnetb4_EFS,0.0193548387096774,0.0034317089910775,-0.0159231297185999
aa,fr_vit_FS || imgnet_efficientnetb4_FE,0.0111436950146627,0.0028268551236749,-0.0083168398909878
aa,fr_vit_FS || imgnet_efficientnetb4_FR,0.0064516129032258,0.0119904076738609,0.005538794770635099
aa,fr_vit_FS || imgnet_efficientnetb4_FS,0.0281524926686217,0.0010554089709762,-0.0270970836976455
aa,fr_vit_FS || imgnet_resnet34_ALL,0.0193548387096774,0.1467948717948718,0.12744003308519442
aa,fr_vit_FS || imgnet_resnet34_EFS,0.0099706744868035,0.0008156606851549,-0.009155013801648602
aa,fr_vit_FS || imgnet_resnet34_FE,0.0111436950146627,0.0,-0.0111436950146627
aa,fr_vit_FS || imgnet_resnet34_FR,0.0087976539589442,0.0055821371610845,-0.003215516797859701
aa,fr_vit_FS || imgnet_resnet34_FS,0.0146627565982404,0.0024813895781637,-0.012181367020076701
aa,fr_vit_FS || imgnet_xception_ALL,0.0134897360703812,0.0588882773802971,0.0453985413099159
aa,fr_vit_FS || imgnet_xception_EFS,0.0064516129032258,0.0012307692307692,-0.0052208436724566
aa,fr_vit_FS || imgnet_xception_FE,0.0046920821114369,0.0007535795026375,-0.0039385026087994
aa,fr_vit_FS || imgnet_xception_FR,0.007624633431085,0.0036945812807881,-0.0039300521502969
aa,fr_vit_FS || imgnet_xception_FS,0.0087976539589442,0.0135440180586907,0.004746364099746499
aa,fr_xception_ALL || imgnet_deit_ALL,0.0399032648125755,0.0,-0.0399032648125755
aa,fr_xception_ALL || imgnet_deit_EFS,0.00390625,0.0,-0.00390625
aa,fr_xception_ALL || imgnet_deit_FE,0.0027272727272727,0.0,-0.0027272727272727
aa,fr_xception_ALL || imgnet_deit_FR,0.0056497175141242,0.0,-0.0056497175141242
aa,fr_xception_ALL || imgnet_deit_FS,0.0015255530129672,0.0,-0.0015255530129672
aa,fr_xception_ALL || imgnet_swin_ALL,0.0,0.0,0.0
aa,fr_xception_ALL || imgnet_swin_EFS,0.0,0.0,0.0
aa,fr_xception_ALL || imgnet_swin_FE,0.0,0.0,0.0
aa,fr_xception_ALL || imgnet_swin_FR,0.0007541478129713,0.0,-0.0007541478129713
aa,fr_xception_ALL || imgnet_swin_FS,0.0012531328320802,0.0,-0.0012531328320802
aa,fr_xception_ALL || imgnet_vit_ALL,0.0005151983513652,0.0,-0.0005151983513652
aa,fr_xception_ALL || imgnet_vit_EFS,0.0020833333333333,0.0,-0.0020833333333333
aa,fr_xception_ALL || imgnet_vit_FE,0.000942507068803,0.0,-0.000942507068803
aa,fr_xception_ALL || imgnet_vit_FR,0.0,0.0,0.0
aa,fr_xception_ALL || imgnet_vit_FS,0.0025167785234899,0.0,-0.0025167785234899
aa,fr_xception_EFS || imgnet_deit_ALL,0.094316807738815,0.0,-0.094316807738815
aa,fr_xception_EFS || imgnet_deit_EFS,0.003125,0.0,-0.003125
aa,fr_xception_EFS || imgnet_deit_FE,0.019090909090909,0.0,-0.019090909090909
aa,fr_xception_EFS || imgnet_deit_FR,0.0135593220338983,0.0,-0.0135593220338983
aa,fr_xception_EFS || imgnet_deit_FS,0.0183066361556064,0.0,-0.0183066361556064
aa,fr_xception_EFS || imgnet_swin_ALL,0.0005605381165919,0.0,-0.0005605381165919
aa,fr_xception_EFS || imgnet_swin_EFS,0.018450184501845,0.0,-0.018450184501845
aa,fr_xception_EFS || imgnet_swin_FE,0.0010706638115631,0.0,-0.0010706638115631
aa,fr_xception_EFS || imgnet_swin_FR,0.0,0.0,0.0
aa,fr_xception_EFS || imgnet_swin_FS,0.0018796992481203,0.0,-0.0018796992481203
aa,fr_xception_EFS || imgnet_vit_ALL,0.0108191653786707,0.0,-0.0108191653786707
aa,fr_xception_EFS || imgnet_vit_EFS,0.0034722222222222,0.0,-0.0034722222222222
aa,fr_xception_EFS || imgnet_vit_FE,0.005655042412818,0.0,-0.005655042412818
aa,fr_xception_EFS || imgnet_vit_FR,0.0,0.0,0.0
aa,fr_xception_EFS || imgnet_vit_FS,0.011744966442953,0.0,-0.011744966442953
aa,fr_xception_FE || imgnet_deit_ALL,0.0513905683192261,0.0,-0.0513905683192261
aa,fr_xception_FE || imgnet_deit_EFS,0.00234375,0.0,-0.00234375
aa,fr_xception_FE || imgnet_deit_FE,0.0254545454545454,0.0,-0.0254545454545454
aa,fr_xception_FE || imgnet_deit_FR,0.0169491525423728,0.0,-0.0169491525423728
aa,fr_xception_FE || imgnet_deit_FS,0.0175438596491228,0.0,-0.0175438596491228
aa,fr_xception_FE || imgnet_swin_ALL,0.0005605381165919,0.0,-0.0005605381165919
aa,fr_xception_FE || imgnet_swin_EFS,0.0088560885608856,0.0,-0.0088560885608856
aa,fr_xception_FE || imgnet_swin_FE,0.006423982869379,0.0,-0.006423982869379
aa,fr_xception_FE || imgnet_swin_FR,0.0037707390648567,0.0,-0.0037707390648567
aa,fr_xception_FE || imgnet_swin_FS,0.0206766917293233,0.0,-0.0206766917293233
aa,fr_xception_FE || imgnet_vit_ALL,0.0010303967027305,0.0,-0.0010303967027305
aa,fr_xception_FE || imgnet_vit_EFS,0.0048611111111111,0.0,-0.0048611111111111
aa,fr_xception_FE || imgnet_vit_FE,0.0084825636192271,0.0028462998102466,-0.0056362638089805005
aa,fr_xception_FE || imgnet_vit_FR,0.0008873114463176,0.0,-0.0008873114463176
aa,fr_xception_FE || imgnet_vit_FS,0.0276845637583892,0.0,-0.0276845637583892
aa,fr_xception_FR || imgnet_deit_ALL,0.087061668681983,0.0035304501323918,-0.08353121854959121
aa,fr_xception_FR || imgnet_deit_EFS,0.00078125,0.0026478375992939,0.0018665875992939002
aa,fr_xception_FR || imgnet_deit_FE,0.0009090909090909,0.0017652250661959,0.000856134157105
aa,fr_xception_FR || imgnet_deit_FR,0.1005649717514124,0.0017652250661959,-0.09879974668521649
aa,fr_xception_FR || imgnet_deit_FS,0.0015255530129672,0.0026478375992939,0.0011222845863267002
aa,fr_xception_FR || imgnet_swin_ALL,0.0022421524663677,0.0,-0.0022421524663677
aa,fr_xception_FR || imgnet_swin_EFS,0.0022140221402214,0.0008826125330979,-0.0013314096071234999
aa,fr_xception_FR || imgnet_swin_FE,0.0,0.0017652250661959,0.0017652250661959
aa,fr_xception_FR || imgnet_swin_FR,0.0,0.0,0.0
aa,fr_xception_FR || imgnet_swin_FS,0.0031328320802005,0.0,-0.0031328320802005
aa,fr_xception_FR || imgnet_vit_ALL,0.0278207109737248,0.0008826125330979,-0.0269380984406269
aa,fr_xception_FR || imgnet_vit_EFS,0.0111111111111111,0.0008826125330979,-0.010228498578013199
aa,fr_xception_FR || imgnet_vit_FE,0.001885014137606,0.0008826125330979,-0.0010024016045080998
aa,fr_xception_FR || imgnet_vit_FR,0.0177462289263531,0.0,-0.0177462289263531
aa,fr_xception_FR || imgnet_vit_FS,0.011744966442953,0.0017652250661959,-0.0099797413767571
aa,fr_xception_FS || imgnet_deit_ALL,0.1723095525997581,0.0008650519031141,-0.17144450069664402
aa,fr_xception_FS || imgnet_deit_EFS,0.00703125,0.0,-0.00703125
aa,fr_xception_FS || imgnet_deit_FE,0.0109090909090909,0.0008650519031141,-0.0100440390059768
aa,fr_xception_FS || imgnet_deit_FR,0.0338983050847457,0.0008650519031141,-0.0330332531816316
aa,fr_xception_FS || imgnet_deit_FS,0.11441647597254,0.0,-0.11441647597254
aa,fr_xception_FS || imgnet_swin_ALL,0.0022421524663677,0.0,-0.0022421524663677
aa,fr_xception_FS || imgnet_swin_EFS,0.0007380073800738,0.0,-0.0007380073800738
aa,fr_xception_FS || imgnet_swin_FE,0.0010706638115631,0.0,-0.0010706638115631
aa,fr_xception_FS || imgnet_swin_FR,0.0,0.0008650519031141,0.0008650519031141
aa,fr_xception_FS || imgnet_swin_FS,0.06265664160401,0.0,-0.06265664160401
aa,fr_xception_FS || imgnet_vit_ALL,0.0334878928387429,0.0,-0.0334878928387429
aa,fr_xception_FS || imgnet_vit_EFS,0.0048611111111111,0.0,-0.0048611111111111
aa,fr_xception_FS || imgnet_vit_FE,0.002827521206409,0.0025951557093425,-0.00023236549706649994
aa,fr_xception_FS || imgnet_vit_FR,0.0,0.0,0.0
aa,fr_xception_FS || imgnet_vit_FS,0.2189597315436241,0.0025951557093425,-0.21636457583428162
aa,imgnet_deit_ALL || imgnet_efficientnetb4_ALL,0.152962515114873,0.0323435843054082,-0.12061893080946479
aa,imgnet_deit_ALL || imgnet_efficientnetb4_EFS,0.030229746070133,0.0034317089910775,-0.0267980370790555
aa,imgnet_deit_ALL || imgnet_efficientnetb4_FE,0.0429262394195888,0.0,-0.0429262394195888
aa,imgnet_deit_ALL || imgnet_efficientnetb4_FR,0.0145102781136638,0.0319744204636291,0.017464142349965295
aa,imgnet_deit_ALL || imgnet_efficientnetb4_FS,0.0671100362756952,0.0021108179419525,-0.0649992183337427
aa,imgnet_deit_ALL || imgnet_resnet34_ALL,0.0864570737605804,0.4532051282051282,0.36674805444454783
aa,imgnet_deit_ALL || imgnet_resnet34_EFS,0.0096735187424425,0.0440456769983686,0.0343721582559261
aa,imgnet_deit_ALL || imgnet_resnet34_FE,0.0066505441354292,0.0,-0.0066505441354292
aa,imgnet_deit_ALL || imgnet_resnet34_FR,0.0290205562273276,0.0143540669856459,-0.0146664892416817
aa,imgnet_deit_ALL || imgnet_resnet34_FS,0.0253929866989117,0.0310173697270471,0.0056243830281354
aa,imgnet_deit_ALL || imgnet_xception_ALL,0.030229746070133,0.2718767198679141,0.2416469737977811
aa,imgnet_deit_ALL || imgnet_xception_EFS,0.0060459492140266,0.008,0.0019540507859734
aa,imgnet_deit_ALL || imgnet_xception_FE,0.0030229746070133,0.001507159005275,-0.0015158156017383002
aa,imgnet_deit_ALL || imgnet_xception_FR,0.0139056831922611,0.0030788177339901,-0.010826865458270999
aa,imgnet_deit_ALL || imgnet_xception_FS,0.0114873035066505,0.0158013544018058,0.0043140508951553
aa,imgnet_deit_EFS || imgnet_efficientnetb4_ALL,0.003125,0.0312831389183457,0.0281581389183457
aa,imgnet_deit_EFS || imgnet_efficientnetb4_EFS,0.0,0.0048043925875085,0.0048043925875085
aa,imgnet_deit_EFS || imgnet_efficientnetb4_FE,0.0015625,0.0120141342756183,0.0104516342756183
aa,imgnet_deit_EFS || imgnet_efficientnetb4_FR,0.00078125,0.0127897681854516,0.0120085181854516
aa,imgnet_deit_EFS || imgnet_efficientnetb4_FS,0.00078125,0.0015831134564643,0.0008018634564643
aa,imgnet_deit_EFS || imgnet_resnet34_ALL,0.00234375,0.2365384615384615,0.2341947115384615
aa,imgnet_deit_EFS || imgnet_resnet34_EFS,0.00078125,0.064437194127243,0.063655944127243
aa,imgnet_deit_EFS || imgnet_resnet34_FE,0.00078125,0.0029469548133595,0.0021657048133594996
aa,imgnet_deit_EFS || imgnet_resnet34_FR,0.0015625,0.003987240829346,0.002424740829346
aa,imgnet_deit_EFS || imgnet_resnet34_FS,0.0,0.0037220843672456,0.0037220843672456
aa,imgnet_deit_EFS || imgnet_xception_ALL,0.0015625,0.1309851403412218,0.1294226403412218
aa,imgnet_deit_EFS || imgnet_xception_EFS,0.00234375,0.0166153846153846,0.014271634615384601
aa,imgnet_deit_EFS || imgnet_xception_FE,0.00234375,0.0045214770158251,0.0021777270158251003
aa,imgnet_deit_EFS || imgnet_xception_FR,0.00078125,0.0043103448275862,0.0035290948275862
aa,imgnet_deit_EFS || imgnet_xception_FS,0.0,0.015237020316027,0.015237020316027
aa,imgnet_deit_FE || imgnet_efficientnetb4_ALL,0.0009090909090909,0.0116648992576882,0.0107558083485973
aa,imgnet_deit_FE || imgnet_efficientnetb4_EFS,0.0,0.0006863417982155,0.0006863417982155
aa,imgnet_deit_FE || imgnet_efficientnetb4_FE,0.0054545454545454,0.0070671378091872,0.0016125923546417998
aa,imgnet_deit_FE || imgnet_efficientnetb4_FR,0.0018181818181818,0.0095923261390887,0.0077741443209069
aa,imgnet_deit_FE || imgnet_efficientnetb4_FS,0.0,0.0005277044854881,0.0005277044854881
aa,imgnet_deit_FE || imgnet_resnet34_ALL,0.0145454545454545,0.157051282051282,0.1425058275058275
aa,imgnet_deit_FE || imgnet_resnet34_EFS,0.0018181818181818,0.0171288743882544,0.0153106925700726
aa,imgnet_deit_FE || imgnet_resnet34_FE,0.0072727272727272,0.0039292730844793,-0.0033434541882479
aa,imgnet_deit_FE || imgnet_resnet34_FR,0.0009090909090909,0.0031897926634768,0.0022807017543858997
aa,imgnet_deit_FE || imgnet_resnet34_FS,0.0009090909090909,0.0086848635235732,0.0077757726144822995
aa,imgnet_deit_FE || imgnet_xception_ALL,0.0009090909090909,0.093010456796918,0.0921013658878271
aa,imgnet_deit_FE || imgnet_xception_EFS,0.0009090909090909,0.008,0.0070909090909091
aa,imgnet_deit_FE || imgnet_xception_FE,0.0054545454545454,0.0030143180105501,-0.0024402274439953003
aa,imgnet_deit_FE || imgnet_xception_FR,0.0009090909090909,0.0049261083743842,0.0040170174652933
aa,imgnet_deit_FE || imgnet_xception_FS,0.0018181818181818,0.0146726862302483,0.0128545044120665
aa,imgnet_deit_FR || imgnet_efficientnetb4_ALL,0.103954802259887,0.0334040296924708,-0.07055077256741621
aa,imgnet_deit_FR || imgnet_efficientnetb4_EFS,0.0203389830508474,0.0,-0.0203389830508474
aa,imgnet_deit_FR || imgnet_efficientnetb4_FE,0.03954802259887,0.0,-0.03954802259887
aa,imgnet_deit_FR || imgnet_efficientnetb4_FR,0.0655367231638418,0.0655475619504396,1.083878659779991e-05
aa,imgnet_deit_FR || imgnet_efficientnetb4_FS,0.0802259887005649,0.0005277044854881,-0.0796982842150768
aa,imgnet_deit_FR || imgnet_resnet34_ALL,0.1186440677966101,0.2185897435897436,0.09994567579313349
aa,imgnet_deit_FR || imgnet_resnet34_EFS,0.0101694915254237,0.0065252854812398,-0.0036442060441839
aa,imgnet_deit_FR || imgnet_resnet34_FE,0.0271186440677966,0.0009823182711198,-0.0261363257966768
aa,imgnet_deit_FR || imgnet_resnet34_FR,0.0485875706214689,0.0406698564593301,-0.007917714162138802
aa,imgnet_deit_FR || imgnet_resnet34_FS,0.0372881355932203,0.0037220843672456,-0.0335660512259747
aa,imgnet_deit_FR || imgnet_xception_ALL,0.0361581920903954,0.0996147495872317,0.06345655749683629
aa,imgnet_deit_FR || imgnet_xception_EFS,0.0101694915254237,0.0049230769230769,-0.0052464146023468005
aa,imgnet_deit_FR || imgnet_xception_FE,0.0090395480225988,0.001507159005275,-0.007532389017323799
aa,imgnet_deit_FR || imgnet_xception_FR,0.047457627118644,0.0123152709359605,-0.0351423561826835
aa,imgnet_deit_FR || imgnet_xception_FS,0.0124293785310734,0.0118510158013544,-0.0005783627297189994
aa,imgnet_deit_FS || imgnet_efficientnetb4_ALL,0.0450038138825324,0.0779427359490986,0.032938922066566206
aa,imgnet_deit_FS || imgnet_efficientnetb4_EFS,0.0015255530129672,0.0006863417982155,-0.0008392112147517
aa,imgnet_deit_FS || imgnet_efficientnetb4_FE,0.0061022120518688,0.0042402826855123,-0.0018619293663564998
aa,imgnet_deit_FS || imgnet_efficientnetb4_FR,0.0,0.0727418065547561,0.0727418065547561
aa,imgnet_deit_FS || imgnet_efficientnetb4_FS,0.0236460717009916,0.0015831134564643,-0.0220629582445273
aa,imgnet_deit_FS || imgnet_resnet34_ALL,0.0450038138825324,0.3852564102564103,0.3402525963738779
aa,imgnet_deit_FS || imgnet_resnet34_EFS,0.0,0.0106035889070146,0.0106035889070146
aa,imgnet_deit_FS || imgnet_resnet34_FE,0.0007627765064836,0.0019646365422396,0.001201860035756
aa,imgnet_deit_FS || imgnet_resnet34_FR,0.0022883295194508,0.0446570972886762,0.0423687677692254
aa,imgnet_deit_FS || imgnet_resnet34_FS,0.015255530129672,0.0502481389578163,0.034992608828144305
aa,imgnet_deit_FS || imgnet_xception_ALL,0.0007627765064836,0.1915244909190974,0.1907617144126138
aa,imgnet_deit_FS || imgnet_xception_EFS,0.0,0.0036923076923076,0.0036923076923076
aa,imgnet_deit_FS || imgnet_xception_FE,0.0,0.0022607385079125,0.0022607385079125
aa,imgnet_deit_FS || imgnet_xception_FR,0.0007627765064836,0.0030788177339901,0.0023160412275064998
aa,imgnet_deit_FS || imgnet_xception_FS,0.0007627765064836,0.0197516930022573,0.018988916495773698
aa,imgnet_efficientnetb4_ALL || imgnet_swin_ALL,0.0941704035874439,0.0397667020148462,-0.0544037015725977
aa,imgnet_efficientnetb4_ALL || imgnet_swin_EFS,0.0051660516605166,0.0233297985153764,0.0181637468548598
aa,imgnet_efficientnetb4_ALL || imgnet_swin_FE,0.0010706638115631,0.0068928950159066,0.0058222312043435
aa,imgnet_efficientnetb4_ALL || imgnet_swin_FR,0.0701357466063348,0.0455991516436903,-0.0245365949626445
aa,imgnet_efficientnetb4_ALL || imgnet_swin_FS,0.3640350877192982,0.0323435843054082,-0.33169150341389003
aa,imgnet_efficientnetb4_ALL || imgnet_vit_ALL,0.0108191653786707,0.0233297985153764,0.0125106331367057
aa,imgnet_efficientnetb4_ALL || imgnet_vit_EFS,0.0034722222222222,0.0079533404029692,0.004481118180747
aa,imgnet_efficientnetb4_ALL || imgnet_vit_FE,0.0,0.0106044538706256,0.0106044538706256
aa,imgnet_efficientnetb4_ALL || imgnet_vit_FR,0.0035492457852706,0.0063626723223753,0.0028134265371046996
aa,imgnet_efficientnetb4_ALL || imgnet_vit_FS,0.035234899328859,0.0254506892895015,-0.009784210039357501
aa,imgnet_efficientnetb4_EFS || imgnet_swin_ALL,0.0123318385650224,0.0020590253946465,-0.0102728131703759
aa,imgnet_efficientnetb4_EFS || imgnet_swin_EFS,0.0029520295202952,0.0006863417982155,-0.0022656877220796996
aa,imgnet_efficientnetb4_EFS || imgnet_swin_FE,0.0010706638115631,0.0006863417982155,-0.00038432201334760003
aa,imgnet_efficientnetb4_EFS || imgnet_swin_FR,0.0082956259426847,0.002745367192862,-0.0055502587498227
aa,imgnet_efficientnetb4_EFS || imgnet_swin_FS,0.018796992481203,0.001372683596431,-0.017424308884771998
aa,imgnet_efficientnetb4_EFS || imgnet_vit_ALL,0.0005151983513652,0.001372683596431,0.0008574852450658001
aa,imgnet_efficientnetb4_EFS || imgnet_vit_EFS,0.0083333333333333,0.004118050789293,-0.0042152825440403005
aa,imgnet_efficientnetb4_EFS || imgnet_vit_FE,0.0,0.004118050789293,0.004118050789293
aa,imgnet_efficientnetb4_EFS || imgnet_vit_FR,0.0,0.0006863417982155,0.0006863417982155
aa,imgnet_efficientnetb4_EFS || imgnet_vit_FS,0.0,0.002745367192862,0.002745367192862
aa,imgnet_efficientnetb4_FE || imgnet_swin_ALL,0.0100896860986547,0.0035335689045936,-0.006556117194061099
aa,imgnet_efficientnetb4_FE || imgnet_swin_EFS,0.0044280442804428,0.0021201413427561,-0.0023079029376867
aa,imgnet_efficientnetb4_FE || imgnet_swin_FE,0.0438972162740899,0.0014134275618374,-0.0424837887122525
aa,imgnet_efficientnetb4_FE || imgnet_swin_FR,0.0090497737556561,0.0212014134275618,0.0121516396719057
aa,imgnet_efficientnetb4_FE || imgnet_swin_FS,0.0213032581453634,0.0014134275618374,-0.019889830583526
aa,imgnet_efficientnetb4_FE || imgnet_vit_ALL,0.0005151983513652,0.004946996466431,0.0044317981150658005
aa,imgnet_efficientnetb4_FE || imgnet_vit_EFS,0.0069444444444444,0.004946996466431,-0.0019974479780133997
aa,imgnet_efficientnetb4_FE || imgnet_vit_FE,0.004712535344015,0.0183745583038869,0.0136620229598719
aa,imgnet_efficientnetb4_FE || imgnet_vit_FR,0.0,0.0014134275618374,0.0014134275618374
aa,imgnet_efficientnetb4_FE || imgnet_vit_FS,0.0016778523489932,0.0021201413427561,0.00044228899376289976
aa,imgnet_efficientnetb4_FR || imgnet_swin_ALL,0.0033632286995515,0.0503597122302158,0.046996483530664296
aa,imgnet_efficientnetb4_FR || imgnet_swin_EFS,0.0,0.0279776179056754,0.0279776179056754
aa,imgnet_efficientnetb4_FR || imgnet_swin_FE,0.0,0.0151878497202238,0.0151878497202238
aa,imgnet_efficientnetb4_FR || imgnet_swin_FR,0.0226244343891402,0.0335731414868105,0.010948707097670301
aa,imgnet_efficientnetb4_FR || imgnet_swin_FS,0.0006265664160401,0.0255795363709032,0.0249529699548631
aa,imgnet_efficientnetb4_FR || imgnet_vit_ALL,0.0,0.0199840127897681,0.0199840127897681
aa,imgnet_efficientnetb4_FR || imgnet_vit_EFS,0.0,0.005595523581135,0.005595523581135
aa,imgnet_efficientnetb4_FR || imgnet_vit_FE,0.0,0.0071942446043165,0.0071942446043165
aa,imgnet_efficientnetb4_FR || imgnet_vit_FR,0.0008873114463176,0.0103916866506794,0.0095043752043618
aa,imgnet_efficientnetb4_FR || imgnet_vit_FS,0.0008389261744966,0.005595523581135,0.0047565974066384005
aa,imgnet_efficientnetb4_FS || imgnet_swin_ALL,0.0173766816143497,0.0026385224274406,-0.0147381591869091
aa,imgnet_efficientnetb4_FS || imgnet_swin_EFS,0.0,0.0026385224274406,0.0026385224274406
aa,imgnet_efficientnetb4_FS || imgnet_swin_FE,0.0010706638115631,0.0,-0.0010706638115631
aa,imgnet_efficientnetb4_FS || imgnet_swin_FR,0.0060331825037707,0.0015831134564643,-0.0044500690473064
aa,imgnet_efficientnetb4_FS || imgnet_swin_FS,0.0820802005012531,0.0,-0.0820802005012531
aa,imgnet_efficientnetb4_FS || imgnet_vit_ALL,0.0036063884595569,0.0,-0.0036063884595569
aa,imgnet_efficientnetb4_FS || imgnet_vit_EFS,0.0041666666666666,0.0,-0.0041666666666666
aa,imgnet_efficientnetb4_FS || imgnet_vit_FE,0.0,0.0005277044854881,0.0005277044854881
aa,imgnet_efficientnetb4_FS || imgnet_vit_FR,0.0,0.0,0.0
aa,imgnet_efficientnetb4_FS || imgnet_vit_FS,0.0109060402684563,0.0010554089709762,-0.0098506312974801
aa,imgnet_resnet34_ALL || imgnet_swin_ALL,0.0599775784753363,0.2397435897435897,0.1797660112682534
aa,imgnet_resnet34_ALL || imgnet_swin_EFS,0.0051660516605166,0.2583333333333333,0.2531672816728167
aa,imgnet_resnet34_ALL || imgnet_swin_FE,0.0042826552462526,0.1153846153846153,0.1111019601383627
aa,imgnet_resnet34_ALL || imgnet_swin_FR,0.0233785822021116,0.2506410256410256,0.227262443438914
aa,imgnet_resnet34_ALL || imgnet_swin_FS,0.2612781954887218,0.3012820512820512,0.040003855793329435
aa,imgnet_resnet34_ALL || imgnet_vit_ALL,0.0036063884595569,0.3705128205128205,0.36690643205326356
aa,imgnet_resnet34_ALL || imgnet_vit_EFS,0.0,0.3935897435897436,0.3935897435897436
aa,imgnet_resnet34_ALL || imgnet_vit_FE,0.0,0.2698717948717948,0.2698717948717948
aa,imgnet_resnet34_ALL || imgnet_vit_FR,0.0053238686779059,0.2307692307692307,0.2254453620913248
aa,imgnet_resnet34_ALL || imgnet_vit_FS,0.0318791946308724,0.3621794871794871,0.3303002925486147
aa,imgnet_resnet34_EFS || imgnet_swin_ALL,0.0016816143497757,0.0212071778140293,0.0195255634642536
aa,imgnet_resnet34_EFS || imgnet_swin_EFS,0.0007380073800738,0.0244698205546492,0.0237318131745754
aa,imgnet_resnet34_EFS || imgnet_swin_FE,0.0010706638115631,0.0057096247960848,0.0046389609845216995
aa,imgnet_resnet34_EFS || imgnet_swin_FR,0.0,0.0122349102773246,0.0122349102773246
aa,imgnet_resnet34_EFS || imgnet_swin_FS,0.0006265664160401,0.0065252854812398,0.0058987190651997
aa,imgnet_resnet34_EFS || imgnet_vit_ALL,0.0,0.0269168026101141,0.0269168026101141
aa,imgnet_resnet34_EFS || imgnet_vit_EFS,0.0,0.100326264274062,0.100326264274062
aa,imgnet_resnet34_EFS || imgnet_vit_FE,0.0,0.0285481239804241,0.0285481239804241
aa,imgnet_resnet34_EFS || imgnet_vit_FR,0.0,0.0032626427406199,0.0032626427406199
aa,imgnet_resnet34_EFS || imgnet_vit_FS,0.0,0.0187601957585644,0.0187601957585644
aa,imgnet_resnet34_FE || imgnet_swin_ALL,0.0005605381165919,0.0,-0.0005605381165919
aa,imgnet_resnet34_FE || imgnet_swin_EFS,0.0,0.0,0.0
aa,imgnet_resnet34_FE || imgnet_swin_FE,0.0042826552462526,0.0,-0.0042826552462526
aa,imgnet_resnet34_FE || imgnet_swin_FR,0.0120663650075414,0.0019646365422396,-0.010101728465301801
aa,imgnet_resnet34_FE || imgnet_swin_FS,0.012531328320802,0.0,-0.012531328320802
aa,imgnet_resnet34_FE || imgnet_vit_ALL,0.0,0.0,0.0
aa,imgnet_resnet34_FE || imgnet_vit_EFS,0.0,0.0009823182711198,0.0009823182711198
aa,imgnet_resnet34_FE || imgnet_vit_FE,0.0,0.0117878192534381,0.0117878192534381
aa,imgnet_resnet34_FE || imgnet_vit_FR,0.0017746228926353,0.0,-0.0017746228926353
aa,imgnet_resnet34_FE || imgnet_vit_FS,0.0041946308724832,0.0,-0.0041946308724832
aa,imgnet_resnet34_FR || imgnet_swin_ALL,0.0016816143497757,0.0015948963317384,-8.671801803730012e-05
aa,imgnet_resnet34_FR || imgnet_swin_EFS,0.0014760147601476,0.0095693779904306,0.008093363230283
aa,imgnet_resnet34_FR || imgnet_swin_FE,0.0,0.0023923444976076,0.0023923444976076
aa,imgnet_resnet34_FR || imgnet_swin_FR,0.004524886877828,0.0159489633173843,0.0114240764395563
aa,imgnet_resnet34_FR || imgnet_swin_FS,0.0043859649122807,0.0127591706539074,0.008373205741626701
aa,imgnet_resnet34_FR || imgnet_vit_ALL,0.0005151983513652,0.0047846889952153,0.004269490643850101
aa,imgnet_resnet34_FR || imgnet_vit_EFS,0.0,0.0055821371610845,0.0055821371610845
aa,imgnet_resnet34_FR || imgnet_vit_FE,0.0,0.0023923444976076,0.0023923444976076
aa,imgnet_resnet34_FR || imgnet_vit_FR,0.0017746228926353,0.003987240829346,0.0022126179367107004
aa,imgnet_resnet34_FR || imgnet_vit_FS,0.0008389261744966,0.0047846889952153,0.003945762820718701
aa,imgnet_resnet34_FS || imgnet_swin_ALL,0.0044843049327354,0.0124069478908188,0.007922642958083401
aa,imgnet_resnet34_FS || imgnet_swin_EFS,0.0,0.0136476426799007,0.0136476426799007
aa,imgnet_resnet34_FS || imgnet_swin_FE,0.0,0.0049627791563275,0.0049627791563275
aa,imgnet_resnet34_FS || imgnet_swin_FR,0.0,0.0068238213399503,0.0068238213399503
aa,imgnet_resnet34_FS || imgnet_swin_FS,0.0388471177944862,0.010545905707196,-0.028301212087290202
aa,imgnet_resnet34_FS || imgnet_vit_ALL,0.0005151983513652,0.0086848635235732,0.008169665172208
aa,imgnet_resnet34_FS || imgnet_vit_EFS,0.0006944444444444,0.0241935483870967,0.0234991039426523
aa,imgnet_resnet34_FS || imgnet_vit_FE,0.0,0.0328784119106699,0.0328784119106699
aa,imgnet_resnet34_FS || imgnet_vit_FR,0.0,0.0,0.0
aa,imgnet_resnet34_FS || imgnet_vit_FS,0.0041946308724832,0.0248138957816377,0.0206192649091545
aa,imgnet_swin_ALL || imgnet_xception_ALL,0.0016816143497757,0.1144744083654375,0.1127927940156618
aa,imgnet_swin_ALL || imgnet_xception_EFS,0.0016816143497757,0.003076923076923,0.0013953087271473
aa,imgnet_swin_ALL || imgnet_xception_FE,0.0005605381165919,0.0045214770158251,0.0039609388992332
aa,imgnet_swin_ALL || imgnet_xception_FR,0.0022421524663677,0.0043103448275862,0.0020681923612185
aa,imgnet_swin_ALL || imgnet_xception_FS,0.0039237668161434,0.0163656884875846,0.012441921671441201
aa,imgnet_swin_EFS || imgnet_xception_ALL,0.003690036900369,0.0913593835993395,0.0876693466989705
aa,imgnet_swin_EFS || imgnet_xception_EFS,0.0029520295202952,0.0061538461538461,0.0032018166335509002
aa,imgnet_swin_EFS || imgnet_xception_FE,0.0,0.0022607385079125,0.0022607385079125
aa,imgnet_swin_EFS || imgnet_xception_FR,0.0,0.0024630541871921,0.0024630541871921
aa,imgnet_swin_EFS || imgnet_xception_FS,0.0014760147601476,0.0186230248306997,0.0171470100705521
aa,imgnet_swin_FE || imgnet_xception_ALL,0.0010706638115631,0.0363236103467253,0.0352529465351622
aa,imgnet_swin_FE || imgnet_xception_EFS,0.0021413276231263,0.0049230769230769,0.0027817492999506
aa,imgnet_swin_FE || imgnet_xception_FE,0.0085653104925053,0.0007535795026375,-0.0078117309898678
aa,imgnet_swin_FE || imgnet_xception_FR,0.0032119914346895,0.0055418719211822,0.0023298804864927
aa,imgnet_swin_FE || imgnet_xception_FS,0.0042826552462526,0.0174943566591422,0.013211701412889602
aa,imgnet_swin_FR || imgnet_xception_ALL,0.0082956259426847,0.0924600990643918,0.0841644731217071
aa,imgnet_swin_FR || imgnet_xception_EFS,0.0015082956259426,0.0018461538461538,0.0003378582202111999
aa,imgnet_swin_FR || imgnet_xception_FE,0.0007541478129713,0.0165787490580256,0.015824601245054297
aa,imgnet_swin_FR || imgnet_xception_FR,0.0120663650075414,0.0129310344827586,0.0008646694752171991
aa,imgnet_swin_FR || imgnet_xception_FS,0.004524886877828,0.0276523702031602,0.0231274833253322
aa,imgnet_swin_FS || imgnet_xception_ALL,0.0050125313283208,0.0952118877270225,0.0901993563987017
aa,imgnet_swin_FS || imgnet_xception_EFS,0.0,0.0006153846153846,0.0006153846153846
aa,imgnet_swin_FS || imgnet_xception_FE,0.0012531328320802,0.0030143180105501,0.0017611851784699
aa,imgnet_swin_FS || imgnet_xception_FR,0.0025062656641604,0.0036945812807881,0.0011883156166277
aa,imgnet_swin_FS || imgnet_xception_FS,0.0150375939849624,0.0112866817155756,-0.0037509122693867997
aa,imgnet_vit_ALL || imgnet_xception_ALL,0.0,0.2278481012658227,0.2278481012658227
aa,imgnet_vit_ALL || imgnet_xception_EFS,0.0,0.0006153846153846,0.0006153846153846
aa,imgnet_vit_ALL || imgnet_xception_FE,0.0,0.0,0.0
aa,imgnet_vit_ALL || imgnet_xception_FR,0.0,0.001231527093596,0.001231527093596
aa,imgnet_vit_ALL || imgnet_xception_FS,0.0,0.0022573363431151,0.0022573363431151
aa,imgnet_vit_EFS || imgnet_xception_ALL,0.0048611111111111,0.232801320858558,0.22794020974744691
aa,imgnet_vit_EFS || imgnet_xception_EFS,0.0104166666666666,0.0092307692307692,-0.0011858974358973998
aa,imgnet_vit_EFS || imgnet_xception_FE,0.0020833333333333,0.0045214770158251,0.0024381436824918003
aa,imgnet_vit_EFS || imgnet_xception_FR,0.0020833333333333,0.0030788177339901,0.0009954844006567999
aa,imgnet_vit_EFS || imgnet_xception_FS,0.0055555555555555,0.015237020316027,0.009681464760471499
aa,imgnet_vit_FE || imgnet_xception_ALL,0.001885014137606,0.1876719867914144,0.1857869726538084
aa,imgnet_vit_FE || imgnet_xception_EFS,0.004712535344015,0.0073846153846153,0.0026720800406003003
aa,imgnet_vit_FE || imgnet_xception_FE,0.0311027332704995,0.015825169555388,-0.015277563715111502
aa,imgnet_vit_FE || imgnet_xception_FR,0.002827521206409,0.0043103448275862,0.0014828236211771998
aa,imgnet_vit_FE || imgnet_xception_FS,0.005655042412818,0.0203160270880361,0.014660984675218099
aa,imgnet_vit_FR || imgnet_xception_ALL,0.0,0.0902586681342872,0.0902586681342872
aa,imgnet_vit_FR || imgnet_xception_EFS,0.0,0.0018461538461538,0.0018461538461538
aa,imgnet_vit_FR || imgnet_xception_FE,0.0,0.0022607385079125,0.0022607385079125
aa,imgnet_vit_FR || imgnet_xception_FR,0.0026619343389529,0.0098522167487684,0.0071902824098155
aa,imgnet_vit_FR || imgnet_xception_FS,0.0,0.0073363431151241,0.0073363431151241
aa,imgnet_vit_FS || imgnet_xception_ALL,0.0008389261744966,0.1871216290588882,0.1862827028843916
aa,imgnet_vit_FS || imgnet_xception_EFS,0.0,0.0049230769230769,0.0049230769230769
aa,imgnet_vit_FS || imgnet_xception_FE,0.0008389261744966,0.001507159005275,0.0006682328307783999
aa,imgnet_vit_FS || imgnet_xception_FR,0.0,0.0098522167487684,0.0098522167487684
aa,imgnet_vit_FS || imgnet_xception_FS,0.0025167785234899,0.0197516930022573,0.017234914478767398
cw_eot,fr_deit_ALL || fr_efficientnetb4_ALL,0.2956645344705046,0.2691358024691358,-0.026528732001368793
cw_eot,fr_deit_ALL || fr_efficientnetb4_EFS,0.4968017057569296,0.5724381625441696,0.07563645678723996
cw_eot,fr_deit_ALL || fr_efficientnetb4_FE,0.3447050461975835,0.0588235294117647,-0.2858815167858188
cw_eot,fr_deit_ALL || fr_efficientnetb4_FR,0.1257995735607676,0.0579268292682926,-0.067872744292475
cw_eot,fr_deit_ALL || fr_efficientnetb4_FS,0.4214641080312722,0.2714285714285714,-0.1500355366027008
cw_eot,fr_deit_ALL || fr_resnet34_ALL,0.5920398009950248,0.5857359635811836,-0.006303837413841218
cw_eot,fr_deit_ALL || fr_resnet34_EFS,0.5778251599147122,0.3567335243553008,-0.22109163555941136
cw_eot,fr_deit_ALL || fr_resnet34_FE,0.3184079601990049,0.1801286633309506,-0.13827929686805432
cw_eot,fr_deit_ALL || fr_resnet34_FR,0.5671641791044776,0.3410852713178294,-0.2260789077866482
cw_eot,fr_deit_ALL || fr_resnet34_FS,0.3013503909026297,0.3179765130984643,0.01662612219583459
cw_eot,fr_deit_ALL || fr_xception_ALL,0.4406538734896943,0.0423778693349028,-0.39827600415479153
cw_eot,fr_deit_ALL || fr_xception_EFS,0.6453447050461976,0.315126050420168,-0.33021865462602956
cw_eot,fr_deit_ALL || fr_xception_FE,0.3987206823027718,0.0996204933586337,-0.2991001889441381
cw_eot,fr_deit_ALL || fr_xception_FR,0.2892679459843639,0.1746031746031746,-0.1146647713811893
cw_eot,fr_deit_ALL || fr_xception_FS,0.4200426439232409,0.5948051948051948,0.17476255088195386
cw_eot,fr_deit_ALL || imgnet_efficientnetb4_ALL,0.0710732054015636,0.0275715800636267,-0.0435016253379369
cw_eot,fr_deit_ALL || imgnet_efficientnetb4_EFS,0.1051883439943141,0.1337448559670782,0.028556511972764084
cw_eot,fr_deit_ALL || imgnet_efficientnetb4_FE,0.1279317697228145,0.1392226148409894,0.011290845118174908
cw_eot,fr_deit_ALL || imgnet_efficientnetb4_FR,0.068230277185501,0.0135891286970423,-0.0546411484884587
cw_eot,fr_deit_ALL || imgnet_efficientnetb4_FS,0.0923951670220327,0.0031662269129287,-0.089228940109104
cw_eot,fr_deit_ALL || imgnet_resnet34_ALL,0.1336176261549395,0.148076923076923,0.0144592969219835
cw_eot,fr_deit_ALL || imgnet_resnet34_EFS,0.052594171997157,0.3091353996737357,0.2565412276765787
cw_eot,fr_deit_ALL || imgnet_resnet34_FE,0.0582800284292821,0.0696761530912659,0.011396124661983802
cw_eot,fr_deit_ALL || imgnet_resnet34_FR,0.0653873489694385,0.0023942537909018,-0.0629930951785367
cw_eot,fr_deit_ALL || imgnet_resnet34_FS,0.0561478322672352,0.0719602977667493,0.015812465499514095
cw_eot,fr_deit_ALL || imgnet_xception_ALL,0.0383795309168443,0.1569383259911894,0.11855879507434511
cw_eot,fr_deit_ALL || imgnet_xception_EFS,0.0398009950248756,0.0381773399014778,-0.0016236551233978005
cw_eot,fr_deit_ALL || imgnet_xception_FE,0.0483297796730632,0.1076807228915662,0.059350943218503004
cw_eot,fr_deit_ALL || imgnet_xception_FR,0.0305614783226723,0.0006161429451632,-0.0299453353775091
cw_eot,fr_deit_ALL || imgnet_xception_FS,0.0412224591329069,0.110609480812641,0.06938702167973411
cw_eot,fr_deit_EFS || fr_efficientnetb4_ALL,0.1511254019292604,0.0329218106995884,-0.11820359122967201
cw_eot,fr_deit_EFS || fr_efficientnetb4_EFS,0.5069667738478028,0.326266195524146,-0.18070057832365677
cw_eot,fr_deit_EFS || fr_efficientnetb4_FE,0.3172561629153269,0.0220588235294117,-0.2951973393859152
cw_eot,fr_deit_EFS || fr_efficientnetb4_FR,0.0568060021436227,0.0076219512195121,-0.0491840509241106
cw_eot,fr_deit_EFS || fr_efficientnetb4_FS,0.1661307609860664,0.0162337662337662,-0.1498969947523002
cw_eot,fr_deit_EFS || fr_resnet34_ALL,0.4319399785637727,0.338391502276176,-0.09354847628759672
cw_eot,fr_deit_EFS || fr_resnet34_EFS,0.6495176848874598,0.3080229226361031,-0.34149476225135666
cw_eot,fr_deit_EFS || fr_resnet34_FE,0.2197213290460878,0.1250893495353824,-0.0946319795107054
cw_eot,fr_deit_EFS || fr_resnet34_FR,0.3612004287245445,0.082687338501292,-0.2785130902232525
cw_eot,fr_deit_EFS || fr_resnet34_FS,0.0685959271168274,0.025293586269196,-0.0433023408476314
cw_eot,fr_deit_EFS || fr_xception_ALL,0.30010718113612,0.0,-0.30010718113612
cw_eot,fr_deit_EFS || fr_xception_EFS,0.5787781350482315,0.1327731092436974,-0.4460050258045341
cw_eot,fr_deit_EFS || fr_xception_FE,0.277599142550911,0.0294117647058823,-0.2481873778450287
cw_eot,fr_deit_EFS || fr_xception_FR,0.0803858520900321,0.0158730158730158,-0.0645128362170163
cw_eot,fr_deit_EFS || fr_xception_FS,0.112540192926045,0.0779220779220779,-0.034618115003967095
cw_eot,fr_deit_EFS || imgnet_efficientnetb4_ALL,0.045016077170418,0.0143160127253446,-0.0307000644450734
cw_eot,fr_deit_EFS || imgnet_efficientnetb4_EFS,0.1243301178992497,0.0493827160493827,-0.074947401849867
cw_eot,fr_deit_EFS || imgnet_efficientnetb4_FE,0.105037513397642,0.0551236749116607,-0.0499138384859813
cw_eot,fr_deit_EFS || imgnet_efficientnetb4_FR,0.0353697749196141,0.0047961630695443,-0.0305736118500698
cw_eot,fr_deit_EFS || imgnet_efficientnetb4_FS,0.0493033226152197,0.0,-0.0493033226152197
cw_eot,fr_deit_EFS || imgnet_resnet34_ALL,0.0696677384780278,0.0653846153846153,-0.0042831230934125
cw_eot,fr_deit_EFS || imgnet_resnet34_EFS,0.07502679528403,0.1468189233278956,0.07179212804386559
cw_eot,fr_deit_EFS || imgnet_resnet34_FE,0.0771704180064308,0.0098135426889106,-0.0673568753175202
cw_eot,fr_deit_EFS || imgnet_resnet34_FR,0.0257234726688102,0.0,-0.0257234726688102
cw_eot,fr_deit_EFS || imgnet_resnet34_FS,0.0278670953912111,0.0167493796526054,-0.011117715738605701
cw_eot,fr_deit_EFS || imgnet_xception_ALL,0.0353697749196141,0.0605726872246696,0.025202912305055503
cw_eot,fr_deit_EFS || imgnet_xception_EFS,0.0707395498392283,0.001847290640394,-0.0688922591988343
cw_eot,fr_deit_EFS || imgnet_xception_FE,0.0514469453376205,0.029367469879518,-0.0220794754581025
cw_eot,fr_deit_EFS || imgnet_xception_FR,0.0171489817792068,0.0,-0.0171489817792068
cw_eot,fr_deit_EFS || imgnet_xception_FS,0.0246516613076098,0.0169300225733634,-0.007721638734246399
cw_eot,fr_deit_FE || fr_efficientnetb4_ALL,0.1285310734463277,0.0016460905349794,-0.12688498291134828
cw_eot,fr_deit_FE || fr_efficientnetb4_EFS,0.211864406779661,0.2732626619552414,0.061398255175580396
cw_eot,fr_deit_FE || fr_efficientnetb4_FE,0.3481638418079096,0.3764705882352941,0.02830674642738451
cw_eot,fr_deit_FE || fr_efficientnetb4_FR,0.0932203389830508,0.0076219512195121,-0.08559838776353869
cw_eot,fr_deit_FE || fr_efficientnetb4_FS,0.2033898305084746,0.0084415584415584,-0.1949482720669162
cw_eot,fr_deit_FE || fr_resnet34_ALL,0.192090395480226,0.0880121396054628,-0.1040782558747632
cw_eot,fr_deit_FE || fr_resnet34_EFS,0.1405367231638418,0.0128939828080229,-0.1276427403558189
cw_eot,fr_deit_FE || fr_resnet34_FE,0.3142655367231638,0.4939242315939957,0.17965869487083186
cw_eot,fr_deit_FE || fr_resnet34_FR,0.0734463276836158,0.016365202411714,-0.057081125271901796
cw_eot,fr_deit_FE || fr_resnet34_FS,0.1094632768361582,0.012646793134598,-0.0968164837015602
cw_eot,fr_deit_FE || fr_xception_ALL,0.1574858757062147,0.0,-0.1574858757062147
cw_eot,fr_deit_FE || fr_xception_EFS,0.1843220338983051,0.0235294117647058,-0.1607926221335993
cw_eot,fr_deit_FE || fr_xception_FE,0.3884180790960452,0.3643263757115749,-0.02409170338447031
cw_eot,fr_deit_FE || fr_xception_FR,0.0790960451977401,0.0008818342151675,-0.0782142109825726
cw_eot,fr_deit_FE || fr_xception_FS,0.1843220338983051,0.0502164502164502,-0.13410558368185488
cw_eot,fr_deit_FE || imgnet_efficientnetb4_ALL,0.0480225988700565,0.0074231177094379,-0.0405994811606186
cw_eot,fr_deit_FE || imgnet_efficientnetb4_EFS,0.0642655367231638,0.022633744855967,-0.0416317918671968
cw_eot,fr_deit_FE || imgnet_efficientnetb4_FE,0.1235875706214689,0.2254416961130742,0.10185412549160532
cw_eot,fr_deit_FE || imgnet_efficientnetb4_FR,0.0331920903954802,0.0015987210231814,-0.0315933693722988
cw_eot,fr_deit_FE || imgnet_efficientnetb4_FS,0.0635593220338983,0.0005277044854881,-0.0630316175484102
cw_eot,fr_deit_FE || imgnet_resnet34_ALL,0.0812146892655367,0.0064102564102564,-0.0748044328552803
cw_eot,fr_deit_FE || imgnet_resnet34_EFS,0.0282485875706214,0.066068515497553,0.03781992792693159
cw_eot,fr_deit_FE || imgnet_resnet34_FE,0.0826271186440678,0.0274779195289499,-0.0551491991151179
cw_eot,fr_deit_FE || imgnet_resnet34_FR,0.0353107344632768,0.0,-0.0353107344632768
cw_eot,fr_deit_FE || imgnet_resnet34_FS,0.0607344632768361,0.0043424317617866,-0.0563920315150495
cw_eot,fr_deit_FE || imgnet_xception_ALL,0.0317796610169491,0.0148678414096916,-0.016911819607257503
cw_eot,fr_deit_FE || imgnet_xception_EFS,0.0296610169491525,0.0,-0.0296610169491525
cw_eot,fr_deit_FE || imgnet_xception_FE,0.0713276836158192,0.1227409638554216,0.0514132802396024
cw_eot,fr_deit_FE || imgnet_xception_FR,0.0190677966101694,0.0,-0.0190677966101694
cw_eot,fr_deit_FE || imgnet_xception_FS,0.0296610169491525,0.0095936794582392,-0.0200673374909133
cw_eot,fr_deit_FR || fr_efficientnetb4_ALL,0.250968992248062,0.0106995884773662,-0.2402694037706958
cw_eot,fr_deit_FR || fr_efficientnetb4_EFS,0.4835271317829457,0.1978798586572438,-0.28564727312570193
cw_eot,fr_deit_FR || fr_efficientnetb4_FE,0.1424418604651162,0.0102941176470588,-0.1321477428180574
cw_eot,fr_deit_FR || fr_efficientnetb4_FR,0.3275193798449612,0.0670731707317073,-0.2604462091132539
cw_eot,fr_deit_FR || fr_efficientnetb4_FS,0.3410852713178294,0.0818181818181818,-0.2592670894996476
cw_eot,fr_deit_FR || fr_resnet34_ALL,0.4670542635658914,0.2579666160849772,-0.20908764748091424
cw_eot,fr_deit_FR || fr_resnet34_EFS,0.5581395348837209,0.0873925501432664,-0.4707469847404545
cw_eot,fr_deit_FR || fr_resnet34_FE,0.3236434108527132,0.1515368120085775,-0.1721065988441357
cw_eot,fr_deit_FR || fr_resnet34_FR,0.7189922480620154,0.4160206718346253,-0.3029715762273901
cw_eot,fr_deit_FR || fr_resnet34_FS,0.1937984496124031,0.028906955736224,-0.1648914938761791
cw_eot,fr_deit_FR || fr_xception_ALL,0.2577519379844961,0.0011771630370806,-0.2565747749474155
cw_eot,fr_deit_FR || fr_xception_EFS,0.4147286821705426,0.0579831932773109,-0.3567454888932317
cw_eot,fr_deit_FR || fr_xception_FE,0.2073643410852713,0.0047438330170777,-0.2026205080681936
cw_eot,fr_deit_FR || fr_xception_FR,0.5232558139534884,0.0846560846560846,-0.4385997292974038
cw_eot,fr_deit_FR || fr_xception_FS,0.3449612403100775,0.2883116883116883,-0.056649551998389225
cw_eot,fr_deit_FR || imgnet_efficientnetb4_ALL,0.0901162790697674,0.0397667020148462,-0.05034957705492119
cw_eot,fr_deit_FR || imgnet_efficientnetb4_EFS,0.0620155038759689,0.0768175582990397,0.014802054423070803
cw_eot,fr_deit_FR || imgnet_efficientnetb4_FE,0.0532945736434108,0.07773851590106,0.024443942257649197
cw_eot,fr_deit_FR || imgnet_efficientnetb4_FR,0.1802325581395348,0.0815347721822542,-0.09869778595728058
cw_eot,fr_deit_FR || imgnet_efficientnetb4_FS,0.1211240310077519,0.0010554089709762,-0.12006862203677571
cw_eot,fr_deit_FR || imgnet_resnet34_ALL,0.126937984496124,0.1288461538461538,0.001908169350029798
cw_eot,fr_deit_FR || imgnet_resnet34_EFS,0.0571705426356589,0.1745513866231647,0.11738084398750578
cw_eot,fr_deit_FR || imgnet_resnet34_FE,0.0406976744186046,0.0206084396467124,-0.020089234771892197
cw_eot,fr_deit_FR || imgnet_resnet34_FR,0.1821705426356589,0.0079808459696727,-0.17418969666598622
cw_eot,fr_deit_FR || imgnet_resnet34_FS,0.0891472868217054,0.0148883374689826,-0.0742589493527228
cw_eot,fr_deit_FR || imgnet_xception_ALL,0.0523255813953488,0.0941629955947136,0.0418374141993648
cw_eot,fr_deit_FR || imgnet_xception_EFS,0.0571705426356589,0.0116995073891625,-0.0454710352464964
cw_eot,fr_deit_FR || imgnet_xception_FE,0.0290697674418604,0.0278614457831325,-0.0012083216587279004
cw_eot,fr_deit_FR || imgnet_xception_FR,0.063953488372093,0.0,-0.063953488372093
cw_eot,fr_deit_FR || imgnet_xception_FS,0.0387596899224806,0.0547404063205417,0.015980716398061104
cw_eot,fr_deit_FS || fr_efficientnetb4_ALL,0.3963963963963964,0.0057613168724279,-0.3906350795239685
cw_eot,fr_deit_FS || fr_efficientnetb4_EFS,0.3793793793793794,0.0435806831566548,-0.33579869622272457
cw_eot,fr_deit_FS || fr_efficientnetb4_FE,0.4544544544544545,0.0044117647058823,-0.4500426897485722
cw_eot,fr_deit_FS || fr_efficientnetb4_FR,0.1731731731731731,0.0060975609756097,-0.1670756121975634
cw_eot,fr_deit_FS || fr_efficientnetb4_FS,0.7837837837837838,0.135064935064935,-0.6487188487188488
cw_eot,fr_deit_FS || fr_resnet34_ALL,0.7287287287287287,0.2253414264036418,-0.503387302325087
cw_eot,fr_deit_FS || fr_resnet34_EFS,0.5905905905905906,0.0100286532951289,-0.5805619372954617
cw_eot,fr_deit_FS || fr_resnet34_FE,0.4424424424424424,0.0407433881343817,-0.4016990543080607
cw_eot,fr_deit_FS || fr_resnet34_FR,0.5875875875875876,0.0137812230835486,-0.573806364504039
cw_eot,fr_deit_FS || fr_resnet34_FS,0.6186186186186187,0.2917795844625113,-0.3268390341561074
cw_eot,fr_deit_FS || fr_xception_ALL,0.5155155155155156,0.0,-0.5155155155155156
cw_eot,fr_deit_FS || fr_xception_EFS,0.6566566566566566,0.0067226890756302,-0.6499339675810264
cw_eot,fr_deit_FS || fr_xception_FE,0.4964964964964965,0.0009487666034155,-0.49554772989308105
cw_eot,fr_deit_FS || fr_xception_FR,0.3623623623623623,0.0044091710758377,-0.3579531912865246
cw_eot,fr_deit_FS || fr_xception_FS,0.7887887887887888,0.3385281385281385,-0.45026065026065026
cw_eot,fr_deit_FS || imgnet_efficientnetb4_ALL,0.1611611611611611,0.0084835630965005,-0.1526775980646606
cw_eot,fr_deit_FS || imgnet_efficientnetb4_EFS,0.1981981981981982,0.0205761316872428,-0.1776220665109554
cw_eot,fr_deit_FS || imgnet_efficientnetb4_FE,0.1591591591591591,0.0169611307420494,-0.1421980284171097
cw_eot,fr_deit_FS || imgnet_efficientnetb4_FR,0.1101101101101101,0.0047961630695443,-0.10531394704056579
cw_eot,fr_deit_FS || imgnet_efficientnetb4_FS,0.2742742742742742,0.0,-0.2742742742742742
cw_eot,fr_deit_FS || imgnet_resnet34_ALL,0.2232232232232232,0.0692307692307692,-0.15399245399245398
cw_eot,fr_deit_FS || imgnet_resnet34_EFS,0.1091091091091091,0.0464926590538336,-0.0626164500552755
cw_eot,fr_deit_FS || imgnet_resnet34_FE,0.059059059059059,0.0,-0.059059059059059
cw_eot,fr_deit_FS || imgnet_resnet34_FR,0.1351351351351351,0.0,-0.1351351351351351
cw_eot,fr_deit_FS || imgnet_resnet34_FS,0.1411411411411411,0.0390818858560794,-0.1020592552850617
cw_eot,fr_deit_FS || imgnet_xception_ALL,0.0990990990990991,0.0870044052863436,-0.012094693812755505
cw_eot,fr_deit_FS || imgnet_xception_EFS,0.08008008008008,0.000615763546798,-0.079464316533282
cw_eot,fr_deit_FS || imgnet_xception_FE,0.083083083083083,0.0120481927710843,-0.0710348903119987
cw_eot,fr_deit_FS || imgnet_xception_FR,0.076076076076076,0.0006161429451632,-0.0754599331309128
cw_eot,fr_deit_FS || imgnet_xception_FS,0.1101101101101101,0.0299097065462753,-0.0802004035638348
cw_eot,fr_efficientnetb4_ALL || fr_swin_ALL,0.1909696521095484,0.7078189300411523,0.5168492779316038
cw_eot,fr_efficientnetb4_ALL || fr_swin_EFS,0.0777113578138343,0.0362139917695473,-0.041497366044287
cw_eot,fr_efficientnetb4_ALL || fr_swin_FE,0.4136504653567735,0.0008230452674897,-0.4128274200892838
cw_eot,fr_efficientnetb4_ALL || fr_swin_FR,0.2052845528455284,0.1020576131687242,-0.1032269396768042
cw_eot,fr_efficientnetb4_ALL || fr_swin_FS,0.0682226211849192,0.0082304526748971,-0.059992168510022106
cw_eot,fr_efficientnetb4_ALL || fr_vit_ALL,0.0846113167636171,0.2238683127572016,0.1392569959935845
cw_eot,fr_efficientnetb4_ALL || fr_vit_EFS,0.2200956937799043,0.0074074074074074,-0.2126882863724969
cw_eot,fr_efficientnetb4_ALL || fr_vit_FE,0.2175925925925926,0.0016460905349794,-0.21594650205761318
cw_eot,fr_efficientnetb4_ALL || fr_vit_FR,0.4602960969044414,0.0362139917695473,-0.4240821051348941
cw_eot,fr_efficientnetb4_ALL || fr_vit_FS,0.1343108504398827,0.0057613168724279,-0.1285495335674548
cw_eot,fr_efficientnetb4_ALL || imgnet_deit_ALL,0.0254083484573502,0.042798353909465,0.0173900054521148
cw_eot,fr_efficientnetb4_ALL || imgnet_deit_EFS,0.0156128024980484,0.0082304526748971,-0.0073823498231513004
cw_eot,fr_efficientnetb4_ALL || imgnet_deit_FE,0.0181818181818181,0.0049382716049382,-0.0132435465768799
cw_eot,fr_efficientnetb4_ALL || imgnet_deit_FR,0.0,0.0139917695473251,0.0139917695473251
cw_eot,fr_efficientnetb4_ALL || imgnet_deit_FS,0.0038197097020626,0.0419753086419753,0.0381555989399127
cw_eot,fr_efficientnetb4_ALL || imgnet_swin_ALL,0.0128923766816143,0.0041152263374485,-0.008777150344165801
cw_eot,fr_efficientnetb4_ALL || imgnet_swin_EFS,0.0309963099630996,0.0534979423868312,0.0225016324237316
cw_eot,fr_efficientnetb4_ALL || imgnet_swin_FE,0.0,0.0024691358024691,0.0024691358024691
cw_eot,fr_efficientnetb4_ALL || imgnet_swin_FR,0.0,0.0008230452674897,0.0008230452674897
cw_eot,fr_efficientnetb4_ALL || imgnet_swin_FS,0.0050125313283208,0.0707818930041152,0.0657693616757944
cw_eot,fr_efficientnetb4_ALL || imgnet_vit_ALL,0.0298815043791859,0.0189300411522633,-0.0109514632269226
cw_eot,fr_efficientnetb4_ALL || imgnet_vit_EFS,0.0277777777777777,0.0131687242798353,-0.0146090534979424
cw_eot,fr_efficientnetb4_ALL || imgnet_vit_FE,0.0160377358490566,0.0008230452674897,-0.0152146905815669
cw_eot,fr_efficientnetb4_ALL || imgnet_vit_FR,0.0017777777777777,0.0032921810699588,0.0015144032921811
cw_eot,fr_efficientnetb4_ALL || imgnet_vit_FS,0.0419463087248322,0.0296296296296296,-0.012316679095202603
cw_eot,fr_efficientnetb4_EFS || fr_swin_ALL,0.4863064396743153,0.6666666666666666,0.18036022699235132
cw_eot,fr_efficientnetb4_EFS || fr_swin_EFS,0.502134927412468,0.5017667844522968,-0.00036814296017118053
cw_eot,fr_efficientnetb4_EFS || fr_swin_FE,0.562564632885212,0.0400471142520612,-0.5225175186331508
cw_eot,fr_efficientnetb4_EFS || fr_swin_FR,0.2713414634146341,0.143698468786808,-0.1276429946278261
cw_eot,fr_efficientnetb4_EFS || fr_swin_FS,0.1382405745062836,0.0212014134275618,-0.11703916107872181
cw_eot,fr_efficientnetb4_EFS || fr_vit_ALL,0.1274457958751983,0.7078916372202592,0.5804458413450608
cw_eot,fr_efficientnetb4_EFS || fr_vit_EFS,0.5722488038277512,0.3698468786808009,-0.20240192514695032
cw_eot,fr_efficientnetb4_EFS || fr_vit_FE,0.4467592592592592,0.3663133097762073,-0.08044594948305189
cw_eot,fr_efficientnetb4_EFS || fr_vit_FR,0.5477792732166891,0.2061248527679623,-0.34165442044872674
cw_eot,fr_efficientnetb4_EFS || fr_vit_FS,0.1648093841642228,0.1484098939929328,-0.01639949017129
cw_eot,fr_efficientnetb4_EFS || imgnet_deit_ALL,0.0604960677555958,0.0212014134275618,-0.039294654328034
cw_eot,fr_efficientnetb4_EFS || imgnet_deit_EFS,0.0109289617486338,0.055359246171967,0.044430284423333195
cw_eot,fr_efficientnetb4_EFS || imgnet_deit_FE,0.0263636363636363,0.0482921083627797,0.0219284719991434
cw_eot,fr_efficientnetb4_EFS || imgnet_deit_FR,0.0259887005649717,0.0047114252061248,-0.021277275358846902
cw_eot,fr_efficientnetb4_EFS || imgnet_deit_FS,0.0030557677616501,0.0212014134275618,0.018145645665911703
cw_eot,fr_efficientnetb4_EFS || imgnet_swin_ALL,0.0274663677130044,0.0082449941107184,-0.019221373602286
cw_eot,fr_efficientnetb4_EFS || imgnet_swin_EFS,0.0797047970479704,0.0965842167255594,0.016879419677589005
cw_eot,fr_efficientnetb4_EFS || imgnet_swin_FE,0.012847965738758,0.0565371024734982,0.043689136734740196
cw_eot,fr_efficientnetb4_EFS || imgnet_swin_FR,0.0218702865761689,0.0129564193168433,-0.0089138672593256
cw_eot,fr_efficientnetb4_EFS || imgnet_swin_FS,0.0106516290726817,0.0070671378091872,-0.0035844912634945
cw_eot,fr_efficientnetb4_EFS || imgnet_vit_ALL,0.0231839258114374,0.0200235571260306,-0.003160368685406801
cw_eot,fr_efficientnetb4_EFS || imgnet_vit_EFS,0.0152777777777777,0.1342756183745583,0.11899784059678059
cw_eot,fr_efficientnetb4_EFS || imgnet_vit_FE,0.0198113207547169,0.071849234393404,0.0520379136386871
cw_eot,fr_efficientnetb4_EFS || imgnet_vit_FR,0.016,0.0011778563015312,-0.0148221436984688
cw_eot,fr_efficientnetb4_EFS || imgnet_vit_FS,0.0142617449664429,0.0070671378091872,-0.007194607157255699
cw_eot,fr_efficientnetb4_FE || fr_swin_ALL,0.1450777202072538,0.0867647058823529,-0.058313014324900894
cw_eot,fr_efficientnetb4_FE || fr_swin_EFS,0.1118701964133219,0.0235294117647058,-0.0883407846486161
cw_eot,fr_efficientnetb4_FE || fr_swin_FE,0.7828335056876939,0.0220588235294117,-0.7607746821582823
cw_eot,fr_efficientnetb4_FE || fr_swin_FR,0.1849593495934959,0.0073529411764705,-0.17760640841702538
cw_eot,fr_efficientnetb4_FE || fr_swin_FS,0.1364452423698384,0.0,-0.1364452423698384
cw_eot,fr_efficientnetb4_FE || fr_vit_ALL,0.0756213643574828,0.3147058823529411,0.23908451799545832
cw_eot,fr_efficientnetb4_FE || fr_vit_EFS,0.3913875598086124,0.0838235294117647,-0.3075640303968477
cw_eot,fr_efficientnetb4_FE || fr_vit_FE,0.5455246913580247,0.2411764705882353,-0.3043482207697894
cw_eot,fr_efficientnetb4_FE || fr_vit_FR,0.3768506056527591,0.0088235294117647,-0.3680270762409944
cw_eot,fr_efficientnetb4_FE || fr_vit_FS,0.0961876832844574,0.0117647058823529,-0.0844229774021045
cw_eot,fr_efficientnetb4_FE || imgnet_deit_ALL,0.0780399274047187,0.0058823529411764,-0.0721575744635423
cw_eot,fr_efficientnetb4_FE || imgnet_deit_EFS,0.0046838407494145,0.0073529411764705,0.0026691004270559997
cw_eot,fr_efficientnetb4_FE || imgnet_deit_FE,0.049090909090909,0.0220588235294117,-0.027032085561497297
cw_eot,fr_efficientnetb4_FE || imgnet_deit_FR,0.0361581920903954,0.0044117647058823,-0.031746427384513096
cw_eot,fr_efficientnetb4_FE || imgnet_deit_FS,0.014514896867838,0.0073529411764705,-0.007161955691367501
cw_eot,fr_efficientnetb4_FE || imgnet_swin_ALL,0.0039237668161434,0.0029411764705882,-0.0009825903455551997
cw_eot,fr_efficientnetb4_FE || imgnet_swin_EFS,0.0280442804428044,0.0058823529411764,-0.022161927501627997
cw_eot,fr_efficientnetb4_FE || imgnet_swin_FE,0.0149892933618843,0.0485294117647058,0.0335401184028215
cw_eot,fr_efficientnetb4_FE || imgnet_swin_FR,0.0075414781297134,0.0088235294117647,0.001282051282051301
cw_eot,fr_efficientnetb4_FE || imgnet_swin_FS,0.0162907268170426,0.0014705882352941,-0.014820138581748498
cw_eot,fr_efficientnetb4_FE || imgnet_vit_ALL,0.0123647604327666,0.0029411764705882,-0.009423583962178399
cw_eot,fr_efficientnetb4_FE || imgnet_vit_EFS,0.0097222222222222,0.0029411764705882,-0.006781045751633999
cw_eot,fr_efficientnetb4_FE || imgnet_vit_FE,0.0160377358490566,0.0176470588235294,0.001609322974472801
cw_eot,fr_efficientnetb4_FE || imgnet_vit_FR,0.008,0.0044117647058823,-0.0035882352941177
cw_eot,fr_efficientnetb4_FE || imgnet_vit_FS,0.0645973154362416,0.0014705882352941,-0.0631267272009475
cw_eot,fr_efficientnetb4_FR || fr_swin_ALL,0.0629163582531458,0.4725609756097561,0.4096446173566103
cw_eot,fr_efficientnetb4_FR || fr_swin_EFS,0.0426985482493595,0.0228658536585365,-0.019832694590823
cw_eot,fr_efficientnetb4_FR || fr_swin_FE,0.3991726990692864,0.0076219512195121,-0.3915507478497743
cw_eot,fr_efficientnetb4_FR || fr_swin_FR,0.290650406504065,0.2454268292682926,-0.04522357723577239
cw_eot,fr_efficientnetb4_FR || fr_swin_FS,0.0089766606822262,0.0045731707317073,-0.0044034899505189
cw_eot,fr_efficientnetb4_FR || fr_vit_ALL,0.0576414595452141,0.0503048780487804,-0.0073365814964337014
cw_eot,fr_efficientnetb4_FR || fr_vit_EFS,0.1186602870813397,0.0121951219512195,-0.1064651651301202
cw_eot,fr_efficientnetb4_FR || fr_vit_FE,0.1188271604938271,0.0076219512195121,-0.111205209274315
cw_eot,fr_efficientnetb4_FR || fr_vit_FR,0.440107671601615,0.0594512195121951,-0.3806564520894199
cw_eot,fr_efficientnetb4_FR || fr_vit_FS,0.069208211143695,0.0045731707317073,-0.0646350404119877
cw_eot,fr_efficientnetb4_FR || imgnet_deit_ALL,0.0302480338777979,0.1524390243902439,0.122190990512446
cw_eot,fr_efficientnetb4_FR || imgnet_deit_EFS,0.0124902419984387,0.0304878048780487,0.017997562879609998
cw_eot,fr_efficientnetb4_FR || imgnet_deit_FE,0.0109090909090909,0.0152439024390243,0.0043348115299334
cw_eot,fr_efficientnetb4_FR || imgnet_deit_FR,0.0101694915254237,0.1631097560975609,0.1529402645721372
cw_eot,fr_efficientnetb4_FR || imgnet_deit_FS,0.0007639419404125,0.0472560975609756,0.0464921556205631
cw_eot,fr_efficientnetb4_FR || imgnet_swin_ALL,0.0056053811659192,0.0198170731707317,0.0142116920048125
cw_eot,fr_efficientnetb4_FR || imgnet_swin_EFS,0.018450184501845,0.0594512195121951,0.0410010350103501
cw_eot,fr_efficientnetb4_FR || imgnet_swin_FE,0.0,0.0274390243902439,0.0274390243902439
cw_eot,fr_efficientnetb4_FR || imgnet_swin_FR,0.006787330316742,0.0564024390243902,0.049615108707648195
cw_eot,fr_efficientnetb4_FR || imgnet_swin_FS,0.0,0.0350609756097561,0.0350609756097561
cw_eot,fr_efficientnetb4_FR || imgnet_vit_ALL,0.0087583719732096,0.0289634146341463,0.0202050426609367
cw_eot,fr_efficientnetb4_FR || imgnet_vit_EFS,0.0208333333333333,0.0213414634146341,0.0005081300813007984
cw_eot,fr_efficientnetb4_FR || imgnet_vit_FE,0.0075471698113207,0.0045731707317073,-0.0029739990796134
cw_eot,fr_efficientnetb4_FR || imgnet_vit_FR,0.0195555555555555,0.2759146341463415,0.256359078590786
cw_eot,fr_efficientnetb4_FR || imgnet_vit_FS,0.0016778523489932,0.0121951219512195,0.010517269602226301
cw_eot,fr_efficientnetb4_FS || fr_swin_ALL,0.23019985196151,0.6616883116883117,0.43148845972680167
cw_eot,fr_efficientnetb4_FS || fr_swin_EFS,0.0691716481639624,0.0188311688311688,-0.050340479332793606
cw_eot,fr_efficientnetb4_FS || fr_swin_FE,0.6287487073422957,0.0266233766233766,-0.6021253307189192
cw_eot,fr_efficientnetb4_FS || fr_swin_FR,0.2296747967479674,0.1155844155844155,-0.1140903811635519
cw_eot,fr_efficientnetb4_FS || fr_swin_FS,0.5673249551166966,0.1246753246753246,-0.44264963044137196
cw_eot,fr_efficientnetb4_FS || fr_vit_ALL,0.0904283447911158,0.135064935064935,0.04463659027381919
cw_eot,fr_efficientnetb4_FS || fr_vit_EFS,0.215311004784689,0.0032467532467532,-0.21206425153793582
cw_eot,fr_efficientnetb4_FS || fr_vit_FE,0.283179012345679,0.024025974025974,-0.259153038319705
cw_eot,fr_efficientnetb4_FS || fr_vit_FR,0.5343203230148048,0.048051948051948,-0.4862683749628568
cw_eot,fr_efficientnetb4_FS || fr_vit_FS,0.3284457478005865,0.161038961038961,-0.1674067867616255
cw_eot,fr_efficientnetb4_FS || imgnet_deit_ALL,0.1784633998790078,0.072077922077922,-0.1063854778010858
cw_eot,fr_efficientnetb4_FS || imgnet_deit_EFS,0.0265417642466822,0.0318181818181818,0.0052764175714996
cw_eot,fr_efficientnetb4_FS || imgnet_deit_FE,0.0809090909090909,0.0954545454545454,0.0145454545454545
cw_eot,fr_efficientnetb4_FS || imgnet_deit_FR,0.0542372881355932,0.0097402597402597,-0.044497028395333496
cw_eot,fr_efficientnetb4_FS || imgnet_deit_FS,0.0374331550802139,0.187012987012987,0.14957983193277308
cw_eot,fr_efficientnetb4_FS || imgnet_swin_ALL,0.1109865470852018,0.0383116883116883,-0.0726748587735135
cw_eot,fr_efficientnetb4_FS || imgnet_swin_EFS,0.1077490774907749,0.0772727272727272,-0.030476350218047704
cw_eot,fr_efficientnetb4_FS || imgnet_swin_FE,0.0042826552462526,0.0188311688311688,0.0145485135849162
cw_eot,fr_efficientnetb4_FS || imgnet_swin_FR,0.0874811463046757,0.0,-0.0874811463046757
cw_eot,fr_efficientnetb4_FS || imgnet_swin_FS,0.0739348370927318,0.2116883116883116,0.1377534745955798
cw_eot,fr_efficientnetb4_FS || imgnet_vit_ALL,0.1221020092735703,0.0792207792207792,-0.0428812300527911
cw_eot,fr_efficientnetb4_FS || imgnet_vit_EFS,0.0847222222222222,0.0246753246753246,-0.0600468975468976
cw_eot,fr_efficientnetb4_FS || imgnet_vit_FE,0.0933962264150943,0.0298701298701298,-0.06352609654496451
cw_eot,fr_efficientnetb4_FS || imgnet_vit_FR,0.088,0.0012987012987012,-0.08670129870129879
cw_eot,fr_efficientnetb4_FS || imgnet_vit_FS,0.3859060402684564,0.1863636363636363,-0.1995424039048201
cw_eot,fr_resnet34_ALL || fr_swin_ALL,0.613619541080681,0.7867981790591806,0.17317863797849964
cw_eot,fr_resnet34_ALL || fr_swin_EFS,0.3023057216054654,0.2845220030349014,-0.017783718570564044
cw_eot,fr_resnet34_ALL || fr_swin_FE,0.3660806618407445,0.0128983308042488,-0.3531823310364957
cw_eot,fr_resnet34_ALL || fr_swin_FR,0.5101626016260162,0.3732928679817905,-0.13686973364422572
cw_eot,fr_resnet34_ALL || fr_swin_FS,0.5008976660682226,0.125948406676783,-0.37494925939143964
cw_eot,fr_resnet34_ALL || fr_vit_ALL,0.14806980433633,0.6562974203338392,0.5082276159975092
cw_eot,fr_resnet34_ALL || fr_vit_EFS,0.4593301435406698,0.1919575113808801,-0.2673726321597897
cw_eot,fr_resnet34_ALL || fr_vit_FE,0.3580246913580246,0.090288315629742,-0.2677363757282826
cw_eot,fr_resnet34_ALL || fr_vit_FR,0.6446837146702558,0.381638846737481,-0.26304486793277476
cw_eot,fr_resnet34_ALL || fr_vit_FS,0.2228739002932551,0.2207890743550834,-0.0020848259381716916
cw_eot,fr_resnet34_ALL || imgnet_deit_ALL,0.396249243799153,0.2389984825493171,-0.1572507612498359
cw_eot,fr_resnet34_ALL || imgnet_deit_EFS,0.0444964871194379,0.165402124430956,0.1209056373115181
cw_eot,fr_resnet34_ALL || imgnet_deit_FE,0.0472727272727272,0.1160849772382397,0.0688122499655125
cw_eot,fr_resnet34_ALL || imgnet_deit_FR,0.1050847457627118,0.0698027314112291,-0.035282014351482704
cw_eot,fr_resnet34_ALL || imgnet_deit_FS,0.0924369747899159,0.1676783004552352,0.07524132566531931
cw_eot,fr_resnet34_ALL || imgnet_swin_ALL,0.3548206278026906,0.2177541729893778,-0.13706645481331278
cw_eot,fr_resnet34_ALL || imgnet_swin_EFS,0.3690036900369003,0.3012139605462822,-0.06778972949061812
cw_eot,fr_resnet34_ALL || imgnet_swin_FE,0.0042826552462526,0.0971168437025796,0.092834188456327
cw_eot,fr_resnet34_ALL || imgnet_swin_FR,0.0173453996983408,0.0265553869499241,0.009209987251583302
cw_eot,fr_resnet34_ALL || imgnet_swin_FS,0.3634085213032581,0.1449165402124431,-0.21849198109081502
cw_eot,fr_resnet34_ALL || imgnet_vit_ALL,0.1952601751674394,0.2344461305007587,0.03918595533331928
cw_eot,fr_resnet34_ALL || imgnet_vit_EFS,0.1340277777777777,0.1919575113808801,0.05792973360310241
cw_eot,fr_resnet34_ALL || imgnet_vit_FE,0.0952830188679245,0.0606980273141122,-0.03458499155381229
cw_eot,fr_resnet34_ALL || imgnet_vit_FR,0.0275555555555555,0.0364188163884673,0.0088632608329118
cw_eot,fr_resnet34_ALL || imgnet_vit_FS,0.3162751677852349,0.1130500758725341,-0.2032250919127008
cw_eot,fr_resnet34_EFS || fr_swin_ALL,0.5951147298297558,0.7378223495702005,0.14270761974044477
cw_eot,fr_resnet34_EFS || fr_swin_EFS,0.53800170794193,0.4498567335243553,-0.08814497441757474
cw_eot,fr_resnet34_EFS || fr_swin_FE,0.2285418821096173,0.0014326647564469,-0.22710921735317038
cw_eot,fr_resnet34_EFS || fr_swin_FR,0.4369918699186992,0.1361031518624642,-0.300888718056235
cw_eot,fr_resnet34_EFS || fr_swin_FS,0.2028725314183123,0.0014326647564469,-0.2014398666618654
cw_eot,fr_resnet34_EFS || fr_vit_ALL,0.1295610787942887,0.6303724928366762,0.5008114140423875
cw_eot,fr_resnet34_EFS || fr_vit_EFS,0.6516746411483254,0.2106017191977077,-0.4410729219506177
cw_eot,fr_resnet34_EFS || fr_vit_FE,0.3186728395061728,0.0300859598853868,-0.288586879620786
cw_eot,fr_resnet34_EFS || fr_vit_FR,0.6379542395693136,0.1948424068767908,-0.44311183269252286
cw_eot,fr_resnet34_EFS || fr_vit_FS,0.1612903225806451,0.0128939828080229,-0.1483963397726222
cw_eot,fr_resnet34_EFS || imgnet_deit_ALL,0.1155474894131881,0.0028653295128939,-0.1126821599002942
cw_eot,fr_resnet34_EFS || imgnet_deit_EFS,0.0171740827478532,0.0143266475644699,-0.0028474351833833005
cw_eot,fr_resnet34_EFS || imgnet_deit_FE,0.0318181818181818,0.0114613180515759,-0.0203568637666059
cw_eot,fr_resnet34_EFS || imgnet_deit_FR,0.0259887005649717,0.0014326647564469,-0.0245560358085248
cw_eot,fr_resnet34_EFS || imgnet_deit_FS,0.0091673032849503,0.0057306590257879,-0.003436644259162399
cw_eot,fr_resnet34_EFS || imgnet_swin_ALL,0.0381165919282511,0.0014326647564469,-0.0366839271718042
cw_eot,fr_resnet34_EFS || imgnet_swin_EFS,0.2457564575645756,0.0573065902578796,-0.188449867306696
cw_eot,fr_resnet34_EFS || imgnet_swin_FE,0.0160599571734475,0.0143266475644699,-0.0017333096089775998
cw_eot,fr_resnet34_EFS || imgnet_swin_FR,0.0090497737556561,0.0014326647564469,-0.007617108999209201
cw_eot,fr_resnet34_EFS || imgnet_swin_FS,0.0181704260651629,0.0,-0.0181704260651629
cw_eot,fr_resnet34_EFS || imgnet_vit_ALL,0.0123647604327666,0.0014326647564469,-0.0109320956763197
cw_eot,fr_resnet34_EFS || imgnet_vit_EFS,0.0736111111111111,0.0530085959885386,-0.020602515122572503
cw_eot,fr_resnet34_EFS || imgnet_vit_FE,0.0528301886792452,0.0171919770773638,-0.0356382116018814
cw_eot,fr_resnet34_EFS || imgnet_vit_FR,0.0106666666666666,0.0,-0.0106666666666666
cw_eot,fr_resnet34_EFS || imgnet_vit_FS,0.0251677852348993,0.0,-0.0251677852348993
cw_eot,fr_resnet34_FE || fr_swin_ALL,0.0851221317542561,0.2037169406719085,0.11859480891765238
cw_eot,fr_resnet34_FE || fr_swin_EFS,0.0222032450896669,0.0564689063616869,0.03426566127202001
cw_eot,fr_resnet34_FE || fr_swin_FE,0.7704239917269907,0.1443888491779842,-0.6260351425490065
cw_eot,fr_resnet34_FE || fr_swin_FR,0.1524390243902439,0.0364546104360257,-0.1159844139542182
cw_eot,fr_resnet34_FE || fr_swin_FS,0.1561938958707361,0.0128663330950679,-0.1433275627756682
cw_eot,fr_resnet34_FE || fr_vit_ALL,0.0613432046536224,0.3030736240171551,0.2417304193635327
cw_eot,fr_resnet34_FE || fr_vit_EFS,0.2287081339712918,0.0957827019299499,-0.13292543204134188
cw_eot,fr_resnet34_FE || fr_vit_FE,0.3688271604938271,0.3016440314510364,-0.06718312904279067
cw_eot,fr_resnet34_FE || fr_vit_FR,0.477792732166891,0.0407433881343817,-0.4370493440325093
cw_eot,fr_resnet34_FE || fr_vit_FS,0.1167155425219941,0.041458184417441,-0.07525735810455311
cw_eot,fr_resnet34_FE || imgnet_deit_ALL,0.1415607985480943,0.0664760543245175,-0.0750847442235768
cw_eot,fr_resnet34_FE || imgnet_deit_EFS,0.009367681498829,0.0300214438884917,0.020653762389662697
cw_eot,fr_resnet34_FE || imgnet_deit_FE,0.039090909090909,0.0721944245889921,0.033103515498083096
cw_eot,fr_resnet34_FE || imgnet_deit_FR,0.0338983050847457,0.0271622587562544,-0.006736046328491299
cw_eot,fr_resnet34_FE || imgnet_deit_FS,0.0053475935828877,0.0293066476054324,0.0239590540225447
cw_eot,fr_resnet34_FE || imgnet_swin_ALL,0.0504484304932735,0.0428877769835596,-0.0075606535097139035
cw_eot,fr_resnet34_FE || imgnet_swin_EFS,0.0974169741697417,0.0314510364546104,-0.06596593771513129
cw_eot,fr_resnet34_FE || imgnet_swin_FE,0.0331905781584582,0.1143674052894924,0.08117682713103419
cw_eot,fr_resnet34_FE || imgnet_swin_FR,0.0361990950226244,0.0693352394567548,0.03313614443413039
cw_eot,fr_resnet34_FE || imgnet_swin_FS,0.0194235588972431,0.0150107219442458,-0.004412836952997299
cw_eot,fr_resnet34_FE || imgnet_vit_ALL,0.0123647604327666,0.0314510364546104,0.0190862760218438
cw_eot,fr_resnet34_FE || imgnet_vit_EFS,0.0486111111111111,0.0250178699070764,-0.023593241204034696
cw_eot,fr_resnet34_FE || imgnet_vit_FE,0.0537735849056603,0.0378842030021443,-0.015889381903516006
cw_eot,fr_resnet34_FE || imgnet_vit_FR,0.0088888888888888,0.0278770550393137,0.0189881661504249
cw_eot,fr_resnet34_FE || imgnet_vit_FS,0.0377516778523489,0.0157255182273052,-0.022026159625043697
cw_eot,fr_resnet34_FR || fr_swin_ALL,0.7113249444855663,0.5960378983634798,-0.11528704612208651
cw_eot,fr_resnet34_FR || fr_swin_EFS,0.3108454312553373,0.0938845822566752,-0.2169608489986621
cw_eot,fr_resnet34_FR || fr_swin_FE,0.3319544984488107,0.0043066322136089,-0.3276478662352018
cw_eot,fr_resnet34_FR || fr_swin_FR,0.9207317073170732,0.5012919896640827,-0.4194397176529905
cw_eot,fr_resnet34_FR || fr_swin_FS,0.5745062836624776,0.0094745908699397,-0.5650316927925378
cw_eot,fr_resnet34_FR || fr_vit_ALL,0.1433104177683765,0.3092161929371231,0.1659057751687466
cw_eot,fr_resnet34_FR || fr_vit_EFS,0.3062200956937799,0.0146425495262704,-0.29157754616750947
cw_eot,fr_resnet34_FR || fr_vit_FE,0.1674382716049382,0.0017226528854435,-0.16571561871949472
cw_eot,fr_resnet34_FR || fr_vit_FR,0.7388963660834454,0.4263565891472868,-0.31253977693615864
cw_eot,fr_resnet34_FR || fr_vit_FS,0.1824046920821114,0.020671834625323,-0.16173285745678842
cw_eot,fr_resnet34_FR || imgnet_deit_ALL,0.7519661222020568,0.0482342807924203,-0.7037318414096365
cw_eot,fr_resnet34_FR || imgnet_deit_EFS,0.2529274004683841,0.0335917312661498,-0.21933566920223427
cw_eot,fr_resnet34_FR || imgnet_deit_FE,0.2554545454545454,0.0086132644272179,-0.24684128102732747
cw_eot,fr_resnet34_FR || imgnet_deit_FR,0.6124293785310735,0.0516795865633074,-0.5607497919677661
cw_eot,fr_resnet34_FR || imgnet_deit_FS,0.322383498854087,0.0267011197243755,-0.2956823791297115
cw_eot,fr_resnet34_FR || imgnet_swin_ALL,0.7247757847533632,0.0086132644272179,-0.7161625203261454
cw_eot,fr_resnet34_FR || imgnet_swin_EFS,0.7365313653136532,0.0559862187769164,-0.6805451465367367
cw_eot,fr_resnet34_FR || imgnet_swin_FE,0.1531049250535331,0.016365202411714,-0.1367397226418191
cw_eot,fr_resnet34_FR || imgnet_swin_FR,0.7941176470588235,0.0077519379844961,-0.7863657090743273
cw_eot,fr_resnet34_FR || imgnet_swin_FS,0.5325814536340853,0.0060292850990525,-0.5265521685350327
cw_eot,fr_resnet34_FR || imgnet_vit_ALL,0.4703760947964966,0.012058570198105,-0.4583175245983916
cw_eot,fr_resnet34_FR || imgnet_vit_EFS,0.2416666666666666,0.0301464254952627,-0.21152024117140392
cw_eot,fr_resnet34_FR || imgnet_vit_FE,0.1886792452830188,0.0060292850990525,-0.1826499601839663
cw_eot,fr_resnet34_FR || imgnet_vit_FR,0.6488888888888888,0.0258397932816537,-0.6230490956072352
cw_eot,fr_resnet34_FR || imgnet_vit_FS,0.2894295302013422,0.0,-0.2894295302013422
cw_eot,fr_resnet34_FS || fr_swin_ALL,0.2287194670614359,0.8084914182475158,0.5797719511860799
cw_eot,fr_resnet34_FS || fr_swin_EFS,0.0222032450896669,0.024390243902439,0.002186998812772102
cw_eot,fr_resnet34_FS || fr_swin_FE,0.3195449844881075,0.009936766034327,-0.3096082184537805
cw_eot,fr_resnet34_FS || fr_swin_FR,0.1626016260162601,0.1933152664859982,0.030713640469738096
cw_eot,fr_resnet34_FS || fr_swin_FS,0.6427289048473968,0.2646793134598013,-0.3780495913875955
cw_eot,fr_resnet34_FS || fr_vit_ALL,0.0576414595452141,0.4299909665763324,0.3723495070311183
cw_eot,fr_resnet34_FS || fr_vit_EFS,0.1339712918660287,0.009936766034327,-0.12403452583170171
cw_eot,fr_resnet34_FS || fr_vit_FE,0.1427469135802469,0.015356820234869,-0.1273900933453779
cw_eot,fr_resnet34_FS || fr_vit_FR,0.3916554508748318,0.077687443541102,-0.31396800733372976
cw_eot,fr_resnet34_FS || fr_vit_FS,0.2334310850439882,0.3297199638663053,0.0962888788223171
cw_eot,fr_resnet34_FS || imgnet_deit_ALL,0.1155474894131881,0.1111111111111111,-0.004436378302076993
cw_eot,fr_resnet34_FS || imgnet_deit_EFS,0.0101483216237314,0.032520325203252,0.0223720035795206
cw_eot,fr_resnet34_FS || imgnet_deit_FE,0.0072727272727272,0.042457091237579,0.0351843639648518
cw_eot,fr_resnet34_FS || imgnet_deit_FR,0.0112994350282485,0.016260162601626,0.0049607275733775
cw_eot,fr_resnet34_FS || imgnet_deit_FS,0.0328495034377387,0.1815718157181571,0.14872231228041838
cw_eot,fr_resnet34_FS || imgnet_swin_ALL,0.1059417040358744,0.1237579042457091,0.017816200209834696
cw_eot,fr_resnet34_FS || imgnet_swin_EFS,0.0309963099630996,0.1192411924119241,0.0882448824488245
cw_eot,fr_resnet34_FS || imgnet_swin_FE,0.0010706638115631,0.034327009936766,0.033256346125202896
cw_eot,fr_resnet34_FS || imgnet_swin_FR,0.0060331825037707,0.006323396567299,0.0002902140635282994
cw_eot,fr_resnet34_FS || imgnet_swin_FS,0.2619047619047619,0.2610659439927733,-0.000838817911988643
cw_eot,fr_resnet34_FS || imgnet_vit_ALL,0.0211231324059763,0.1129177958446251,0.0917946634386488
cw_eot,fr_resnet34_FS || imgnet_vit_EFS,0.0381944444444444,0.041553748870822,0.0033593044263776003
cw_eot,fr_resnet34_FS || imgnet_vit_FE,0.0188679245283018,0.009936766034327,-0.0089311584939748
cw_eot,fr_resnet34_FS || imgnet_vit_FR,0.0026666666666666,0.002710027100271,4.3360433604400315e-05
cw_eot,fr_resnet34_FS || imgnet_vit_FS,0.3355704697986577,0.1978319783197832,-0.1377384914788745
cw_eot,fr_swin_ALL || fr_xception_ALL,0.4196891191709844,0.2307239552678046,-0.1889651639031798
cw_eot,fr_swin_ALL || fr_xception_EFS,0.5951147298297558,0.5789915966386555,-0.01612313319110026
cw_eot,fr_swin_ALL || fr_xception_FE,0.1428571428571428,0.1157495256166983,-0.027107617240444498
cw_eot,fr_swin_ALL || fr_xception_FR,0.2568467801628423,0.5317460317460317,0.27489925158318945
cw_eot,fr_swin_ALL || fr_xception_FS,0.233160621761658,0.8692640692640693,0.6361034475024113
cw_eot,fr_swin_ALL || imgnet_efficientnetb4_ALL,0.0088823094004441,0.1643690349946977,0.1554867255942536
cw_eot,fr_swin_ALL || imgnet_efficientnetb4_EFS,0.0148038490007401,0.0761316872427983,0.0613278382420582
cw_eot,fr_swin_ALL || imgnet_efficientnetb4_FE,0.0148038490007401,0.0664310954063604,0.0516272464056203
cw_eot,fr_swin_ALL || imgnet_efficientnetb4_FR,0.005921539600296,0.1199040767386091,0.1139825371383131
cw_eot,fr_swin_ALL || imgnet_efficientnetb4_FS,0.0088823094004441,0.0153034300791556,0.006421120678711501
cw_eot,fr_swin_ALL || imgnet_resnet34_ALL,0.0111028867505551,0.6557692307692308,0.6446663440186756
cw_eot,fr_swin_ALL || imgnet_resnet34_EFS,0.002960769800148,0.2357259380097879,0.23276516820963988
cw_eot,fr_swin_ALL || imgnet_resnet34_FE,0.000740192450037,0.0343473994111874,0.033607206961150396
cw_eot,fr_swin_ALL || imgnet_resnet34_FR,0.005181347150259,0.0662410215482841,0.06105967439802509
cw_eot,fr_swin_ALL || imgnet_resnet34_FS,0.004441154700222,0.1929280397022332,0.18848688500201122
cw_eot,fr_swin_ALL || imgnet_xception_ALL,0.006661732050333,0.5991189427312775,0.5924572106809445
cw_eot,fr_swin_ALL || imgnet_xception_EFS,0.005181347150259,0.0437192118226601,0.0385378646724011
cw_eot,fr_swin_ALL || imgnet_xception_FE,0.004441154700222,0.0602409638554216,0.0557998091551996
cw_eot,fr_swin_ALL || imgnet_xception_FR,0.004441154700222,0.0006161429451632,-0.0038250117550588003
cw_eot,fr_swin_ALL || imgnet_xception_FS,0.005181347150259,0.0705417607223476,0.06536041357208859
cw_eot,fr_swin_EFS || fr_xception_ALL,0.1656703672075149,0.0,-0.1656703672075149
cw_eot,fr_swin_EFS || fr_xception_EFS,0.5730145175064048,0.1546218487394958,-0.41839266876690895
cw_eot,fr_swin_EFS || fr_xception_FE,0.0563620836891545,0.0161290322580645,-0.04023305143109
cw_eot,fr_swin_EFS || fr_xception_FR,0.0606319385140905,0.0202821869488536,-0.0403497515652369
cw_eot,fr_swin_EFS || fr_xception_FS,0.0512382578992314,0.1012987012987013,0.050060443399469905
cw_eot,fr_swin_EFS || imgnet_efficientnetb4_ALL,0.0051238257899231,0.0471898197242841,0.042065993934361
cw_eot,fr_swin_EFS || imgnet_efficientnetb4_EFS,0.0222032450896669,0.0075445816186556,-0.014658663471011298
cw_eot,fr_swin_EFS || imgnet_efficientnetb4_FE,0.0102476515798462,0.0204946996466431,0.010247048066796898
cw_eot,fr_swin_EFS || imgnet_efficientnetb4_FR,0.0034158838599487,0.023181454836131,0.019765570976182298
cw_eot,fr_swin_EFS || imgnet_efficientnetb4_FS,0.0034158838599487,0.0015831134564643,-0.0018327704034844
cw_eot,fr_swin_EFS || imgnet_resnet34_ALL,0.0111016225448334,0.1352564102564102,0.12415478771157679
cw_eot,fr_swin_EFS || imgnet_resnet34_EFS,0.0111016225448334,0.0415986949429037,0.0304970723980703
cw_eot,fr_swin_EFS || imgnet_resnet34_FE,0.0051238257899231,0.0029440628066732,-0.0021797629832499004
cw_eot,fr_swin_EFS || imgnet_resnet34_FR,0.0025619128949615,0.0071827613727055,0.004620848477744001
cw_eot,fr_swin_EFS || imgnet_resnet34_FS,0.0025619128949615,0.0018610421836228,-0.0007008707113386999
cw_eot,fr_swin_EFS || imgnet_xception_ALL,0.0051238257899231,0.1029735682819383,0.0978497424920152
cw_eot,fr_swin_EFS || imgnet_xception_EFS,0.0128095644748078,0.0,-0.0128095644748078
cw_eot,fr_swin_EFS || imgnet_xception_FE,0.0017079419299743,0.0090361445783132,0.007328202648338901
cw_eot,fr_swin_EFS || imgnet_xception_FR,0.0051238257899231,0.0,-0.0051238257899231
cw_eot,fr_swin_EFS || imgnet_xception_FS,0.0017079419299743,0.0016930022573363,-1.4939672638000041e-05
cw_eot,fr_swin_FE || fr_xception_ALL,0.4643226473629783,0.0,-0.4643226473629783
cw_eot,fr_swin_FE || fr_xception_EFS,0.4198552223371251,0.0,-0.4198552223371251
cw_eot,fr_swin_FE || fr_xception_FE,0.7880041365046536,0.0275142314990512,-0.7604899050056024
cw_eot,fr_swin_FE || fr_xception_FR,0.3464322647362978,0.0008818342151675,-0.34555043052113027
cw_eot,fr_swin_FE || fr_xception_FS,0.4632885211995863,0.0606060606060606,-0.4026824605935257
cw_eot,fr_swin_FE || imgnet_efficientnetb4_ALL,0.1902792140641158,0.0227995758218451,-0.1674796382422707
cw_eot,fr_swin_FE || imgnet_efficientnetb4_EFS,0.2047569803516029,0.0013717421124828,-0.20338523823912008
cw_eot,fr_swin_FE || imgnet_efficientnetb4_FE,0.3981385729058945,0.015547703180212,-0.3825908697256825
cw_eot,fr_swin_FE || imgnet_efficientnetb4_FR,0.2326783867631851,0.0031974420463629,-0.2294809447168222
cw_eot,fr_swin_FE || imgnet_efficientnetb4_FS,0.2647362978283351,0.0005277044854881,-0.26420859334284696
cw_eot,fr_swin_FE || imgnet_resnet34_ALL,0.3081695966907963,0.0487179487179487,-0.2594516479728476
cw_eot,fr_swin_FE || imgnet_resnet34_EFS,0.1385729058945191,0.0032626427406199,-0.13531026315389919
cw_eot,fr_swin_FE || imgnet_resnet34_FE,0.2688728024819028,0.0,-0.2688728024819028
cw_eot,fr_swin_FE || imgnet_resnet34_FR,0.2595656670113754,0.0,-0.2595656670113754
cw_eot,fr_swin_FE || imgnet_resnet34_FS,0.2347466390899689,0.0062034739454094,-0.2285431651445595
cw_eot,fr_swin_FE || imgnet_xception_ALL,0.1096173733195449,0.1062775330396475,-0.0033398402798973936
cw_eot,fr_swin_FE || imgnet_xception_EFS,0.1758014477766287,0.0,-0.1758014477766287
cw_eot,fr_swin_FE || imgnet_xception_FE,0.2833505687693898,0.0112951807228915,-0.2720553880464983
cw_eot,fr_swin_FE || imgnet_xception_FR,0.1302998965873836,0.0,-0.1302998965873836
cw_eot,fr_swin_FE || imgnet_xception_FS,0.15511892450879,0.0005643340857787,-0.1545545904230113
cw_eot,fr_swin_FR || fr_xception_ALL,0.5142276422764228,0.0070629782224838,-0.507164664053939
cw_eot,fr_swin_FR || fr_xception_EFS,0.4613821138211382,0.0470588235294117,-0.4143232902917265
cw_eot,fr_swin_FR || fr_xception_FE,0.0833333333333333,0.0,-0.0833333333333333
cw_eot,fr_swin_FR || fr_xception_FR,0.6839430894308943,0.2989417989417989,-0.3850012904890954
cw_eot,fr_swin_FR || fr_xception_FS,0.214430894308943,0.4562770562770563,0.2418461619681133
cw_eot,fr_swin_FR || imgnet_efficientnetb4_ALL,0.0274390243902439,0.0747613997879109,0.047322375397666996
cw_eot,fr_swin_FR || imgnet_efficientnetb4_EFS,0.0284552845528455,0.017832647462277,-0.010622637090568498
cw_eot,fr_swin_FR || imgnet_efficientnetb4_FE,0.0457317073170731,0.004946996466431,-0.0407847108506421
cw_eot,fr_swin_FR || imgnet_efficientnetb4_FR,0.0558943089430894,0.123101518784972,0.0672072098418826
cw_eot,fr_swin_FR || imgnet_efficientnetb4_FS,0.032520325203252,0.0,-0.032520325203252
cw_eot,fr_swin_FR || imgnet_resnet34_ALL,0.0447154471544715,0.3211538461538462,0.27643839899937467
cw_eot,fr_swin_FR || imgnet_resnet34_EFS,0.0172764227642276,0.0261011419249592,0.0088247191607316
cw_eot,fr_swin_FR || imgnet_resnet34_FE,0.0274390243902439,0.0,-0.0274390243902439
cw_eot,fr_swin_FR || imgnet_resnet34_FR,0.0630081300813008,0.0319233838786911,-0.031084746202609696
cw_eot,fr_swin_FR || imgnet_resnet34_FS,0.0335365853658536,0.0260545905707196,-0.007481994795133999
cw_eot,fr_swin_FR || imgnet_xception_ALL,0.0111788617886178,0.3408590308370044,0.3296801690483866
cw_eot,fr_swin_FR || imgnet_xception_EFS,0.0203252032520325,0.001847290640394,-0.0184779126116385
cw_eot,fr_swin_FR || imgnet_xception_FE,0.0111788617886178,0.0015060240963855,-0.0096728376922323
cw_eot,fr_swin_FR || imgnet_xception_FR,0.024390243902439,0.0,-0.024390243902439
cw_eot,fr_swin_FR || imgnet_xception_FS,0.0091463414634146,0.0028216704288939,-0.006324671034520701
cw_eot,fr_swin_FS || fr_xception_ALL,0.2836624775583483,0.0,-0.2836624775583483
cw_eot,fr_swin_FS || fr_xception_EFS,0.4219030520646319,0.0067226890756302,-0.41518036298900174
cw_eot,fr_swin_FS || fr_xception_FE,0.1938958707360861,0.0009487666034155,-0.1929471041326706
cw_eot,fr_swin_FS || fr_xception_FR,0.0897666068222621,0.0008818342151675,-0.0888847726070946
cw_eot,fr_swin_FS || fr_xception_FS,0.585278276481149,0.2216450216450216,-0.36363325483612746
cw_eot,fr_swin_FS || imgnet_efficientnetb4_ALL,0.0305206463195691,0.0259809119830328,-0.004539734336536299
cw_eot,fr_swin_FS || imgnet_efficientnetb4_EFS,0.0197486535008976,0.0013717421124828,-0.0183769113884148
cw_eot,fr_swin_FS || imgnet_efficientnetb4_FE,0.03770197486535,0.0056537102473498,-0.0320482646180002
cw_eot,fr_swin_FS || imgnet_efficientnetb4_FR,0.0179533213644524,0.0007993605115907,-0.0171539608528617
cw_eot,fr_swin_FS || imgnet_efficientnetb4_FS,0.0484739676840215,0.0031662269129287,-0.0453077407710928
cw_eot,fr_swin_FS || imgnet_resnet34_ALL,0.0287253141831238,0.125,0.0962746858168762
cw_eot,fr_swin_FS || imgnet_resnet34_EFS,0.0125673249551166,0.0008156606851549,-0.0117516642699617
cw_eot,fr_swin_FS || imgnet_resnet34_FE,0.0107719928186714,0.0,-0.0107719928186714
cw_eot,fr_swin_FS || imgnet_resnet34_FR,0.0143626570915619,0.0,-0.0143626570915619
cw_eot,fr_swin_FS || imgnet_resnet34_FS,0.03770197486535,0.0204714640198511,-0.017230510845498898
cw_eot,fr_swin_FS || imgnet_xception_ALL,0.0233393177737881,0.1503303964757709,0.12699107870198278
cw_eot,fr_swin_FS || imgnet_xception_EFS,0.0035906642728904,0.000615763546798,-0.0029749007260923997
cw_eot,fr_swin_FS || imgnet_xception_FE,0.0125673249551166,0.003012048192771,-0.0095552767623456
cw_eot,fr_swin_FS || imgnet_xception_FR,0.0125673249551166,0.0,-0.0125673249551166
cw_eot,fr_swin_FS || imgnet_xception_FS,0.0287253141831238,0.0039503386004514,-0.0247749755826724
cw_eot,fr_vit_ALL || fr_xception_ALL,0.0994182971972501,0.1748087110064744,0.07539041380922432
cw_eot,fr_vit_ALL || fr_xception_EFS,0.1406663141195135,0.4386554621848739,0.29798914806536037
cw_eot,fr_vit_ALL || fr_xception_FE,0.0824960338445267,0.1859582542694497,0.10346222042492301
cw_eot,fr_vit_ALL || fr_xception_FR,0.0835536753040719,0.2583774250440917,0.17482374974001982
cw_eot,fr_vit_ALL || fr_xception_FS,0.0512956107879428,0.3619047619047619,0.3106091511168191
cw_eot,fr_vit_ALL || imgnet_efficientnetb4_ALL,0.0111052353252247,0.1426299045599151,0.1315246692346904
cw_eot,fr_vit_ALL || imgnet_efficientnetb4_EFS,0.017451084082496,0.1920438957475994,0.1745928116651034
cw_eot,fr_vit_ALL || imgnet_efficientnetb4_FE,0.0259122157588577,0.2685512367491166,0.24263902099025886
cw_eot,fr_vit_ALL || imgnet_efficientnetb4_FR,0.0185087255420412,0.4940047961630695,0.47549607062102833
cw_eot,fr_vit_ALL || imgnet_efficientnetb4_FS,0.0195663670015864,0.0158311345646438,-0.003735232436942598
cw_eot,fr_vit_ALL || imgnet_resnet34_ALL,0.0264410364886303,0.6224358974358974,0.5959948609472672
cw_eot,fr_vit_ALL || imgnet_resnet34_EFS,0.0068746694870438,0.5261011419249593,0.5192264724379154
cw_eot,fr_vit_ALL || imgnet_resnet34_FE,0.0126916975145425,0.2796859666339548,0.26699426911941226
cw_eot,fr_vit_ALL || imgnet_resnet34_FR,0.0227392913802221,0.3894652833200319,0.3667259919398098
cw_eot,fr_vit_ALL || imgnet_resnet34_FS,0.0148069804336329,0.1178660049627791,0.1030590245291462
cw_eot,fr_vit_ALL || imgnet_xception_ALL,0.0084611316763617,0.6018722466960352,0.5934111150196735
cw_eot,fr_vit_ALL || imgnet_xception_EFS,0.0116340560549973,0.2666256157635468,0.25499155970854953
cw_eot,fr_vit_ALL || imgnet_xception_FE,0.0100475938656795,0.1618975903614457,0.1518499964957662
cw_eot,fr_vit_ALL || imgnet_xception_FR,0.0142781597038603,0.2667898952556993,0.252511735551839
cw_eot,fr_vit_ALL || imgnet_xception_FS,0.0105764145954521,0.4926636568848758,0.4820872422894237
cw_eot,fr_vit_EFS || fr_xception_ALL,0.3435406698564593,0.0,-0.3435406698564593
cw_eot,fr_vit_EFS || fr_xception_EFS,0.6057416267942584,0.0781512605042016,-0.5275903662900567
cw_eot,fr_vit_EFS || fr_xception_FE,0.3100478468899521,0.0388994307400379,-0.2711484161499142
cw_eot,fr_vit_EFS || fr_xception_FR,0.1023923444976076,0.0088183421516754,-0.0935740023459322
cw_eot,fr_vit_EFS || fr_xception_FS,0.1435406698564593,0.0034632034632034,-0.1400774663932559
cw_eot,fr_vit_EFS || imgnet_efficientnetb4_ALL,0.0746411483253588,0.0609756097560975,-0.013665538569261303
cw_eot,fr_vit_EFS || imgnet_efficientnetb4_EFS,0.1464114832535885,0.0246913580246913,-0.12172012522889719
cw_eot,fr_vit_EFS || imgnet_efficientnetb4_FE,0.1885167464114832,0.0727915194346289,-0.11572522697685429
cw_eot,fr_vit_EFS || imgnet_efficientnetb4_FR,0.0746411483253588,0.1007194244604316,0.026078276135072798
cw_eot,fr_vit_EFS || imgnet_efficientnetb4_FS,0.0813397129186602,0.004221635883905,-0.07711807703475519
cw_eot,fr_vit_EFS || imgnet_resnet34_ALL,0.1119617224880382,0.1134615384615384,0.0014998159735001987
cw_eot,fr_vit_EFS || imgnet_resnet34_EFS,0.0976076555023923,0.0603588907014681,-0.0372487648009242
cw_eot,fr_vit_EFS || imgnet_resnet34_FE,0.1071770334928229,0.0068694798822374,-0.10030755361058549
cw_eot,fr_vit_EFS || imgnet_resnet34_FR,0.077511961722488,0.0039904229848363,-0.0735215387376517
cw_eot,fr_vit_EFS || imgnet_resnet34_FS,0.0478468899521531,0.0068238213399503,-0.041023068612202805
cw_eot,fr_vit_EFS || imgnet_xception_ALL,0.0488038277511961,0.0842511013215859,0.035447273570389806
cw_eot,fr_vit_EFS || imgnet_xception_EFS,0.0736842105263157,0.0,-0.0736842105263157
cw_eot,fr_vit_EFS || imgnet_xception_FE,0.0842105263157894,0.0271084337349397,-0.0571020925808497
cw_eot,fr_vit_EFS || imgnet_xception_FR,0.0411483253588516,0.0024645717806531,-0.038683753578198504
cw_eot,fr_vit_EFS || imgnet_xception_FS,0.0382775119617224,0.010158013544018,-0.028119498417704406
cw_eot,fr_vit_FE || fr_xception_ALL,0.2476851851851851,0.0005885815185403,-0.2470966036666448
cw_eot,fr_vit_FE || fr_xception_EFS,0.3804012345679012,0.0277310924369747,-0.3526701421309265
cw_eot,fr_vit_FE || fr_xception_FE,0.4907407407407407,0.206831119544592,-0.2839096211961487
cw_eot,fr_vit_FE || fr_xception_FR,0.0802469135802469,0.0,-0.0802469135802469
cw_eot,fr_vit_FE || fr_xception_FS,0.2152777777777778,0.0034632034632034,-0.2118145743145744
cw_eot,fr_vit_FE || imgnet_efficientnetb4_ALL,0.0516975308641975,0.0328738069989395,-0.018823723865257998
cw_eot,fr_vit_FE || imgnet_efficientnetb4_EFS,0.1057098765432098,0.0171467764060356,-0.08856310013717421
cw_eot,fr_vit_FE || imgnet_efficientnetb4_FE,0.1882716049382716,0.1053003533568904,-0.0829712515813812
cw_eot,fr_vit_FE || imgnet_efficientnetb4_FR,0.0478395061728395,0.014388489208633,-0.03345101696420649
cw_eot,fr_vit_FE || imgnet_efficientnetb4_FS,0.0941358024691358,0.0036939313984168,-0.09044187107071901
cw_eot,fr_vit_FE || imgnet_resnet34_ALL,0.1064814814814814,0.0429487179487179,-0.06353276353276349
cw_eot,fr_vit_FE || imgnet_resnet34_EFS,0.0578703703703703,0.0285481239804241,-0.0293222463899462
cw_eot,fr_vit_FE || imgnet_resnet34_FE,0.0933641975308642,0.0117762512266928,-0.08158794630417139
cw_eot,fr_vit_FE || imgnet_resnet34_FR,0.0493827160493827,0.0,-0.0493827160493827
cw_eot,fr_vit_FE || imgnet_resnet34_FS,0.074074074074074,0.0080645161290322,-0.0660095579450418
cw_eot,fr_vit_FE || imgnet_xception_ALL,0.0378086419753086,0.0225770925110132,-0.015231549464295401
cw_eot,fr_vit_FE || imgnet_xception_EFS,0.0601851851851851,0.000615763546798,-0.0595694216383871
cw_eot,fr_vit_FE || imgnet_xception_FE,0.1018518518518518,0.0519578313253012,-0.049894020526550606
cw_eot,fr_vit_FE || imgnet_xception_FR,0.0270061728395061,0.0006161429451632,-0.026390029894342897
cw_eot,fr_vit_FE || imgnet_xception_FS,0.0362654320987654,0.005079006772009,-0.0311864253267564
cw_eot,fr_vit_FR || fr_xception_ALL,0.5585464333781965,0.0088287227781047,-0.5497177106000919
cw_eot,fr_vit_FR || fr_xception_EFS,0.6083445491251682,0.0663865546218487,-0.5419579945033195
cw_eot,fr_vit_FR || fr_xception_FE,0.4306864064602961,0.0047438330170777,-0.4259425734432184
cw_eot,fr_vit_FR || fr_xception_FR,0.6137281292059219,0.2627865961199294,-0.3509415330859925
cw_eot,fr_vit_FR || fr_xception_FS,0.5612382234185733,0.2701298701298701,-0.2911083532887032
cw_eot,fr_vit_FR || imgnet_efficientnetb4_ALL,0.1668909825033647,0.108695652173913,-0.058195330329451705
cw_eot,fr_vit_FR || imgnet_efficientnetb4_EFS,0.1695827725437416,0.0445816186556927,-0.1250011538880489
cw_eot,fr_vit_FR || imgnet_efficientnetb4_FE,0.2314939434724091,0.0431095406360424,-0.1883844028363667
cw_eot,fr_vit_FR || imgnet_efficientnetb4_FR,0.2516823687752355,0.3389288569144684,0.08724648813923291
cw_eot,fr_vit_FR || imgnet_efficientnetb4_FS,0.2166890982503364,0.0068601583113456,-0.2098289399389908
cw_eot,fr_vit_FR || imgnet_resnet34_ALL,0.2395693135935397,0.3025641025641025,0.06299478897056279
cw_eot,fr_vit_FR || imgnet_resnet34_EFS,0.0807537012113055,0.1525285481239804,0.0717748469126749
cw_eot,fr_vit_FR || imgnet_resnet34_FE,0.1211305518169582,0.0461236506378802,-0.07500690117907799
cw_eot,fr_vit_FR || imgnet_resnet34_FR,0.3109017496635262,0.0845969672785315,-0.22630478238499468
cw_eot,fr_vit_FR || imgnet_resnet34_FS,0.1453566621803499,0.0390818858560794,-0.1062747763242705
cw_eot,fr_vit_FR || imgnet_xception_ALL,0.079407806191117,0.3843612334801762,0.3049534272890592
cw_eot,fr_vit_FR || imgnet_xception_EFS,0.0901749663526245,0.0375615763546798,-0.052613389997944696
cw_eot,fr_vit_FR || imgnet_xception_FE,0.1318977119784656,0.0338855421686747,-0.09801216980979088
cw_eot,fr_vit_FR || imgnet_xception_FR,0.1547779273216689,0.0437461491065927,-0.1110317782150762
cw_eot,fr_vit_FR || imgnet_xception_FS,0.098250336473755,0.2093679458239277,0.1111176093501727
cw_eot,fr_vit_FS || fr_xception_ALL,0.2058651026392962,0.0,-0.2058651026392962
cw_eot,fr_vit_FS || fr_xception_EFS,0.2093841642228739,0.007563025210084,-0.2018211390127899
cw_eot,fr_vit_FS || fr_xception_FE,0.1296187683284457,0.0094876660341555,-0.1201311022942902
cw_eot,fr_vit_FS || fr_xception_FR,0.1278592375366569,0.0114638447971781,-0.1163953927394788
cw_eot,fr_vit_FS || fr_xception_FS,0.3202346041055718,0.2917748917748918,-0.02845971233068001
cw_eot,fr_vit_FS || imgnet_efficientnetb4_ALL,0.0351906158357771,0.0503711558854719,0.015180540049694796
cw_eot,fr_vit_FS || imgnet_efficientnetb4_EFS,0.0457478005865102,0.0102880658436214,-0.0354597347428888
cw_eot,fr_vit_FS || imgnet_efficientnetb4_FE,0.0404692082111436,0.0247349823321554,-0.015734225878988203
cw_eot,fr_vit_FS || imgnet_efficientnetb4_FR,0.0363636363636363,0.0799360511590727,0.043572414795436394
cw_eot,fr_vit_FS || imgnet_efficientnetb4_FS,0.0709677419354838,0.0089709762532981,-0.061996765682185706
cw_eot,fr_vit_FS || imgnet_resnet34_ALL,0.0756598240469208,0.1705128205128205,0.09485299646589969
cw_eot,fr_vit_FS || imgnet_resnet34_EFS,0.0187683284457478,0.0154975530179445,-0.0032707754278033
cw_eot,fr_vit_FS || imgnet_resnet34_FE,0.0170087976539589,0.000981354268891,-0.0160274433850679
cw_eot,fr_vit_FS || imgnet_resnet34_FR,0.0510263929618768,0.0015961691939345,-0.049430223767942295
cw_eot,fr_vit_FS || imgnet_resnet34_FS,0.0486803519061583,0.053349875930521,0.004669524024362701
cw_eot,fr_vit_FS || imgnet_xception_ALL,0.0252199413489736,0.138215859030837,0.1129959176818634
cw_eot,fr_vit_FS || imgnet_xception_EFS,0.0234604105571847,0.0,-0.0234604105571847
cw_eot,fr_vit_FS || imgnet_xception_FE,0.0252199413489736,0.0165662650602409,-0.0086536762887327
cw_eot,fr_vit_FS || imgnet_xception_FR,0.0269794721407624,0.0073937153419593,-0.0195857567988031
cw_eot,fr_vit_FS || imgnet_xception_FS,0.032258064516129,0.0474040632054176,0.015145998689288606
cw_eot,fr_xception_ALL || imgnet_deit_ALL,0.6158499697519662,0.0041200706297822,-0.611729899122184
cw_eot,fr_xception_ALL || imgnet_deit_EFS,0.0928961748633879,0.0070629782224838,-0.08583319664090411
cw_eot,fr_xception_ALL || imgnet_deit_FE,0.0545454545454545,0.0082401412595644,-0.046305313285890104
cw_eot,fr_xception_ALL || imgnet_deit_FR,0.3005649717514124,0.0023543260741612,-0.2982106456772512
cw_eot,fr_xception_ALL || imgnet_deit_FS,0.2345301757066463,0.0147145379635079,-0.2198156377431384
cw_eot,fr_xception_ALL || imgnet_swin_ALL,0.4602017937219731,0.0005885815185403,-0.4596132122034328
cw_eot,fr_xception_ALL || imgnet_swin_EFS,0.233210332103321,0.0082401412595644,-0.2249701908437566
cw_eot,fr_xception_ALL || imgnet_swin_FE,0.0042826552462526,0.0058858151854031,0.0016031599391505003
cw_eot,fr_xception_ALL || imgnet_swin_FR,0.0995475113122171,0.0005885815185403,-0.0989589297936768
cw_eot,fr_xception_ALL || imgnet_swin_FS,0.3421052631578947,0.0076515597410241,-0.3344537034168706
cw_eot,fr_xception_ALL || imgnet_vit_ALL,0.4023699124162803,0.0,-0.4023699124162803
cw_eot,fr_xception_ALL || imgnet_vit_EFS,0.1284722222222222,0.0029429075927015,-0.12552931462952072
cw_eot,fr_xception_ALL || imgnet_vit_FE,0.0169811320754716,0.0011771630370806,-0.015803969038391
cw_eot,fr_xception_ALL || imgnet_vit_FR,0.2071111111111111,0.0,-0.2071111111111111
cw_eot,fr_xception_ALL || imgnet_vit_FS,0.4916107382550335,0.0047086521483225,-0.486902086106711
cw_eot,fr_xception_EFS || imgnet_deit_ALL,0.4361766485178463,0.0084033613445378,-0.42777328717330854
cw_eot,fr_xception_EFS || imgnet_deit_EFS,0.0967993754879,0.0184873949579831,-0.0783119805299169
cw_eot,fr_xception_EFS || imgnet_deit_FE,0.0954545454545454,0.0235294117647058,-0.0719251336898396
cw_eot,fr_xception_EFS || imgnet_deit_FR,0.0711864406779661,0.0025210084033613,-0.06866543227460481
cw_eot,fr_xception_EFS || imgnet_deit_FS,0.1207028265851795,0.0100840336134453,-0.1106187929717342
cw_eot,fr_xception_EFS || imgnet_swin_ALL,0.234304932735426,0.0008403361344537,-0.2334645966009723
cw_eot,fr_xception_EFS || imgnet_swin_EFS,0.3896678966789668,0.053781512605042,-0.3358863840739248
cw_eot,fr_xception_EFS || imgnet_swin_FE,0.032119914346895,0.0100840336134453,-0.022035880733449698
cw_eot,fr_xception_EFS || imgnet_swin_FR,0.0460030165912518,0.0008403361344537,-0.045162680456798096
cw_eot,fr_xception_EFS || imgnet_swin_FS,0.0921052631578947,0.0008403361344537,-0.09126492702344101
cw_eot,fr_xception_EFS || imgnet_vit_ALL,0.091705306543019,0.0025210084033613,-0.08918429813965771
cw_eot,fr_xception_EFS || imgnet_vit_EFS,0.1083333333333333,0.0310924369747899,-0.07724089635854339
cw_eot,fr_xception_EFS || imgnet_vit_FE,0.0877358490566037,0.0126050420168067,-0.07513080703979699
cw_eot,fr_xception_EFS || imgnet_vit_FR,0.0168888888888888,0.0,-0.0168888888888888
cw_eot,fr_xception_EFS || imgnet_vit_FS,0.1904362416107382,0.0016806722689075,-0.1887555693418307
cw_eot,fr_xception_FE || imgnet_deit_ALL,0.1712038717483363,0.0094876660341555,-0.1617162057141808
cw_eot,fr_xception_FE || imgnet_deit_EFS,0.0054644808743169,0.0075901328273244,0.0021256519530075003
cw_eot,fr_xception_FE || imgnet_deit_FE,0.0463636363636363,0.0654648956356736,0.019101259272037305
cw_eot,fr_xception_FE || imgnet_deit_FR,0.0192090395480226,0.0028462998102466,-0.016362739737776
cw_eot,fr_xception_FE || imgnet_deit_FS,0.0847975553857906,0.0123339658444022,-0.0724635895413884
cw_eot,fr_xception_FE || imgnet_swin_ALL,0.0269058295964125,0.0009487666034155,-0.025957062992997
cw_eot,fr_xception_FE || imgnet_swin_EFS,0.0568265682656826,0.0028462998102466,-0.053980268455436
cw_eot,fr_xception_FE || imgnet_swin_FE,0.0374732334047109,0.040796963946869,0.0033237305421581
cw_eot,fr_xception_FE || imgnet_swin_FR,0.0037707390648567,0.0028462998102466,-0.0009244392546100999
cw_eot,fr_xception_FE || imgnet_swin_FS,0.0783208020050125,0.0018975332068311,-0.0764232687981814
cw_eot,fr_xception_FE || imgnet_vit_ALL,0.0092735703245749,0.0009487666034155,-0.0083248037211594
cw_eot,fr_xception_FE || imgnet_vit_EFS,0.0173611111111111,0.0018975332068311,-0.01546357790428
cw_eot,fr_xception_FE || imgnet_vit_FE,0.0396226415094339,0.0256166982922201,-0.014005943217213799
cw_eot,fr_xception_FE || imgnet_vit_FR,0.0,0.0,0.0
cw_eot,fr_xception_FE || imgnet_vit_FS,0.1879194630872483,0.0037950664136622,-0.1841243966735861
cw_eot,fr_xception_FR || imgnet_deit_ALL,0.4482758620689655,0.0749559082892416,-0.37331995377972393
cw_eot,fr_xception_FR || imgnet_deit_EFS,0.0663544106167057,0.037037037037037,-0.029317373579668703
cw_eot,fr_xception_FR || imgnet_deit_FE,0.0281818181818181,0.0185185185185185,-0.0096632996632996
cw_eot,fr_xception_FR || imgnet_deit_FR,0.4203389830508474,0.0970017636684303,-0.3233372193824171
cw_eot,fr_xception_FR || imgnet_deit_FS,0.0359052711993888,0.0432098765432098,0.007304605343820998
cw_eot,fr_xception_FR || imgnet_swin_ALL,0.2090807174887892,0.0132275132275132,-0.195853204261276
cw_eot,fr_xception_FR || imgnet_swin_EFS,0.0575645756457564,0.0731922398589065,0.015627664213150094
cw_eot,fr_xception_FR || imgnet_swin_FE,0.0,0.0202821869488536,0.0202821869488536
cw_eot,fr_xception_FR || imgnet_swin_FR,0.3009049773755656,0.074074074074074,-0.22683090330149158
cw_eot,fr_xception_FR || imgnet_swin_FS,0.0169172932330827,0.019400352733686,0.002483059500603301
cw_eot,fr_xception_FR || imgnet_vit_ALL,0.2292632663575476,0.0414462081128747,-0.1878170582446729
cw_eot,fr_xception_FR || imgnet_vit_EFS,0.0736111111111111,0.0158730158730158,-0.0577380952380953
cw_eot,fr_xception_FR || imgnet_vit_FE,0.0094339622641509,0.0061728395061728,-0.0032611227579780995
cw_eot,fr_xception_FR || imgnet_vit_FR,0.3511111111111111,0.13668430335097,-0.21442680776014109
cw_eot,fr_xception_FR || imgnet_vit_FS,0.0201342281879194,0.0052910052910052,-0.014843222896914199
cw_eot,fr_xception_FS || imgnet_deit_ALL,0.2686025408348457,0.2588744588744588,-0.00972808196038688
cw_eot,fr_xception_FS || imgnet_deit_EFS,0.0210772833723653,0.1229437229437229,0.1018664395713576
cw_eot,fr_xception_FS || imgnet_deit_FE,0.0172727272727272,0.1688311688311688,0.15155844155844161
cw_eot,fr_xception_FS || imgnet_deit_FR,0.0112994350282485,0.0346320346320346,0.023332599603786097
cw_eot,fr_xception_FS || imgnet_deit_FS,0.2253628724216959,0.3307359307359307,0.10537305831423482
cw_eot,fr_xception_FS || imgnet_swin_ALL,0.0711883408071748,0.1679653679653679,0.0967770271581931
cw_eot,fr_xception_FS || imgnet_swin_EFS,0.0169741697416974,0.2121212121212121,0.1951470423795147
cw_eot,fr_xception_FS || imgnet_swin_FE,0.0010706638115631,0.0614718614718614,0.0604011976602983
cw_eot,fr_xception_FS || imgnet_swin_FR,0.0,0.0138528138528138,0.0138528138528138
cw_eot,fr_xception_FS || imgnet_swin_FS,0.2387218045112782,0.2926406926406926,0.053918888129414394
cw_eot,fr_xception_FS || imgnet_vit_ALL,0.0432766615146831,0.2069264069264069,0.1636497454117238
cw_eot,fr_xception_FS || imgnet_vit_EFS,0.0486111111111111,0.0805194805194805,0.03190836940836941
cw_eot,fr_xception_FS || imgnet_vit_FE,0.020754716981132,0.0753246753246753,0.05456995834354329
cw_eot,fr_xception_FS || imgnet_vit_FR,0.0,0.0051948051948051,0.0051948051948051
cw_eot,fr_xception_FS || imgnet_vit_FS,0.5830536912751678,0.232034632034632,-0.3510190592405358
cw_eot,imgnet_deit_ALL || imgnet_efficientnetb4_ALL,0.2710223835450696,0.7014846235418876,0.430462239996818
cw_eot,imgnet_deit_ALL || imgnet_efficientnetb4_EFS,0.2377495462794918,0.2407407407407407,0.0029911944612489028
cw_eot,imgnet_deit_ALL || imgnet_efficientnetb4_FE,0.1119177253478524,0.1328621908127208,0.020944465464868403
cw_eot,imgnet_deit_ALL || imgnet_efficientnetb4_FR,0.2244404113732607,0.4788169464428457,0.254376535069585
cw_eot,imgnet_deit_ALL || imgnet_efficientnetb4_FS,0.338777979431337,0.2733509234828496,-0.06542705594848736
cw_eot,imgnet_deit_ALL || imgnet_resnet34_ALL,0.3593466424682395,0.914102564102564,0.5547559216343245
cw_eot,imgnet_deit_ALL || imgnet_resnet34_EFS,0.1355111917725348,0.4698205546492659,0.33430936287673113
cw_eot,imgnet_deit_ALL || imgnet_resnet34_FE,0.0496067755595886,0.0343473994111874,-0.015259376148401206
cw_eot,imgnet_deit_ALL || imgnet_resnet34_FR,0.2099213551119177,0.2146847565841979,0.004763401472280188
cw_eot,imgnet_deit_ALL || imgnet_resnet34_FS,0.1548699334543254,0.6265508684863523,0.4716809350320269
cw_eot,imgnet_deit_ALL || imgnet_xception_ALL,0.0949788263762855,0.9691629955947136,0.8741841692184281
cw_eot,imgnet_deit_ALL || imgnet_xception_EFS,0.1687840290381125,0.3208128078817734,0.15202877884366092
cw_eot,imgnet_deit_ALL || imgnet_xception_FE,0.0326678765880217,0.0301204819277108,-0.0025473946603108977
cw_eot,imgnet_deit_ALL || imgnet_xception_FR,0.1161524500907441,0.1947011706715958,0.07854872058085172
cw_eot,imgnet_deit_ALL || imgnet_xception_FS,0.1409558378705384,0.7832957110609481,0.6423398731904097
cw_eot,imgnet_deit_EFS || imgnet_efficientnetb4_ALL,0.0078064012490242,0.372746553552492,0.36494015230346777
cw_eot,imgnet_deit_EFS || imgnet_efficientnetb4_EFS,0.0210772833723653,0.3374485596707819,0.3163712762984166
cw_eot,imgnet_deit_EFS || imgnet_efficientnetb4_FE,0.0124902419984387,0.1201413427561837,0.10765110075774499
cw_eot,imgnet_deit_EFS || imgnet_efficientnetb4_FR,0.0054644808743169,0.2589928057553957,0.2535283248810788
cw_eot,imgnet_deit_EFS || imgnet_efficientnetb4_FS,0.0085870413739266,0.091820580474934,0.08323353910100739
cw_eot,imgnet_deit_EFS || imgnet_resnet34_ALL,0.0132708821233411,0.7673076923076924,0.7540368101843512
cw_eot,imgnet_deit_EFS || imgnet_resnet34_EFS,0.0062451209992193,0.5269168026101142,0.5206716816108949
cw_eot,imgnet_deit_EFS || imgnet_resnet34_FE,0.0023419203747072,0.0441609421000981,0.0418190217253909
cw_eot,imgnet_deit_EFS || imgnet_resnet34_FR,0.0070257611241217,0.1715881883479648,0.1645624272238431
cw_eot,imgnet_deit_EFS || imgnet_resnet34_FS,0.0007806401249024,0.1941687344913151,0.19338809436641272
cw_eot,imgnet_deit_EFS || imgnet_xception_ALL,0.0046838407494145,0.8480176211453745,0.84333378039596
cw_eot,imgnet_deit_EFS || imgnet_xception_EFS,0.0538641686182669,0.3362068965517241,0.28234272793345716
cw_eot,imgnet_deit_EFS || imgnet_xception_FE,0.0015612802498048,0.0572289156626506,0.0556676354128458
cw_eot,imgnet_deit_EFS || imgnet_xception_FR,0.0039032006245121,0.2248921749845964,0.2209889743600843
cw_eot,imgnet_deit_EFS || imgnet_xception_FS,0.0023419203747072,0.5914221218961625,0.5890802015214553
cw_eot,imgnet_deit_FE || imgnet_efficientnetb4_ALL,0.0063636363636363,0.2269353128313891,0.2205716764677528
cw_eot,imgnet_deit_FE || imgnet_efficientnetb4_EFS,0.0063636363636363,0.0857338820301783,0.07937024566654201
cw_eot,imgnet_deit_FE || imgnet_efficientnetb4_FE,0.0509090909090909,0.3710247349823322,0.3201156440732413
cw_eot,imgnet_deit_FE || imgnet_efficientnetb4_FR,0.0009090909090909,0.2054356514788169,0.204526560569726
cw_eot,imgnet_deit_FE || imgnet_efficientnetb4_FS,0.0063636363636363,0.1440633245382585,0.13769968817462222
cw_eot,imgnet_deit_FE || imgnet_resnet34_ALL,0.0063636363636363,0.517948717948718,0.5115850815850816
cw_eot,imgnet_deit_FE || imgnet_resnet34_EFS,0.0045454545454545,0.2145187601957585,0.209973305650304
cw_eot,imgnet_deit_FE || imgnet_resnet34_FE,0.0418181818181818,0.2227674190382728,0.18094923722009099
cw_eot,imgnet_deit_FE || imgnet_resnet34_FR,0.0036363636363636,0.1165203511572226,0.112883987520859
cw_eot,imgnet_deit_FE || imgnet_resnet34_FS,0.0045454545454545,0.2071960297766749,0.2026505752312204
cw_eot,imgnet_deit_FE || imgnet_xception_ALL,0.0045454545454545,0.5616740088105727,0.5571285542651182
cw_eot,imgnet_deit_FE || imgnet_xception_EFS,0.0118181818181818,0.1102216748768473,0.0984034930586655
cw_eot,imgnet_deit_FE || imgnet_xception_FE,0.0545454545454545,0.3004518072289157,0.24590635268346117
cw_eot,imgnet_deit_FE || imgnet_xception_FR,0.0009090909090909,0.1435613062230437,0.1426522153139528
cw_eot,imgnet_deit_FE || imgnet_xception_FS,0.0009090909090909,0.4503386004514673,0.44942950954237637
cw_eot,imgnet_deit_FR || imgnet_efficientnetb4_ALL,0.2610169491525423,0.4544008483563097,0.19338389920376736
cw_eot,imgnet_deit_FR || imgnet_efficientnetb4_EFS,0.1005649717514124,0.0747599451303155,-0.02580502662109689
cw_eot,imgnet_deit_FR || imgnet_efficientnetb4_FE,0.0768361581920904,0.1151943462897526,0.0383581880976622
cw_eot,imgnet_deit_FR || imgnet_efficientnetb4_FR,0.5378531073446328,0.709832134292566,0.1719790269479332
cw_eot,imgnet_deit_FR || imgnet_efficientnetb4_FS,0.1785310734463276,0.0179419525065963,-0.1605891209397313
cw_eot,imgnet_deit_FR || imgnet_resnet34_ALL,0.2858757062146893,0.7596153846153846,0.4737396784006953
cw_eot,imgnet_deit_FR || imgnet_resnet34_EFS,0.0790960451977401,0.1582381729200652,0.0791421277223251
cw_eot,imgnet_deit_FR || imgnet_resnet34_FE,0.0542372881355932,0.0176643768400392,-0.036572911295554
cw_eot,imgnet_deit_FR || imgnet_resnet34_FR,0.5581920903954802,0.4477254588986432,-0.11046663149683705
cw_eot,imgnet_deit_FR || imgnet_resnet34_FS,0.0802259887005649,0.1048387096774193,0.024612720976854408
cw_eot,imgnet_deit_FR || imgnet_xception_ALL,0.0406779661016949,0.7483480176211453,0.7076700515194504
cw_eot,imgnet_deit_FR || imgnet_xception_EFS,0.0937853107344632,0.083743842364532,-0.010041468369931195
cw_eot,imgnet_deit_FR || imgnet_xception_FE,0.0248587570621468,0.019578313253012,-0.0052804438091348
cw_eot,imgnet_deit_FR || imgnet_xception_FR,0.2983050847457627,0.2667898952556993,-0.03151518949006343
cw_eot,imgnet_deit_FR || imgnet_xception_FS,0.0711864406779661,0.1715575620767494,0.1003711213987833
cw_eot,imgnet_deit_FS || imgnet_efficientnetb4_ALL,0.095492742551566,0.4178154825026511,0.32232273995108507
cw_eot,imgnet_deit_FS || imgnet_efficientnetb4_EFS,0.027501909854851,0.1700960219478738,0.1425941120930228
cw_eot,imgnet_deit_FS || imgnet_efficientnetb4_FE,0.0206264323911382,0.1265017667844523,0.10587533439331409
cw_eot,imgnet_deit_FS || imgnet_efficientnetb4_FR,0.029029793735676,0.2270183852917666,0.1979885915560906
cw_eot,imgnet_deit_FS || imgnet_efficientnetb4_FS,0.2513368983957219,0.3535620052770448,0.10222510688132291
cw_eot,imgnet_deit_FS || imgnet_resnet34_ALL,0.0863254392666157,0.7814102564102564,0.6950848171436407
cw_eot,imgnet_deit_FS || imgnet_resnet34_EFS,0.0244461420932009,0.2471451876019575,0.2226990455087566
cw_eot,imgnet_deit_FS || imgnet_resnet34_FE,0.0168067226890756,0.0510304219823356,0.03422369929326
cw_eot,imgnet_deit_FS || imgnet_resnet34_FR,0.0068754774637127,0.1284916201117318,0.1216161426480191
cw_eot,imgnet_deit_FS || imgnet_resnet34_FS,0.1207028265851795,0.640818858560794,0.5201160319756145
cw_eot,imgnet_deit_FS || imgnet_xception_ALL,0.0351413292589763,0.8265418502202643,0.791400520961288
cw_eot,imgnet_deit_FS || imgnet_xception_EFS,0.0313216195569136,0.2358374384236453,0.2045158188667317
cw_eot,imgnet_deit_FS || imgnet_xception_FE,0.0022918258212375,0.0692771084337349,0.0669852826124974
cw_eot,imgnet_deit_FS || imgnet_xception_FR,0.0099312452253628,0.1805298829328404,0.1705986377074776
cw_eot,imgnet_deit_FS || imgnet_xception_FS,0.0993124522536287,0.7906320541760722,0.6913196019224435
cw_eot,imgnet_efficientnetb4_ALL || imgnet_swin_ALL,0.3391255605381166,0.9623541887592788,0.6232286282211622
cw_eot,imgnet_efficientnetb4_ALL || imgnet_swin_EFS,0.0162361623616236,0.5344644750795334,0.5182283127179098
cw_eot,imgnet_efficientnetb4_ALL || imgnet_swin_FE,0.0117773019271948,0.2264050901378579,0.21462778821066308
cw_eot,imgnet_efficientnetb4_ALL || imgnet_swin_FR,0.2971342383107089,0.5758218451749735,0.2786876068642646
cw_eot,imgnet_efficientnetb4_ALL || imgnet_swin_FS,0.4486215538847117,0.5646871686108166,0.11606561472610488
cw_eot,imgnet_efficientnetb4_ALL || imgnet_vit_ALL,0.1246780010303967,0.6712619300106044,0.5465839289802077
cw_eot,imgnet_efficientnetb4_ALL || imgnet_vit_EFS,0.0125,0.2433722163308589,0.2308722163308589
cw_eot,imgnet_efficientnetb4_ALL || imgnet_vit_FE,0.0037735849056603,0.0747613997879109,0.07098781488225059
cw_eot,imgnet_efficientnetb4_ALL || imgnet_vit_FR,0.1182222222222222,0.3229056203605514,0.20468339813832923
cw_eot,imgnet_efficientnetb4_ALL || imgnet_vit_FS,0.1090604026845637,0.2704135737009544,0.16135317101639074
cw_eot,imgnet_efficientnetb4_EFS || imgnet_swin_ALL,0.1440582959641255,0.9170096021947872,0.7729513062306617
cw_eot,imgnet_efficientnetb4_EFS || imgnet_swin_EFS,0.0996309963099631,0.7139917695473251,0.614360773237362
cw_eot,imgnet_efficientnetb4_EFS || imgnet_swin_FE,0.0042826552462526,0.1604938271604938,0.1562111719142412
cw_eot,imgnet_efficientnetb4_EFS || imgnet_swin_FR,0.0452488687782805,0.4609053497942387,0.4156564810159582
cw_eot,imgnet_efficientnetb4_EFS || imgnet_swin_FS,0.0764411027568922,0.1426611796982167,0.06622007694132451
cw_eot,imgnet_efficientnetb4_EFS || imgnet_vit_ALL,0.0288511076764554,0.284636488340192,0.25578538066373663
cw_eot,imgnet_efficientnetb4_EFS || imgnet_vit_EFS,0.0618055555555555,0.49519890260631,0.4333933470507545
cw_eot,imgnet_efficientnetb4_EFS || imgnet_vit_FE,0.0075471698113207,0.0953360768175583,0.08778890700623761
cw_eot,imgnet_efficientnetb4_EFS || imgnet_vit_FR,0.0088888888888888,0.0644718792866941,0.055582990397805294
cw_eot,imgnet_efficientnetb4_EFS || imgnet_vit_FS,0.0142617449664429,0.051440329218107,0.0371785842516641
cw_eot,imgnet_efficientnetb4_FE || imgnet_swin_ALL,0.070067264573991,0.1088339222614841,0.0387666576874931
cw_eot,imgnet_efficientnetb4_FE || imgnet_swin_EFS,0.0428044280442804,0.0911660777385159,0.0483616496942355
cw_eot,imgnet_efficientnetb4_FE || imgnet_swin_FE,0.1070663811563169,0.4706713780918728,0.3636049969355559
cw_eot,imgnet_efficientnetb4_FE || imgnet_swin_FR,0.0384615384615384,0.2657243816254417,0.2272628431639033
cw_eot,imgnet_efficientnetb4_FE || imgnet_swin_FS,0.0620300751879699,0.0819787985865724,0.019948723398602493
cw_eot,imgnet_efficientnetb4_FE || imgnet_vit_ALL,0.0082431736218444,0.0925795053003533,0.0843363316785089
cw_eot,imgnet_efficientnetb4_FE || imgnet_vit_EFS,0.0319444444444444,0.1024734982332155,0.0705290537887711
cw_eot,imgnet_efficientnetb4_FE || imgnet_vit_FE,0.0632075471698113,0.3151943462897526,0.2519867991199413
cw_eot,imgnet_efficientnetb4_FE || imgnet_vit_FR,0.008,0.0254416961130742,0.0174416961130742
cw_eot,imgnet_efficientnetb4_FE || imgnet_vit_FS,0.0100671140939597,0.0572438162544169,0.047176702160457204
cw_eot,imgnet_efficientnetb4_FR || imgnet_swin_ALL,0.0952914798206278,0.7521982414068745,0.6569067615862467
cw_eot,imgnet_efficientnetb4_FR || imgnet_swin_EFS,0.003690036900369,0.2573940847322142,0.2537040478318452
cw_eot,imgnet_efficientnetb4_FR || imgnet_swin_FE,0.0021413276231263,0.1358912869704236,0.1337499593472973
cw_eot,imgnet_efficientnetb4_FR || imgnet_swin_FR,0.3273001508295626,0.8561151079136691,0.5288149570841065
cw_eot,imgnet_efficientnetb4_FR || imgnet_swin_FS,0.0651629072681704,0.2957633892885691,0.2306004820203987
cw_eot,imgnet_efficientnetb4_FR || imgnet_vit_ALL,0.0602782071097372,0.3804956035171862,0.320217396407449
cw_eot,imgnet_efficientnetb4_FR || imgnet_vit_EFS,0.0104166666666666,0.1262989608313349,0.1158822941646683
cw_eot,imgnet_efficientnetb4_FR || imgnet_vit_FE,0.000943396226415,0.0359712230215827,0.0350278267951677
cw_eot,imgnet_efficientnetb4_FR || imgnet_vit_FR,0.2977777777777777,0.7785771382893685,0.4807993605115908
cw_eot,imgnet_efficientnetb4_FR || imgnet_vit_FS,0.0058724832214765,0.0911270983213429,0.0852546150998664
cw_eot,imgnet_efficientnetb4_FS || imgnet_swin_ALL,0.2247757847533632,0.3203166226912928,0.09554083793792958
cw_eot,imgnet_efficientnetb4_FS || imgnet_swin_EFS,0.011070110701107,0.1240105540897097,0.1129404433886027
cw_eot,imgnet_efficientnetb4_FS || imgnet_swin_FE,0.0032119914346895,0.0696569920844327,0.0664450006497432
cw_eot,imgnet_efficientnetb4_FS || imgnet_swin_FR,0.0467571644042232,0.0058047493403693,-0.0409524150638539
cw_eot,imgnet_efficientnetb4_FS || imgnet_swin_FS,0.543859649122807,0.5656992084432718,0.021839559320464774
cw_eot,imgnet_efficientnetb4_FS || imgnet_vit_ALL,0.0937660999484801,0.1788918205804749,0.08512572063199479
cw_eot,imgnet_efficientnetb4_FS || imgnet_vit_EFS,0.0173611111111111,0.0606860158311345,0.0433249047200234
cw_eot,imgnet_efficientnetb4_FS || imgnet_vit_FE,0.0047169811320754,0.0496042216358839,0.0448872405038085
cw_eot,imgnet_efficientnetb4_FS || imgnet_vit_FR,0.0284444444444444,0.0015831134564643,-0.0268613309879801
cw_eot,imgnet_efficientnetb4_FS || imgnet_vit_FS,0.3414429530201342,0.4110817941952506,0.06963884117511637
cw_eot,imgnet_resnet34_ALL || imgnet_swin_ALL,0.2774663677130045,0.9692307692307692,0.6917644015177647
cw_eot,imgnet_resnet34_ALL || imgnet_swin_EFS,0.0214022140221402,0.8782051282051282,0.856802914182988
cw_eot,imgnet_resnet34_ALL || imgnet_swin_FE,0.0032119914346895,0.6814102564102564,0.6781982649755669
cw_eot,imgnet_resnet34_ALL || imgnet_swin_FR,0.0656108597285067,0.717948717948718,0.6523378582202113
cw_eot,imgnet_resnet34_ALL || imgnet_swin_FS,0.181704260651629,0.833974358974359,0.65227009832273
cw_eot,imgnet_resnet34_ALL || imgnet_vit_ALL,0.1555899021123132,0.9435897435897436,0.7879998414774304
cw_eot,imgnet_resnet34_ALL || imgnet_vit_EFS,0.0194444444444444,0.7474358974358974,0.7279914529914531
cw_eot,imgnet_resnet34_ALL || imgnet_vit_FE,0.0018867924528301,0.3096153846153846,0.30772859216255455
cw_eot,imgnet_resnet34_ALL || imgnet_vit_FR,0.0444444444444444,0.8807692307692307,0.8363247863247864
cw_eot,imgnet_resnet34_ALL || imgnet_vit_FS,0.0411073825503355,0.6205128205128205,0.579405437962485
cw_eot,imgnet_resnet34_EFS || imgnet_swin_ALL,0.1855381165919282,0.8955954323001631,0.7100573157082349
cw_eot,imgnet_resnet34_EFS || imgnet_swin_EFS,0.0494464944649446,0.8703099510603589,0.8208634565954143
cw_eot,imgnet_resnet34_EFS || imgnet_swin_FE,0.0107066381156316,0.3270799347471452,0.3163732966315136
cw_eot,imgnet_resnet34_EFS || imgnet_swin_FR,0.0746606334841629,0.1957585644371941,0.12109793095303122
cw_eot,imgnet_resnet34_EFS || imgnet_swin_FS,0.1240601503759398,0.2153344208809135,0.0912742705049737
cw_eot,imgnet_resnet34_EFS || imgnet_vit_ALL,0.0216383307573415,0.5195758564437194,0.4979375256863779
cw_eot,imgnet_resnet34_EFS || imgnet_vit_EFS,0.0409722222222222,0.697389885807504,0.6564176635852819
cw_eot,imgnet_resnet34_EFS || imgnet_vit_FE,0.0198113207547169,0.265905383360522,0.2460940626058051
cw_eot,imgnet_resnet34_EFS || imgnet_vit_FR,0.024,0.1737357259380098,0.1497357259380098
cw_eot,imgnet_resnet34_EFS || imgnet_vit_FS,0.0285234899328859,0.1500815660685155,0.1215580761356296
cw_eot,imgnet_resnet34_FE || imgnet_swin_ALL,0.0493273542600896,0.029440628066732,-0.0198867261933576
cw_eot,imgnet_resnet34_FE || imgnet_swin_EFS,0.0029520295202952,0.0196270853778213,0.0166750558575261
cw_eot,imgnet_resnet34_FE || imgnet_swin_FE,0.0610278372591006,0.2473012757605495,0.1862734385014489
cw_eot,imgnet_resnet34_FE || imgnet_swin_FR,0.0211161387631975,0.0441609421000981,0.023044803336900597
cw_eot,imgnet_resnet34_FE || imgnet_swin_FS,0.0983709273182957,0.0088321884200196,-0.0895387388982761
cw_eot,imgnet_resnet34_FE || imgnet_vit_ALL,0.0082431736218444,0.0127576054955839,0.0045144318737395
cw_eot,imgnet_resnet34_FE || imgnet_vit_EFS,0.0055555555555555,0.0107948969578017,0.0052393414022462005
cw_eot,imgnet_resnet34_FE || imgnet_vit_FE,0.0537735849056603,0.1383709519136408,0.08459736700798048
cw_eot,imgnet_resnet34_FE || imgnet_vit_FR,0.0062222222222222,0.0029440628066732,-0.0032781594155490003
cw_eot,imgnet_resnet34_FE || imgnet_vit_FS,0.0302013422818791,0.014720314033366,-0.0154810282485131
cw_eot,imgnet_resnet34_FR || imgnet_swin_ALL,0.0538116591928251,0.7158818834796489,0.6620702242868237
cw_eot,imgnet_resnet34_FR || imgnet_swin_EFS,0.0059040590405904,0.203511572226656,0.1976075131860656
cw_eot,imgnet_resnet34_FR || imgnet_swin_FE,0.0,0.0662410215482841,0.0662410215482841
cw_eot,imgnet_resnet34_FR || imgnet_swin_FR,0.0648567119155354,0.8244213886671987,0.7595646767516633
cw_eot,imgnet_resnet34_FR || imgnet_swin_FS,0.0025062656641604,0.1245011971268954,0.121994931462735
cw_eot,imgnet_resnet34_FR || imgnet_vit_ALL,0.0309119010819165,0.2928970470869912,0.2619851460050747
cw_eot,imgnet_resnet34_FR || imgnet_vit_EFS,0.00625,0.0582601755786113,0.052010175578611303
cw_eot,imgnet_resnet34_FR || imgnet_vit_FE,0.0,0.0071827613727055,0.0071827613727055
cw_eot,imgnet_resnet34_FR || imgnet_vit_FR,0.1475555555555555,0.5738228252194733,0.42626726966391776
cw_eot,imgnet_resnet34_FR || imgnet_vit_FS,0.0008389261744966,0.0247406225059856,0.023901696331489
cw_eot,imgnet_resnet34_FS || imgnet_swin_ALL,0.1552690582959641,0.7599255583126551,0.604656500016691
cw_eot,imgnet_resnet34_FS || imgnet_swin_EFS,0.0014760147601476,0.3629032258064516,0.36142721104630404
cw_eot,imgnet_resnet34_FS || imgnet_swin_FE,0.0010706638115631,0.1575682382133995,0.1564975744018364
cw_eot,imgnet_resnet34_FS || imgnet_swin_FR,0.0414781297134238,0.0291563275434243,-0.0123218021699995
cw_eot,imgnet_resnet34_FS || imgnet_swin_FS,0.4442355889724311,0.8182382133995038,0.37400262442707266
cw_eot,imgnet_resnet34_FS || imgnet_vit_ALL,0.0494590417310664,0.7301488833746899,0.6806898416436235
cw_eot,imgnet_resnet34_FS || imgnet_vit_EFS,0.0034722222222222,0.194789081885856,0.1913168596636338
cw_eot,imgnet_resnet34_FS || imgnet_vit_FE,0.0018867924528301,0.1110421836228287,0.10915539116999859
cw_eot,imgnet_resnet34_FS || imgnet_vit_FR,0.016,0.0378411910669975,0.0218411910669975
cw_eot,imgnet_resnet34_FS || imgnet_vit_FS,0.2265100671140939,0.6916873449131513,0.4651772777990574
cw_eot,imgnet_swin_ALL || imgnet_xception_ALL,0.2752242152466367,0.998898678414097,0.7236744631674603
cw_eot,imgnet_swin_ALL || imgnet_xception_EFS,0.1468609865470852,0.8509852216748769,0.7041242351277917
cw_eot,imgnet_swin_ALL || imgnet_xception_FE,0.0330717488789237,0.0368975903614457,0.003825841482521998
cw_eot,imgnet_swin_ALL || imgnet_xception_FR,0.0784753363228699,0.2242760320394331,0.1458006957165632
cw_eot,imgnet_swin_ALL || imgnet_xception_FS,0.1894618834080717,0.9452595936794582,0.7557977102713865
cw_eot,imgnet_swin_EFS || imgnet_xception_ALL,0.0228782287822878,0.9102422907488988,0.887364061966611
cw_eot,imgnet_swin_EFS || imgnet_xception_EFS,0.2708487084870848,0.8189655172413793,0.5481168087542945
cw_eot,imgnet_swin_EFS || imgnet_xception_FE,0.0154981549815498,0.0451807228915662,0.029682567910016402
cw_eot,imgnet_swin_EFS || imgnet_xception_FR,0.0088560885608856,0.1318545902649414,0.1229985017040558
cw_eot,imgnet_swin_EFS || imgnet_xception_FS,0.014760147601476,0.6630925507900677,0.6483324031885916
cw_eot,imgnet_swin_FE || imgnet_xception_ALL,0.0214132762312633,0.6024229074889867,0.5810096312577234
cw_eot,imgnet_swin_FE || imgnet_xception_EFS,0.0160599571734475,0.0991379310344827,0.08307797386103521
cw_eot,imgnet_swin_FE || imgnet_xception_FE,0.0781584582441113,0.279367469879518,0.2012090116354067
cw_eot,imgnet_swin_FE || imgnet_xception_FR,0.0074946466809421,0.0388170055452865,0.031322358864344396
cw_eot,imgnet_swin_FE || imgnet_xception_FS,0.0224839400428265,0.368510158013544,0.3460262179707175
cw_eot,imgnet_swin_FR || imgnet_xception_ALL,0.2413273001508295,0.9620044052863436,0.7206771051355141
cw_eot,imgnet_swin_FR || imgnet_xception_EFS,0.0693815987933635,0.458743842364532,0.38936224357116844
cw_eot,imgnet_swin_FR || imgnet_xception_FE,0.0263951734539969,0.0760542168674698,0.049659043413472895
cw_eot,imgnet_swin_FR || imgnet_xception_FR,0.1508295625942684,0.410351201478743,0.25952163888447455
cw_eot,imgnet_swin_FR || imgnet_xception_FS,0.0844645550527903,0.5445823927765236,0.4601178377237334
cw_eot,imgnet_swin_FS || imgnet_xception_ALL,0.3646616541353383,0.8645374449339207,0.4998757907985824
cw_eot,imgnet_swin_FS || imgnet_xception_EFS,0.0701754385964912,0.1219211822660098,0.051745743669518604
cw_eot,imgnet_swin_FS || imgnet_xception_FE,0.0507518796992481,0.0248493975903614,-0.025902482108886696
cw_eot,imgnet_swin_FS || imgnet_xception_FR,0.031328320802005,0.0782501540357362,0.0469218332337312
cw_eot,imgnet_swin_FS || imgnet_xception_FS,0.3402255639097744,0.8036117381489842,0.46338617423920986
cw_eot,imgnet_vit_ALL || imgnet_xception_ALL,0.0613086038124678,0.998898678414097,0.9375900746016291
cw_eot,imgnet_vit_ALL || imgnet_xception_EFS,0.0242143225141679,0.3392857142857143,0.3150713917715464
cw_eot,imgnet_vit_ALL || imgnet_xception_FE,0.0072127769191138,0.0225903614457831,0.015377584526669302
cw_eot,imgnet_vit_ALL || imgnet_xception_FR,0.0139103554868624,0.0770178681454097,0.0631075126585473
cw_eot,imgnet_vit_ALL || imgnet_xception_FS,0.0329726944873776,0.8064334085778782,0.7734607140905005
cw_eot,imgnet_vit_EFS || imgnet_xception_ALL,0.0236111111111111,0.8034140969162996,0.7798029858051885
cw_eot,imgnet_vit_EFS || imgnet_xception_EFS,0.1569444444444444,0.3928571428571428,0.2359126984126984
cw_eot,imgnet_vit_EFS || imgnet_xception_FE,0.0423611111111111,0.0278614457831325,-0.014499665327978601
cw_eot,imgnet_vit_EFS || imgnet_xception_FR,0.0347222222222222,0.1312384473197781,0.09651622509755589
cw_eot,imgnet_vit_EFS || imgnet_xception_FS,0.0319444444444444,0.4384875846501129,0.4065431402056685
cw_eot,imgnet_vit_FE || imgnet_xception_ALL,0.0235849056603773,0.4063876651982379,0.3828027595378606
cw_eot,imgnet_vit_FE || imgnet_xception_EFS,0.0188679245283018,0.0320197044334975,0.013151779905195699
cw_eot,imgnet_vit_FE || imgnet_xception_FE,0.1047169811320754,0.1566265060240964,0.05190952489202098
cw_eot,imgnet_vit_FE || imgnet_xception_FR,0.0056603773584905,0.0351201478743068,0.0294597705158163
cw_eot,imgnet_vit_FE || imgnet_xception_FS,0.0169811320754716,0.2291196388261851,0.2121385067507135
cw_eot,imgnet_vit_FR || imgnet_xception_ALL,0.0853333333333333,0.9559471365638766,0.8706138032305434
cw_eot,imgnet_vit_FR || imgnet_xception_EFS,0.032,0.0991379310344827,0.0671379310344827
cw_eot,imgnet_vit_FR || imgnet_xception_FE,0.008,0.0052710843373493,-0.0027289156626507
cw_eot,imgnet_vit_FR || imgnet_xception_FR,0.1022222222222222,0.3980283425754775,0.29580612035325526
cw_eot,imgnet_vit_FR || imgnet_xception_FS,0.0355555555555555,0.1749435665914221,0.1393880110358666
cw_eot,imgnet_vit_FS || imgnet_xception_ALL,0.1451342281879194,0.6690528634361234,0.5239186352482039
cw_eot,imgnet_vit_FS || imgnet_xception_EFS,0.0209731543624161,0.0615763546798029,0.0406032003173868
cw_eot,imgnet_vit_FS || imgnet_xception_FE,0.0226510067114093,0.019578313253012,-0.0030726934583973006
cw_eot,imgnet_vit_FS || imgnet_xception_FR,0.0142617449664429,0.0517560073937153,0.037494262427272405
cw_eot,imgnet_vit_FS || imgnet_xception_FS,0.1728187919463087,0.6427765237020316,0.469957731755723
