attack_type,model_pair,mean_true,mean_false,diff
aa,fr_deit_ALL || fr_deit_EFS,0.6466809421841542,0.4875621890547263,0.15911875312942786
aa,fr_deit_ALL || fr_deit_FE,0.3735875706214689,0.5088841506751954,-0.13529658005372652
aa,fr_deit_ALL || fr_deit_FR,0.3401162790697674,0.5174129353233831,-0.17729665625361568
aa,fr_deit_ALL || fr_deit_FS,0.7237237237237237,0.4982231698649609,0.22550055385876283
aa,fr_deit_ALL || fr_efficientnetb4_EFS,0.0,0.0170575692963752,-0.0170575692963752
aa,fr_deit_ALL || fr_efficientnetb4_FE,0.0,0.0156361051883439,-0.0156361051883439
aa,fr_deit_ALL || fr_efficientnetb4_FR,0.0,0.0120824449182658,-0.0120824449182658
aa,fr_deit_ALL || fr_efficientnetb4_FS,0.0,0.1023454157782516,-0.1023454157782516
aa,fr_deit_ALL || fr_resnet34_EFS,0.0,0.0262970859985785,-0.0262970859985785
aa,fr_deit_ALL || fr_resnet34_FE,0.0050107372942018,0.0469083155650319,-0.0418975782708301
aa,fr_deit_ALL || fr_resnet34_FR,0.0,0.0739161336176261,-0.0739161336176261
aa,fr_deit_ALL || fr_resnet34_FS,0.0,0.0511727078891258,-0.0511727078891258
aa,fr_deit_ALL || fr_swin_EFS,0.0145175064047822,0.0248756218905472,-0.010358115485764999
aa,fr_deit_ALL || fr_swin_FE,0.4043433298862461,0.005685856432125,0.3986574734541211
aa,fr_deit_ALL || fr_swin_FR,0.0111788617886178,0.0170575692963752,-0.005878707507757401
aa,fr_deit_ALL || fr_swin_FS,0.0502692998204667,0.0078180525941719,0.0424512472262948
aa,fr_deit_ALL || fr_vit_EFS,0.2535885167464115,0.1009239516702203,0.1526645650761912
aa,fr_deit_ALL || fr_vit_FE,0.261574074074074,0.1478322672352523,0.11374180683882171
aa,fr_deit_ALL || fr_vit_FR,0.3566621803499327,0.0618336886993603,0.2948284916505724
aa,fr_deit_ALL || fr_vit_FS,0.093841642228739,0.1243781094527363,-0.03053646722399729
aa,fr_deit_ALL || fr_xception_EFS,0.0,0.1158493248045486,-0.1158493248045486
aa,fr_deit_ALL || fr_xception_FE,0.0,0.0561478322672352,-0.0561478322672352
aa,fr_deit_ALL || fr_xception_FR,0.0,0.0184790334044065,-0.0184790334044065
aa,fr_deit_ALL || fr_xception_FS,0.0,0.0902629708599857,-0.0902629708599857
aa,fr_deit_ALL || imgnet_deit_EFS,0.00078125,0.0497512437810945,-0.048969993781094505
aa,fr_deit_ALL || imgnet_deit_FE,0.0072727272727272,0.0440653873489694,-0.0367926600762422
aa,fr_deit_ALL || imgnet_deit_FR,0.0,0.0412224591329069,-0.0412224591329069
aa,fr_deit_ALL || imgnet_deit_FS,0.0007627765064836,0.0689410092395167,-0.0681782327330331
aa,fr_deit_ALL || imgnet_efficientnetb4_EFS,0.004118050789293,0.021321961620469,-0.017203910831176
aa,fr_deit_ALL || imgnet_efficientnetb4_FE,0.0098939929328621,0.0241648898365316,-0.014270896903669499
aa,fr_deit_ALL || imgnet_efficientnetb4_FR,0.0,0.0142146410803127,-0.0142146410803127
aa,fr_deit_ALL || imgnet_efficientnetb4_FS,0.0,0.0326936744847192,-0.0326936744847192
aa,fr_deit_ALL || imgnet_resnet34_EFS,0.0008156606851549,0.0262970859985785,-0.025481425313423598
aa,fr_deit_ALL || imgnet_resnet34_FE,0.0,0.0113717128642501,-0.0113717128642501
aa,fr_deit_ALL || imgnet_resnet34_FR,0.0,0.0170575692963752,-0.0170575692963752
aa,fr_deit_ALL || imgnet_resnet34_FS,0.0012406947890818,0.0298507462686567,-0.028610051479574898
aa,fr_deit_ALL || imgnet_swin_EFS,0.0,0.0234541577825159,-0.0234541577825159
aa,fr_deit_ALL || imgnet_swin_FE,0.0,0.0170575692963752,-0.0170575692963752
aa,fr_deit_ALL || imgnet_swin_FR,0.0,0.0440653873489694,-0.0440653873489694
aa,fr_deit_ALL || imgnet_swin_FS,0.0025062656641604,0.0255863539445629,-0.0230800882804025
aa,fr_deit_ALL || imgnet_vit_EFS,0.0,0.052594171997157,-0.052594171997157
aa,fr_deit_ALL || imgnet_vit_FE,0.001885014137606,0.0398009950248756,-0.0379159808872696
aa,fr_deit_ALL || imgnet_vit_FR,0.0,0.0376687988628287,-0.0376687988628287
aa,fr_deit_ALL || imgnet_vit_FS,0.0,0.0632551528073916,-0.0632551528073916
aa,fr_deit_ALL || imgnet_xception_EFS,0.0024615384615384,0.0099502487562189,-0.0074887102946805
aa,fr_deit_ALL || imgnet_xception_FE,0.0007535795026375,0.0092395167022032,-0.0084859371995657
aa,fr_deit_ALL || imgnet_xception_FR,0.0086206896551724,0.0120824449182658,-0.0034617552630934
aa,fr_deit_ALL || imgnet_xception_FS,0.0129796839729119,0.0106609808102345,0.0023187031626773994
aa,fr_deit_EFS || fr_efficientnetb4_ALL,0.0342612419700214,0.0008230452674897,0.0334381967025317
aa,fr_deit_EFS || fr_resnet34_ALL,0.0663811563169164,0.0007581501137225,0.0656230062031939
aa,fr_deit_EFS || fr_swin_ALL,0.032119914346895,0.0125832716506291,0.0195366426962659
aa,fr_deit_EFS || fr_vit_ALL,0.2301927194860813,0.0248545742993125,0.2053381451867688
aa,fr_deit_EFS || fr_xception_ALL,0.0149892933618843,0.0,0.0149892933618843
aa,fr_deit_EFS || imgnet_deit_ALL,0.0685224839400428,0.0,0.0685224839400428
aa,fr_deit_EFS || imgnet_efficientnetb4_ALL,0.0396145610278372,0.0037115588547189,0.0359030021731183
aa,fr_deit_EFS || imgnet_resnet34_ALL,0.0546038543897216,0.016025641025641,0.0385782133640806
aa,fr_deit_EFS || imgnet_swin_ALL,0.0610278372591006,0.0,0.0610278372591006
aa,fr_deit_EFS || imgnet_vit_ALL,0.0749464668094218,0.0,0.0749464668094218
aa,fr_deit_EFS || imgnet_xception_ALL,0.0149892933618843,0.0198128783709411,-0.0048235850090568005
aa,fr_deit_FE || fr_efficientnetb4_ALL,0.0282485875706214,0.0008230452674897,0.0274255423031317
aa,fr_deit_FE || fr_resnet34_ALL,0.0621468926553672,0.0,0.0621468926553672
aa,fr_deit_FE || fr_swin_ALL,0.0374293785310734,0.005921539600296,0.031507838930777396
aa,fr_deit_FE || fr_vit_ALL,0.1278248587570621,0.0703331570597567,0.057491701697305386
aa,fr_deit_FE || fr_xception_ALL,0.0508474576271186,0.0,0.0508474576271186
aa,fr_deit_FE || imgnet_deit_ALL,0.0741525423728813,0.0,0.0741525423728813
aa,fr_deit_FE || imgnet_efficientnetb4_ALL,0.0338983050847457,0.0106044538706256,0.0232938512141201
aa,fr_deit_FE || imgnet_resnet34_ALL,0.0296610169491525,0.041025641025641,-0.011364624076488496
aa,fr_deit_FE || imgnet_swin_ALL,0.0430790960451977,0.0,0.0430790960451977
aa,fr_deit_FE || imgnet_vit_ALL,0.0727401129943502,0.0,0.0727401129943502
aa,fr_deit_FE || imgnet_xception_ALL,0.0091807909604519,0.0203632361034672,-0.0111824451430153
aa,fr_deit_FR || fr_efficientnetb4_ALL,0.0968992248062015,0.0008230452674897,0.0960761795387118
aa,fr_deit_FR || fr_resnet34_ALL,0.0978682170542635,0.0,0.0978682170542635
aa,fr_deit_FR || fr_swin_ALL,0.0310077519379844,0.00740192450037,0.0236058274376144
aa,fr_deit_FR || fr_vit_ALL,0.0581395348837209,0.0428344791115811,0.015305055772139801
aa,fr_deit_FR || fr_xception_ALL,0.1114341085271317,0.0,0.1114341085271317
aa,fr_deit_FR || imgnet_deit_ALL,0.1308139534883721,0.0006045949214026,0.1302093585669695
aa,fr_deit_FR || imgnet_efficientnetb4_ALL,0.0503875968992248,0.0090137857900318,0.041373811109193
aa,fr_deit_FR || imgnet_resnet34_ALL,0.0562015503875969,0.0506410256410256,0.005560524746571302
aa,fr_deit_FR || imgnet_swin_ALL,0.0474806201550387,0.0005605381165919,0.046920082038446796
aa,fr_deit_FR || imgnet_vit_ALL,0.0755813953488372,0.0,0.0755813953488372
aa,fr_deit_FR || imgnet_xception_ALL,0.0242248062015503,0.0291689598238855,-0.0049441536223352005
aa,fr_deit_FS || fr_efficientnetb4_ALL,0.1111111111111111,0.0008230452674897,0.1102880658436214
aa,fr_deit_FS || fr_resnet34_ALL,0.1541541541541541,0.0007581501137225,0.1533960040404316
aa,fr_deit_FS || fr_swin_ALL,0.085085085085085,0.0199851961509992,0.0650998889340858
aa,fr_deit_FS || fr_vit_ALL,0.2342342342342342,0.0253833950290851,0.2088508392051491
aa,fr_deit_FS || fr_xception_ALL,0.067067067067067,0.0,0.067067067067067
aa,fr_deit_FS || imgnet_deit_ALL,0.1941941941941942,0.0006045949214026,0.1935895992727916
aa,fr_deit_FS || imgnet_efficientnetb4_ALL,0.1071071071071071,0.0058324496288441,0.10127465747826299
aa,fr_deit_FS || imgnet_resnet34_ALL,0.072072072072072,0.0326923076923076,0.039379764379764405
aa,fr_deit_FS || imgnet_swin_ALL,0.1221221221221221,0.0011210762331838,0.1210010458889383
aa,fr_deit_FS || imgnet_vit_ALL,0.1811811811811811,0.0,0.1811811811811811
aa,fr_deit_FS || imgnet_xception_ALL,0.046046046046046,0.0253164556962025,0.0207295903498435
aa,fr_efficientnetb4_ALL || fr_efficientnetb4_EFS,0.0895170789163722,0.3111111111111111,-0.22159403219473892
aa,fr_efficientnetb4_ALL || fr_efficientnetb4_FE,0.0441176470588235,0.1522633744855967,-0.10814572742677321
aa,fr_efficientnetb4_ALL || fr_efficientnetb4_FR,0.7541984732824427,0.037037037037037,0.7171614362454057
aa,fr_efficientnetb4_ALL || fr_efficientnetb4_FS,0.0298507462686567,0.3506172839506173,-0.3207665376819606
aa,fr_efficientnetb4_ALL || fr_resnet34_EFS,0.0,0.0559670781893004,-0.0559670781893004
aa,fr_efficientnetb4_ALL || fr_resnet34_FE,0.0078740157480314,0.0238683127572016,-0.015994297009170197
aa,fr_efficientnetb4_ALL || fr_resnet34_FR,0.0,0.442798353909465,-0.442798353909465
aa,fr_efficientnetb4_ALL || fr_resnet34_FS,0.0,0.339917695473251,-0.339917695473251
aa,fr_efficientnetb4_ALL || fr_swin_EFS,0.0025619128949615,0.0008230452674897,0.0017388676274717998
aa,fr_efficientnetb4_ALL || fr_swin_FE,0.1509824198552223,0.0,0.1509824198552223
aa,fr_efficientnetb4_ALL || fr_swin_FR,0.0060975609756097,0.0008230452674897,0.00527451570812
aa,fr_efficientnetb4_ALL || fr_swin_FS,0.0107719928186714,0.0,0.0107719928186714
aa,fr_efficientnetb4_ALL || fr_vit_EFS,0.0574162679425837,0.0008230452674897,0.056593222675094
aa,fr_efficientnetb4_ALL || fr_vit_FE,0.044753086419753,0.0008230452674897,0.0439300411522633
aa,fr_efficientnetb4_ALL || fr_vit_FR,0.1641991924629879,0.0008230452674897,0.1633761471954982
aa,fr_efficientnetb4_ALL || fr_vit_FS,0.0187683284457478,0.0008230452674897,0.017945283178258102
aa,fr_efficientnetb4_ALL || fr_xception_EFS,0.0,0.1094650205761317,-0.1094650205761317
aa,fr_efficientnetb4_ALL || fr_xception_FE,0.0,0.0386831275720164,-0.0386831275720164
aa,fr_efficientnetb4_ALL || fr_xception_FR,0.0061782877316857,0.5037037037037037,-0.49752541597201794
aa,fr_efficientnetb4_ALL || fr_xception_FS,0.0017301038062283,0.4806584362139918,-0.4789283324077635
aa,fr_efficientnetb4_ALL || imgnet_deit_EFS,0.0,0.0008230452674897,-0.0008230452674897
aa,fr_efficientnetb4_ALL || imgnet_deit_FE,0.0,0.0008230452674897,-0.0008230452674897
aa,fr_efficientnetb4_ALL || imgnet_deit_FR,0.0,0.0008230452674897,-0.0008230452674897
aa,fr_efficientnetb4_ALL || imgnet_deit_FS,0.0,0.0008230452674897,-0.0008230452674897
aa,fr_efficientnetb4_ALL || imgnet_efficientnetb4_EFS,0.002745367192862,0.0008230452674897,0.0019223219253723001
aa,fr_efficientnetb4_ALL || imgnet_efficientnetb4_FE,0.0056537102473498,0.0008230452674897,0.0048306649798600994
aa,fr_efficientnetb4_ALL || imgnet_efficientnetb4_FR,0.0,0.0008230452674897,-0.0008230452674897
aa,fr_efficientnetb4_ALL || imgnet_efficientnetb4_FS,0.0,0.0008230452674897,-0.0008230452674897
aa,fr_efficientnetb4_ALL || imgnet_resnet34_EFS,0.0,0.0008230452674897,-0.0008230452674897
aa,fr_efficientnetb4_ALL || imgnet_resnet34_FE,0.0,0.0008230452674897,-0.0008230452674897
aa,fr_efficientnetb4_ALL || imgnet_resnet34_FR,0.0,0.0008230452674897,-0.0008230452674897
aa,fr_efficientnetb4_ALL || imgnet_resnet34_FS,0.0018610421836228,0.0008230452674897,0.0010379969161331
aa,fr_efficientnetb4_ALL || imgnet_swin_EFS,0.0,0.0008230452674897,-0.0008230452674897
aa,fr_efficientnetb4_ALL || imgnet_swin_FE,0.0,0.0008230452674897,-0.0008230452674897
aa,fr_efficientnetb4_ALL || imgnet_swin_FR,0.0,0.0016460905349794,-0.0016460905349794
aa,fr_efficientnetb4_ALL || imgnet_swin_FS,0.0,0.0008230452674897,-0.0008230452674897
aa,fr_efficientnetb4_ALL || imgnet_vit_EFS,0.0,0.0008230452674897,-0.0008230452674897
aa,fr_efficientnetb4_ALL || imgnet_vit_FE,0.000942507068803,0.0,0.000942507068803
aa,fr_efficientnetb4_ALL || imgnet_vit_FR,0.0,0.0008230452674897,-0.0008230452674897
aa,fr_efficientnetb4_ALL || imgnet_vit_FS,0.0016778523489932,0.0008230452674897,0.0008548070815035001
aa,fr_efficientnetb4_ALL || imgnet_xception_EFS,0.003076923076923,0.0016460905349794,0.0014308325419436002
aa,fr_efficientnetb4_ALL || imgnet_xception_FE,0.0007535795026375,0.0016460905349794,-0.0008925110323419
aa,fr_efficientnetb4_ALL || imgnet_xception_FR,0.0086206896551724,0.0041152263374485,0.0045054633177239
aa,fr_efficientnetb4_ALL || imgnet_xception_FS,0.0163656884875846,0.0016460905349794,0.0147195979526052
aa,fr_efficientnetb4_EFS || fr_resnet34_ALL,0.1896348645465253,0.0947687642153146,0.0948661003312107
aa,fr_efficientnetb4_EFS || fr_swin_ALL,0.0023557126030624,0.0,0.0023557126030624
aa,fr_efficientnetb4_EFS || fr_vit_ALL,0.0082449941107184,0.002644103648863,0.0056008904618554
aa,fr_efficientnetb4_EFS || fr_xception_ALL,0.0164899882214369,0.0,0.0164899882214369
aa,fr_efficientnetb4_EFS || imgnet_deit_ALL,0.0106007067137809,0.0096735187424425,0.0009271879713383998
aa,fr_efficientnetb4_EFS || imgnet_efficientnetb4_ALL,0.0106007067137809,0.0058324496288441,0.0047682570849368
aa,fr_efficientnetb4_EFS || imgnet_resnet34_ALL,0.0176678445229682,0.0775641025641025,-0.0598962580411343
aa,fr_efficientnetb4_EFS || imgnet_swin_ALL,0.0035335689045936,0.0,0.0035335689045936
aa,fr_efficientnetb4_EFS || imgnet_vit_ALL,0.0011778563015312,0.0030911901081916,-0.0019133338066603999
aa,fr_efficientnetb4_EFS || imgnet_xception_ALL,0.0023557126030624,0.1309851403412218,-0.1286294277381594
aa,fr_efficientnetb4_FE || fr_resnet34_ALL,0.2602941176470588,0.0212282031842304,0.23906591446282838
aa,fr_efficientnetb4_FE || fr_swin_ALL,0.0,0.000740192450037,-0.000740192450037
aa,fr_efficientnetb4_FE || fr_vit_ALL,0.0029411764705882,0.0021152829190904,0.0008258935514978
aa,fr_efficientnetb4_FE || fr_xception_ALL,0.0102941176470588,0.0447321954090641,-0.0344380777620053
aa,fr_efficientnetb4_FE || imgnet_deit_ALL,0.0014705882352941,0.0133010882708585,-0.0118305000355644
aa,fr_efficientnetb4_FE || imgnet_efficientnetb4_ALL,0.0029411764705882,0.0031813361611876,-0.00024015969059939992
aa,fr_efficientnetb4_FE || imgnet_resnet34_ALL,0.0029411764705882,0.0358974358974358,-0.0329562594268476
aa,fr_efficientnetb4_FE || imgnet_swin_ALL,0.0,0.0,0.0
aa,fr_efficientnetb4_FE || imgnet_vit_ALL,0.0014705882352941,0.0010303967027305,0.00044019153256360014
aa,fr_efficientnetb4_FE || imgnet_xception_ALL,0.0014705882352941,0.0990643918547055,-0.0975938036194114
aa,fr_efficientnetb4_FR || fr_resnet34_ALL,0.6152671755725191,0.0,0.6152671755725191
aa,fr_efficientnetb4_FR || fr_swin_ALL,0.0045801526717557,0.0,0.0045801526717557
aa,fr_efficientnetb4_FR || fr_vit_ALL,0.0015267175572519,0.005288207297726,-0.0037614897404741
aa,fr_efficientnetb4_FR || fr_xception_ALL,0.5267175572519084,0.0,0.5267175572519084
aa,fr_efficientnetb4_FR || imgnet_deit_ALL,0.0045801526717557,0.0,0.0045801526717557
aa,fr_efficientnetb4_FR || imgnet_efficientnetb4_ALL,0.0091603053435114,0.0090137857900318,0.00014651955347960016
aa,fr_efficientnetb4_FR || imgnet_resnet34_ALL,0.0030534351145038,0.025,-0.021946564885496202
aa,fr_efficientnetb4_FR || imgnet_swin_ALL,0.0015267175572519,0.0,0.0015267175572519
aa,fr_efficientnetb4_FR || imgnet_vit_ALL,0.0106870229007633,0.0,0.0106870229007633
aa,fr_efficientnetb4_FR || imgnet_xception_ALL,0.0061068702290076,0.0434782608695652,-0.037371390640557604
aa,fr_efficientnetb4_FS || fr_resnet34_ALL,0.4438676184295911,0.0295678544351781,0.414299763994413
aa,fr_efficientnetb4_FS || fr_swin_ALL,0.0,0.005921539600296,-0.005921539600296
aa,fr_efficientnetb4_FS || fr_vit_ALL,0.0012978585334198,0.0153358011634056,-0.014037942629985799
aa,fr_efficientnetb4_FS || fr_xception_ALL,0.0123296560674886,0.0005885815185403,0.011741074548948299
aa,fr_efficientnetb4_FS || imgnet_deit_ALL,0.0,0.0018137847642079,-0.0018137847642079
aa,fr_efficientnetb4_FS || imgnet_efficientnetb4_ALL,0.0019467878001297,0.0047720042417815,-0.0028252164416518
aa,fr_efficientnetb4_FS || imgnet_resnet34_ALL,0.0006489292667099,0.0352564102564102,-0.034607480989700304
aa,fr_efficientnetb4_FS || imgnet_swin_ALL,0.0,0.0,0.0
aa,fr_efficientnetb4_FS || imgnet_vit_ALL,0.0,0.0005151983513652,-0.0005151983513652
aa,fr_efficientnetb4_FS || imgnet_xception_ALL,0.0,0.1221794166208035,-0.1221794166208035
aa,fr_resnet34_ALL || fr_resnet34_EFS,0.8653295128939829,0.4488248673237301,0.41650464557025274
aa,fr_resnet34_ALL || fr_resnet34_FE,0.7000715819613458,0.2501895375284306,0.4498820444329152
aa,fr_resnet34_ALL || fr_resnet34_FR,0.73557278208441,0.6482183472327521,0.08735443485165795
aa,fr_resnet34_ALL || fr_resnet34_FS,0.7461607949412827,0.576194086429113,0.16996670851216977
aa,fr_resnet34_ALL || fr_swin_EFS,0.0256191289496157,0.0,0.0256191289496157
aa,fr_resnet34_ALL || fr_swin_FE,0.2916235780765253,0.0,0.2916235780765253
aa,fr_resnet34_ALL || fr_swin_FR,0.1036585365853658,0.0,0.1036585365853658
aa,fr_resnet34_ALL || fr_swin_FS,0.0754039497307001,0.0,0.0754039497307001
aa,fr_resnet34_ALL || fr_vit_EFS,0.0966507177033492,0.0,0.0966507177033492
aa,fr_resnet34_ALL || fr_vit_FE,0.0841049382716049,0.0,0.0841049382716049
aa,fr_resnet34_ALL || fr_vit_FR,0.2261103633916554,0.0,0.2261103633916554
aa,fr_resnet34_ALL || fr_vit_FS,0.0422287390029325,0.0,0.0422287390029325
aa,fr_resnet34_ALL || fr_xception_EFS,0.1865546218487395,0.3047763457164518,-0.11822172386771229
aa,fr_resnet34_ALL || fr_xception_FE,0.2703984819734345,0.1402577710386656,0.13014071093476892
aa,fr_resnet34_ALL || fr_xception_FR,0.7025595763459841,0.3752843062926459,0.3272752700533382
aa,fr_resnet34_ALL || fr_xception_FS,0.7413494809688581,0.5261561789234268,0.2151933020454313
aa,fr_resnet34_ALL || imgnet_deit_EFS,0.046875,0.001516300227445,0.045358699772555
aa,fr_resnet34_ALL || imgnet_deit_FE,0.1172727272727272,0.0053070507960576,0.11196567647666959
aa,fr_resnet34_ALL || imgnet_deit_FR,0.2440677966101695,0.0007581501137225,0.243309646496447
aa,fr_resnet34_ALL || imgnet_deit_FS,0.110602593440122,0.0037907505686125,0.1068118428715095
aa,fr_resnet34_ALL || imgnet_efficientnetb4_EFS,0.1969800960878517,0.0007581501137225,0.1962219459741292
aa,fr_resnet34_ALL || imgnet_efficientnetb4_FE,0.0798586572438162,0.0,0.0798586572438162
aa,fr_resnet34_ALL || imgnet_efficientnetb4_FR,0.2925659472422062,0.0,0.2925659472422062
aa,fr_resnet34_ALL || imgnet_efficientnetb4_FS,0.0116094986807387,0.0022744503411675,0.009335048339571201
aa,fr_resnet34_ALL || imgnet_resnet34_EFS,0.2618270799347471,0.0007581501137225,0.2610689298210246
aa,fr_resnet34_ALL || imgnet_resnet34_FE,0.0324165029469548,0.0,0.0324165029469548
aa,fr_resnet34_ALL || imgnet_resnet34_FR,0.4282296650717703,0.0,0.4282296650717703
aa,fr_resnet34_ALL || imgnet_resnet34_FS,0.336848635235732,0.0,0.336848635235732
aa,fr_resnet34_ALL || imgnet_swin_EFS,0.1638376383763837,0.0,0.1638376383763837
aa,fr_resnet34_ALL || imgnet_swin_FE,0.0117773019271948,0.0,0.0117773019271948
aa,fr_resnet34_ALL || imgnet_swin_FR,0.0535444947209653,0.0,0.0535444947209653
aa,fr_resnet34_ALL || imgnet_swin_FS,0.2807017543859649,0.0,0.2807017543859649
aa,fr_resnet34_ALL || imgnet_vit_EFS,0.0541666666666666,0.00303260045489,0.0511340662117766
aa,fr_resnet34_ALL || imgnet_vit_FE,0.0471253534401508,0.0045489006823351,0.0425764527578157
aa,fr_resnet34_ALL || imgnet_vit_FR,0.0984915705412599,0.0,0.0984915705412599
aa,fr_resnet34_ALL || imgnet_vit_FS,0.3154362416107382,0.0007581501137225,0.3146780914970157
aa,fr_resnet34_ALL || imgnet_xception_EFS,0.344,0.0,0.344
aa,fr_resnet34_ALL || imgnet_xception_FE,0.0150715900527505,0.0,0.0150715900527505
aa,fr_resnet34_ALL || imgnet_xception_FR,0.0338669950738916,0.0,0.0338669950738916
aa,fr_resnet34_ALL || imgnet_xception_FS,0.4943566591422121,0.0,0.4943566591422121
aa,fr_resnet34_EFS || fr_swin_ALL,0.0,0.0192450037009622,-0.0192450037009622
aa,fr_resnet34_EFS || fr_vit_ALL,0.0,0.0037017451084082,-0.0037017451084082
aa,fr_resnet34_EFS || fr_xception_ALL,0.0,0.174220129487934,-0.174220129487934
aa,fr_resnet34_EFS || imgnet_deit_ALL,0.0,0.0743651753325272,-0.0743651753325272
aa,fr_resnet34_EFS || imgnet_efficientnetb4_ALL,0.0,0.0238600212089077,-0.0238600212089077
aa,fr_resnet34_EFS || imgnet_resnet34_ALL,0.0014326647564469,0.25,-0.2485673352435531
aa,fr_resnet34_EFS || imgnet_swin_ALL,0.0,0.0106502242152466,-0.0106502242152466
aa,fr_resnet34_EFS || imgnet_vit_ALL,0.0,0.0175167439464193,-0.0175167439464193
aa,fr_resnet34_EFS || imgnet_xception_ALL,0.0,0.1750137589433131,-0.1750137589433131
aa,fr_resnet34_FE || fr_swin_ALL,0.0042949176807444,0.002220577350111,0.0020743403306333996
aa,fr_resnet34_FE || fr_vit_ALL,0.0064423765211166,0.005288207297726,0.0011541692233906003
aa,fr_resnet34_FE || fr_xception_ALL,0.0944881889763779,0.1324308416715715,-0.03794265269519359
aa,fr_resnet34_FE || imgnet_deit_ALL,0.007158196134574,0.1178960096735187,-0.1107378135389447
aa,fr_resnet34_FE || imgnet_efficientnetb4_ALL,0.007158196134574,0.0296924708377518,-0.0225342747031778
aa,fr_resnet34_FE || imgnet_resnet34_ALL,0.0093056549749463,0.3051282051282051,-0.2958225501532588
aa,fr_resnet34_FE || imgnet_swin_ALL,0.0014316392269148,0.0033632286995515,-0.0019315894726366998
aa,fr_resnet34_FE || imgnet_vit_ALL,0.003579098067287,0.0097887686759402,-0.0062096706086531995
aa,fr_resnet34_FE || imgnet_xception_ALL,0.0021474588403722,0.4413869014859659,-0.43923944264559367
aa,fr_resnet34_FR || fr_swin_ALL,0.0,0.0444115470022205,-0.0444115470022205
aa,fr_resnet34_FR || fr_vit_ALL,0.0,0.005288207297726,-0.005288207297726
aa,fr_resnet34_FR || fr_xception_ALL,0.0129198966408268,0.5632725132430841,-0.5503526166022573
aa,fr_resnet34_FR || imgnet_deit_ALL,0.0,0.3288996372430471,-0.3288996372430471
aa,fr_resnet34_FR || imgnet_efficientnetb4_ALL,0.0,0.1845174973488865,-0.1845174973488865
aa,fr_resnet34_FR || imgnet_resnet34_ALL,0.0008613264427217,0.532051282051282,-0.5311899556085603
aa,fr_resnet34_FR || imgnet_swin_ALL,0.0,0.1300448430493273,-0.1300448430493273
aa,fr_resnet34_FR || imgnet_vit_ALL,0.0,0.1179804224626481,-0.1179804224626481
aa,fr_resnet34_FR || imgnet_xception_ALL,0.0,0.5608145294441387,-0.5608145294441387
aa,fr_resnet34_FS || fr_swin_ALL,0.0,0.0140636565507031,-0.0140636565507031
aa,fr_resnet34_FS || fr_vit_ALL,0.0,0.002644103648863,-0.002644103648863
aa,fr_resnet34_FS || fr_xception_ALL,0.012646793134598,0.5150088287227781,-0.50236203558818
aa,fr_resnet34_FS || imgnet_deit_ALL,0.0,0.2980652962515115,-0.2980652962515115
aa,fr_resnet34_FS || imgnet_efficientnetb4_ALL,0.001806684733514,0.1394485683987274,-0.1376418836652134
aa,fr_resnet34_FS || imgnet_resnet34_ALL,0.002710027100271,0.4865384615384615,-0.48382843443819046
aa,fr_resnet34_FS || imgnet_swin_ALL,0.0,0.0829596412556053,-0.0829596412556053
aa,fr_resnet34_FS || imgnet_vit_ALL,0.000903342366757,0.0556414219474497,-0.0547380795806927
aa,fr_resnet34_FS || imgnet_xception_ALL,0.000903342366757,0.527242707760044,-0.526339365393287
aa,fr_swin_ALL || fr_swin_EFS,0.8215200683176772,0.6861584011843079,0.13536166713336928
aa,fr_swin_ALL || fr_swin_FE,0.7683557394002068,0.0251665433012583,0.7431891960989485
aa,fr_swin_ALL || fr_swin_FR,0.7896341463414634,0.5129533678756477,0.27668077846581574
aa,fr_swin_ALL || fr_swin_FS,0.7845601436265709,0.2760917838638045,0.5084683597627664
aa,fr_swin_ALL || fr_vit_EFS,0.0545454545454545,0.002220577350111,0.052324877195343504
aa,fr_swin_ALL || fr_vit_FE,0.0324074074074074,0.005181347150259,0.0272260602571484
aa,fr_swin_ALL || fr_vit_FR,0.1157469717362045,0.002220577350111,0.11352639438609351
aa,fr_swin_ALL || fr_vit_FS,0.0269794721407624,0.006661732050333,0.0203177400904294
aa,fr_swin_ALL || fr_xception_EFS,0.0,0.0177646188008882,-0.0177646188008882
aa,fr_swin_ALL || fr_xception_FE,0.0,0.005181347150259,-0.005181347150259
aa,fr_swin_ALL || fr_xception_FR,0.0008826125330979,0.004441154700222,-0.0035585421671241
aa,fr_swin_ALL || fr_xception_FS,0.0,0.0236861584011843,-0.0236861584011843
aa,fr_swin_ALL || imgnet_deit_EFS,0.0,0.001480384900074,-0.001480384900074
aa,fr_swin_ALL || imgnet_deit_FE,0.0027272727272727,0.004441154700222,-0.0017138819729493001
aa,fr_swin_ALL || imgnet_deit_FR,0.0,0.00740192450037,-0.00740192450037
aa,fr_swin_ALL || imgnet_deit_FS,0.0,0.004441154700222,-0.004441154700222
aa,fr_swin_ALL || imgnet_efficientnetb4_EFS,0.001372683596431,0.002220577350111,-0.0008478937536800001
aa,fr_swin_ALL || imgnet_efficientnetb4_FE,0.0014134275618374,0.0,0.0014134275618374
aa,fr_swin_ALL || imgnet_efficientnetb4_FR,0.0007993605115907,0.002220577350111,-0.0014212168385203002
aa,fr_swin_ALL || imgnet_efficientnetb4_FS,0.0,0.002220577350111,-0.002220577350111
aa,fr_swin_ALL || imgnet_resnet34_EFS,0.0,0.000740192450037,-0.000740192450037
aa,fr_swin_ALL || imgnet_resnet34_FE,0.0,0.000740192450037,-0.000740192450037
aa,fr_swin_ALL || imgnet_resnet34_FR,0.0015948963317384,0.001480384900074,0.00011451143166439984
aa,fr_swin_ALL || imgnet_resnet34_FS,0.0037220843672456,0.001480384900074,0.0022416994671716
aa,fr_swin_ALL || imgnet_swin_EFS,0.0,0.001480384900074,-0.001480384900074
aa,fr_swin_ALL || imgnet_swin_FE,0.0,0.004441154700222,-0.004441154700222
aa,fr_swin_ALL || imgnet_swin_FR,0.0,0.0096225018504811,-0.0096225018504811
aa,fr_swin_ALL || imgnet_swin_FS,0.0075187969924812,0.006661732050333,0.0008570649421482
aa,fr_swin_ALL || imgnet_vit_EFS,0.0,0.005181347150259,-0.005181347150259
aa,fr_swin_ALL || imgnet_vit_FE,0.0,0.005921539600296,-0.005921539600296
aa,fr_swin_ALL || imgnet_vit_FR,0.0,0.002220577350111,-0.002220577350111
aa,fr_swin_ALL || imgnet_vit_FS,0.0008389261744966,0.002220577350111,-0.0013816511756144
aa,fr_swin_ALL || imgnet_xception_EFS,0.003076923076923,0.0,0.003076923076923
aa,fr_swin_ALL || imgnet_xception_FE,0.0022607385079125,0.0,0.0022607385079125
aa,fr_swin_ALL || imgnet_xception_FR,0.0080049261083743,0.0,0.0080049261083743
aa,fr_swin_ALL || imgnet_xception_FS,0.0124153498871331,0.000740192450037,0.011675157437096101
aa,fr_swin_EFS || fr_vit_ALL,0.0170794192997438,0.0015864621893178,0.015492957110426002
aa,fr_swin_EFS || fr_xception_ALL,0.0051238257899231,0.0,0.0051238257899231
aa,fr_swin_EFS || imgnet_deit_ALL,0.0111016225448334,0.0024183796856106,0.008683242859222801
aa,fr_swin_EFS || imgnet_efficientnetb4_ALL,0.0017079419299743,0.0233297985153764,-0.0216218565854021
aa,fr_swin_EFS || imgnet_resnet34_ALL,0.0042698548249359,0.0634615384615384,-0.0591916836366025
aa,fr_swin_EFS || imgnet_swin_ALL,0.0085397096498719,0.0005605381165919,0.00797917153328
aa,fr_swin_EFS || imgnet_vit_ALL,0.0034158838599487,0.0,0.0034158838599487
aa,fr_swin_EFS || imgnet_xception_ALL,0.0008539709649871,0.0148596587782058,-0.0140056878132187
aa,fr_swin_FE || fr_vit_ALL,0.3412616339193381,0.0021152829190904,0.3391463510002477
aa,fr_swin_FE || fr_xception_ALL,0.3236814891416752,0.0,0.3236814891416752
aa,fr_swin_FE || imgnet_deit_ALL,0.2512926577042399,0.0,0.2512926577042399
aa,fr_swin_FE || imgnet_efficientnetb4_ALL,0.2068252326783867,0.0217391304347826,0.1850861022436041
aa,fr_swin_FE || imgnet_resnet34_ALL,0.1902792140641158,0.0429487179487179,0.1473304961153979
aa,fr_swin_FE || imgnet_swin_ALL,0.1985522233712512,0.0,0.1985522233712512
aa,fr_swin_FE || imgnet_vit_ALL,0.2781799379524302,0.0,0.2781799379524302
aa,fr_swin_FE || imgnet_xception_ALL,0.0868665977249224,0.0126582278481012,0.07420836987682121
aa,fr_swin_FR || fr_vit_ALL,0.0447154471544715,0.0005288207297726,0.044186626424698894
aa,fr_swin_FR || fr_xception_ALL,0.0335365853658536,0.0,0.0335365853658536
aa,fr_swin_FR || imgnet_deit_ALL,0.0304878048780487,0.0,0.0304878048780487
aa,fr_swin_FR || imgnet_efficientnetb4_ALL,0.0223577235772357,0.0376458112407211,-0.015288087663485397
aa,fr_swin_FR || imgnet_resnet34_ALL,0.0132113821138211,0.05,-0.036788617886178904
aa,fr_swin_FR || imgnet_swin_ALL,0.0182926829268292,0.0005605381165919,0.017732144810237303
aa,fr_swin_FR || imgnet_vit_ALL,0.0203252032520325,0.0,0.0203252032520325
aa,fr_swin_FR || imgnet_xception_ALL,0.008130081300813,0.0165107319757842,-0.0083806506749712
aa,fr_swin_FS || fr_vit_ALL,0.0323159784560143,0.0010576414595452,0.0312583369964691
aa,fr_swin_FS || fr_xception_ALL,0.0161579892280071,0.0,0.0161579892280071
aa,fr_swin_FS || imgnet_deit_ALL,0.0323159784560143,0.0006045949214026,0.0317113835346117
aa,fr_swin_FS || imgnet_efficientnetb4_ALL,0.0089766606822262,0.0233297985153764,-0.0143531378331502
aa,fr_swin_FS || imgnet_resnet34_ALL,0.0143626570915619,0.0339743589743589,-0.019611701882797004
aa,fr_swin_FS || imgnet_swin_ALL,0.0430879712746858,0.0005605381165919,0.042527433158093896
aa,fr_swin_FS || imgnet_vit_ALL,0.03770197486535,0.0,0.03770197486535
aa,fr_swin_FS || imgnet_xception_ALL,0.0053859964093357,0.0077050082553659,-0.002319011846030199
aa,fr_vit_ALL || fr_vit_EFS,0.6842105263157895,0.3257535695399259,0.3584569567758636
aa,fr_vit_ALL || fr_vit_FE,0.2908950617283951,0.0967741935483871,0.19412086818000798
aa,fr_vit_ALL || fr_vit_FR,0.6621803499327052,0.0650449497620306,0.5971354001706747
aa,fr_vit_ALL || fr_vit_FS,0.8217008797653959,0.1163405605499735,0.7053603192154223
aa,fr_vit_ALL || fr_xception_EFS,0.0,0.0079323109465891,-0.0079323109465891
aa,fr_vit_ALL || fr_xception_FE,0.0,0.0137493389740877,-0.0137493389740877
aa,fr_vit_ALL || fr_xception_FR,0.0,0.0047593865679534,-0.0047593865679534
aa,fr_vit_ALL || fr_xception_FS,0.0,0.0142781597038603,-0.0142781597038603
aa,fr_vit_ALL || imgnet_deit_EFS,0.00078125,0.0047593865679534,-0.0039781365679534
aa,fr_vit_ALL || imgnet_deit_FE,0.0054545454545454,0.0047593865679534,0.0006951588865920007
aa,fr_vit_ALL || imgnet_deit_FR,0.0,0.0063458487572712,-0.0063458487572712
aa,fr_vit_ALL || imgnet_deit_FS,0.0,0.0111052353252247,-0.0111052353252247
aa,fr_vit_ALL || imgnet_efficientnetb4_EFS,0.0020590253946465,0.0042305658381808,-0.0021715404435343004
aa,fr_vit_ALL || imgnet_efficientnetb4_FE,0.0035335689045936,0.002644103648863,0.0008894652557306002
aa,fr_vit_ALL || imgnet_efficientnetb4_FR,0.0047961630695443,0.0063458487572712,-0.0015496856877269
aa,fr_vit_ALL || imgnet_efficientnetb4_FS,0.0010554089709762,0.0063458487572712,-0.0052904397862950005
aa,fr_vit_ALL || imgnet_resnet34_EFS,0.0,0.0037017451084082,-0.0037017451084082
aa,fr_vit_ALL || imgnet_resnet34_FE,0.0,0.0005288207297726,-0.0005288207297726
aa,fr_vit_ALL || imgnet_resnet34_FR,0.0031897926634768,0.0047593865679534,-0.0015695939044765997
aa,fr_vit_ALL || imgnet_resnet34_FS,0.0018610421836228,0.0031729243786356,-0.0013118821950128
aa,fr_vit_ALL || imgnet_swin_EFS,0.0,0.0021152829190904,-0.0021152829190904
aa,fr_vit_ALL || imgnet_swin_FE,0.0,0.0015864621893178,-0.0015864621893178
aa,fr_vit_ALL || imgnet_swin_FR,0.0,0.0047593865679534,-0.0047593865679534
aa,fr_vit_ALL || imgnet_swin_FS,0.0081453634085213,0.0031729243786356,0.004972439029885699
aa,fr_vit_ALL || imgnet_vit_EFS,0.0,0.0074034902168164,-0.0074034902168164
aa,fr_vit_ALL || imgnet_vit_FE,0.0,0.0079323109465891,-0.0079323109465891
aa,fr_vit_ALL || imgnet_vit_FR,0.0,0.0068746694870438,-0.0068746694870438
aa,fr_vit_ALL || imgnet_vit_FS,0.0008389261744966,0.0031729243786356,-0.002333998204139
aa,fr_vit_ALL || imgnet_xception_EFS,0.0006153846153846,0.0021152829190904,-0.0014998983037058
aa,fr_vit_ALL || imgnet_xception_FE,0.0007535795026375,0.0010576414595452,-0.0003040619569077001
aa,fr_vit_ALL || imgnet_xception_FR,0.001231527093596,0.0031729243786356,-0.0019413972850396
aa,fr_vit_ALL || imgnet_xception_FS,0.0095936794582392,0.0021152829190904,0.0074783965391488
aa,fr_vit_EFS || fr_xception_ALL,0.0688995215311004,0.0,0.0688995215311004
aa,fr_vit_EFS || imgnet_deit_ALL,0.0641148325358851,0.0,0.0641148325358851
aa,fr_vit_EFS || imgnet_efficientnetb4_ALL,0.0401913875598086,0.0090137857900318,0.031177601769776797
aa,fr_vit_EFS || imgnet_resnet34_ALL,0.0727272727272727,0.05,0.022727272727272693
aa,fr_vit_EFS || imgnet_swin_ALL,0.0698564593301435,0.0,0.0698564593301435
aa,fr_vit_EFS || imgnet_vit_ALL,0.0736842105263157,0.0,0.0736842105263157
aa,fr_vit_EFS || imgnet_xception_ALL,0.0248803827751196,0.0220143093010456,0.002866073474073999
aa,fr_vit_FE || fr_xception_ALL,0.0709876543209876,0.0,0.0709876543209876
aa,fr_vit_FE || imgnet_deit_ALL,0.0501543209876543,0.0006045949214026,0.0495497260662517
aa,fr_vit_FE || imgnet_efficientnetb4_ALL,0.0532407407407407,0.024390243902439,0.0288504968383017
aa,fr_vit_FE || imgnet_resnet34_ALL,0.0578703703703703,0.0865384615384615,-0.028668091168091193
aa,fr_vit_FE || imgnet_swin_ALL,0.0679012345679012,0.0016816143497757,0.0662196202181255
aa,fr_vit_FE || imgnet_vit_ALL,0.0771604938271604,0.0,0.0771604938271604
aa,fr_vit_FE || imgnet_xception_ALL,0.0185185185185185,0.0341221794166208,-0.015603660898102303
aa,fr_vit_FR || fr_xception_ALL,0.1534320323014804,0.0,0.1534320323014804
aa,fr_vit_FR || imgnet_deit_ALL,0.2234185733512786,0.0,0.2234185733512786
aa,fr_vit_FR || imgnet_efficientnetb4_ALL,0.0861372812920592,0.0121951219512195,0.07394215934083971
aa,fr_vit_FR || imgnet_resnet34_ALL,0.0942126514131897,0.0583333333333333,0.0358793180798564
aa,fr_vit_FR || imgnet_swin_ALL,0.1117092866756393,0.0005605381165919,0.1111487485590474
aa,fr_vit_FR || imgnet_vit_ALL,0.1547779273216689,0.0005151983513652,0.1542627289703037
aa,fr_vit_FR || imgnet_xception_ALL,0.0457604306864064,0.0170610897083104,0.028699340978096
aa,fr_vit_FS || fr_xception_ALL,0.0228739002932551,0.0,0.0228739002932551
aa,fr_vit_FS || imgnet_deit_ALL,0.0469208211143695,0.0006045949214026,0.0463162261929669
aa,fr_vit_FS || imgnet_efficientnetb4_ALL,0.0287390029325513,0.0365853658536585,-0.0078463629211072
aa,fr_vit_FS || imgnet_resnet34_ALL,0.0193548387096774,0.1467948717948718,-0.12744003308519442
aa,fr_vit_FS || imgnet_swin_ALL,0.0293255131964809,0.0033632286995515,0.0259622844969294
aa,fr_vit_FS || imgnet_vit_ALL,0.0574780058651026,0.0005151983513652,0.0569628075137374
aa,fr_vit_FS || imgnet_xception_ALL,0.0134897360703812,0.0588882773802971,-0.0453985413099159
aa,fr_xception_ALL || fr_xception_EFS,0.034453781512605,0.5603296056503826,-0.5258758241377776
aa,fr_xception_ALL || fr_xception_FE,0.135673624288425,0.4785167745732784,-0.3428431502848534
aa,fr_xception_ALL || fr_xception_FR,0.909973521624007,0.6150676868746321,0.29490583474937493
aa,fr_xception_ALL || fr_xception_FS,0.6176470588235294,0.607416127133608,0.010230931689921396
aa,fr_xception_ALL || imgnet_deit_EFS,0.00390625,0.0,0.00390625
aa,fr_xception_ALL || imgnet_deit_FE,0.0027272727272727,0.0,0.0027272727272727
aa,fr_xception_ALL || imgnet_deit_FR,0.0056497175141242,0.0,0.0056497175141242
aa,fr_xception_ALL || imgnet_deit_FS,0.0015255530129672,0.0,0.0015255530129672
aa,fr_xception_ALL || imgnet_efficientnetb4_EFS,0.0020590253946465,0.0,0.0020590253946465
aa,fr_xception_ALL || imgnet_efficientnetb4_FE,0.0091872791519434,0.0,0.0091872791519434
aa,fr_xception_ALL || imgnet_efficientnetb4_FR,0.0031974420463629,0.0,0.0031974420463629
aa,fr_xception_ALL || imgnet_efficientnetb4_FS,0.0005277044854881,0.0,0.0005277044854881
aa,fr_xception_ALL || imgnet_resnet34_EFS,0.0040783034257748,0.0,0.0040783034257748
aa,fr_xception_ALL || imgnet_resnet34_FE,0.0,0.0,0.0
aa,fr_xception_ALL || imgnet_resnet34_FR,0.0031897926634768,0.0,0.0031897926634768
aa,fr_xception_ALL || imgnet_resnet34_FS,0.0024813895781637,0.0,0.0024813895781637
aa,fr_xception_ALL || imgnet_swin_EFS,0.0,0.0,0.0
aa,fr_xception_ALL || imgnet_swin_FE,0.0,0.0,0.0
aa,fr_xception_ALL || imgnet_swin_FR,0.0007541478129713,0.0,0.0007541478129713
aa,fr_xception_ALL || imgnet_swin_FS,0.0012531328320802,0.0,0.0012531328320802
aa,fr_xception_ALL || imgnet_vit_EFS,0.0020833333333333,0.0,0.0020833333333333
aa,fr_xception_ALL || imgnet_vit_FE,0.000942507068803,0.0,0.000942507068803
aa,fr_xception_ALL || imgnet_vit_FR,0.0,0.0,0.0
aa,fr_xception_ALL || imgnet_vit_FS,0.0025167785234899,0.0,0.0025167785234899
aa,fr_xception_ALL || imgnet_xception_EFS,0.0024615384615384,0.0,0.0024615384615384
aa,fr_xception_ALL || imgnet_xception_FE,0.001507159005275,0.0,0.001507159005275
aa,fr_xception_ALL || imgnet_xception_FR,0.0043103448275862,0.0,0.0043103448275862
aa,fr_xception_ALL || imgnet_xception_FS,0.010158013544018,0.0,0.010158013544018
aa,fr_xception_EFS || imgnet_deit_ALL,0.0,0.094316807738815,-0.094316807738815
aa,fr_xception_EFS || imgnet_efficientnetb4_ALL,0.0,0.0312831389183457,-0.0312831389183457
aa,fr_xception_EFS || imgnet_resnet34_ALL,0.0,0.1923076923076923,-0.1923076923076923
aa,fr_xception_EFS || imgnet_swin_ALL,0.0,0.0005605381165919,-0.0005605381165919
aa,fr_xception_EFS || imgnet_vit_ALL,0.0,0.0108191653786707,-0.0108191653786707
aa,fr_xception_EFS || imgnet_xception_ALL,0.0,0.3813979086406164,-0.3813979086406164
aa,fr_xception_FE || imgnet_deit_ALL,0.0,0.0513905683192261,-0.0513905683192261
aa,fr_xception_FE || imgnet_efficientnetb4_ALL,0.0,0.0121951219512195,-0.0121951219512195
aa,fr_xception_FE || imgnet_resnet34_ALL,0.0,0.0358974358974358,-0.0358974358974358
aa,fr_xception_FE || imgnet_swin_ALL,0.0,0.0005605381165919,-0.0005605381165919
aa,fr_xception_FE || imgnet_vit_ALL,0.0,0.0010303967027305,-0.0010303967027305
aa,fr_xception_FE || imgnet_xception_ALL,0.0,0.1045679691799669,-0.1045679691799669
aa,fr_xception_FR || imgnet_deit_ALL,0.0035304501323918,0.087061668681983,-0.08353121854959121
aa,fr_xception_FR || imgnet_efficientnetb4_ALL,0.0008826125330979,0.136797454931071,-0.1359148423979731
aa,fr_xception_FR || imgnet_resnet34_ALL,0.0052956751985878,0.3993589743589744,-0.39406329916038657
aa,fr_xception_FR || imgnet_swin_ALL,0.0,0.0022421524663677,-0.0022421524663677
aa,fr_xception_FR || imgnet_vit_ALL,0.0008826125330979,0.0278207109737248,-0.0269380984406269
aa,fr_xception_FR || imgnet_xception_ALL,0.0026478375992939,0.3324160704457897,-0.3297682328464958
aa,fr_xception_FS || imgnet_deit_ALL,0.0008650519031141,0.1723095525997581,-0.17144450069664402
aa,fr_xception_FS || imgnet_efficientnetb4_ALL,0.0051903114186851,0.0917285259809119,-0.0865382145622268
aa,fr_xception_FS || imgnet_resnet34_ALL,0.0051903114186851,0.4108974358974359,-0.4057071244787508
aa,fr_xception_FS || imgnet_swin_ALL,0.0,0.0022421524663677,-0.0022421524663677
aa,fr_xception_FS || imgnet_vit_ALL,0.0,0.0334878928387429,-0.0334878928387429
aa,fr_xception_FS || imgnet_xception_ALL,0.0,0.5046780407264722,-0.5046780407264722
aa,imgnet_deit_ALL || imgnet_deit_EFS,0.91171875,0.7055622732769045,0.20615647672309556
aa,imgnet_deit_ALL || imgnet_deit_FE,0.8636363636363636,0.5761789600967352,0.28745740353962845
aa,imgnet_deit_ALL || imgnet_deit_FR,0.9299435028248588,0.4975816203143893,0.43236188251046953
aa,imgnet_deit_ALL || imgnet_deit_FS,0.9038901601830664,0.7164449818621523,0.18744517832091412
aa,imgnet_deit_ALL || imgnet_efficientnetb4_EFS,0.0034317089910775,0.030229746070133,-0.0267980370790555
aa,imgnet_deit_ALL || imgnet_efficientnetb4_FE,0.0,0.0429262394195888,-0.0429262394195888
aa,imgnet_deit_ALL || imgnet_efficientnetb4_FR,0.0319744204636291,0.0145102781136638,0.017464142349965295
aa,imgnet_deit_ALL || imgnet_efficientnetb4_FS,0.0021108179419525,0.0671100362756952,-0.0649992183337427
aa,imgnet_deit_ALL || imgnet_resnet34_EFS,0.0440456769983686,0.0096735187424425,0.0343721582559261
aa,imgnet_deit_ALL || imgnet_resnet34_FE,0.0,0.0066505441354292,-0.0066505441354292
aa,imgnet_deit_ALL || imgnet_resnet34_FR,0.0143540669856459,0.0290205562273276,-0.0146664892416817
aa,imgnet_deit_ALL || imgnet_resnet34_FS,0.0310173697270471,0.0253929866989117,0.0056243830281354
aa,imgnet_deit_ALL || imgnet_swin_EFS,0.0059040590405904,0.0423216444981862,-0.0364175854575958
aa,imgnet_deit_ALL || imgnet_swin_FE,0.0053533190578158,0.0120918984280532,-0.0067385793702374
aa,imgnet_deit_ALL || imgnet_swin_FR,0.0128205128205128,0.0126964933494558,0.00012401947105699848
aa,imgnet_deit_ALL || imgnet_swin_FS,0.0808270676691729,0.026602176541717,0.054224891127455904
aa,imgnet_deit_ALL || imgnet_vit_EFS,0.0659722222222222,0.2726723095525997,-0.20670008733037748
aa,imgnet_deit_ALL || imgnet_vit_FE,0.0254476908576814,0.2176541717049576,-0.1922064808472762
aa,imgnet_deit_ALL || imgnet_vit_FR,0.0488021295474711,0.0471584038694075,0.001643725678063604
aa,imgnet_deit_ALL || imgnet_vit_FS,0.212248322147651,0.3288996372430471,-0.11665131509539611
aa,imgnet_deit_ALL || imgnet_xception_EFS,0.008,0.0060459492140266,0.0019540507859734
aa,imgnet_deit_ALL || imgnet_xception_FE,0.001507159005275,0.0030229746070133,-0.0015158156017383002
aa,imgnet_deit_ALL || imgnet_xception_FR,0.0030788177339901,0.0139056831922611,-0.010826865458270999
aa,imgnet_deit_ALL || imgnet_xception_FS,0.0158013544018058,0.0114873035066505,0.0043140508951553
aa,imgnet_deit_EFS || imgnet_efficientnetb4_ALL,0.003125,0.0312831389183457,-0.0281581389183457
aa,imgnet_deit_EFS || imgnet_resnet34_ALL,0.00234375,0.2365384615384615,-0.2341947115384615
aa,imgnet_deit_EFS || imgnet_swin_ALL,0.00078125,0.015134529147982,-0.014353279147982
aa,imgnet_deit_EFS || imgnet_vit_ALL,0.003125,0.0041215868109222,-0.0009965868109221999
aa,imgnet_deit_EFS || imgnet_xception_ALL,0.0015625,0.1309851403412218,-0.1294226403412218
aa,imgnet_deit_FE || imgnet_efficientnetb4_ALL,0.0009090909090909,0.0116648992576882,-0.0107558083485973
aa,imgnet_deit_FE || imgnet_resnet34_ALL,0.0145454545454545,0.157051282051282,-0.1425058275058275
aa,imgnet_deit_FE || imgnet_swin_ALL,0.0,0.0022421524663677,-0.0022421524663677
aa,imgnet_deit_FE || imgnet_vit_ALL,0.0081818181818181,0.0,0.0081818181818181
aa,imgnet_deit_FE || imgnet_xception_ALL,0.0009090909090909,0.093010456796918,-0.0921013658878271
aa,imgnet_deit_FR || imgnet_efficientnetb4_ALL,0.103954802259887,0.0334040296924708,0.07055077256741621
aa,imgnet_deit_FR || imgnet_resnet34_ALL,0.1186440677966101,0.2185897435897436,-0.09994567579313349
aa,imgnet_deit_FR || imgnet_swin_ALL,0.0180790960451977,0.0050448430493273,0.0130342529958704
aa,imgnet_deit_FR || imgnet_vit_ALL,0.3028248587570621,0.0005151983513652,0.3023096604056969
aa,imgnet_deit_FR || imgnet_xception_ALL,0.0361581920903954,0.0996147495872317,-0.06345655749683629
aa,imgnet_deit_FS || imgnet_efficientnetb4_ALL,0.0450038138825324,0.0779427359490986,-0.032938922066566206
aa,imgnet_deit_FS || imgnet_resnet34_ALL,0.0450038138825324,0.3852564102564103,-0.3402525963738779
aa,imgnet_deit_FS || imgnet_swin_ALL,0.0099160945842868,0.0341928251121076,-0.024276730527820797
aa,imgnet_deit_FS || imgnet_vit_ALL,0.0274599542334096,0.005667181865018,0.021792772368391597
aa,imgnet_deit_FS || imgnet_xception_ALL,0.0007627765064836,0.1915244909190974,-0.1907617144126138
aa,imgnet_efficientnetb4_ALL || imgnet_efficientnetb4_EFS,0.963623884694578,0.7444326617179216,0.2191912229766565
aa,imgnet_efficientnetb4_ALL || imgnet_efficientnetb4_FE,0.9554770318021202,0.717391304347826,0.23808572745429413
aa,imgnet_efficientnetb4_ALL || imgnet_efficientnetb4_FR,0.9712230215827338,0.644220572640509,0.32700244894222474
aa,imgnet_efficientnetb4_ALL || imgnet_efficientnetb4_FS,0.9572559366754616,0.9618239660657476,-0.004568029390285999
aa,imgnet_efficientnetb4_ALL || imgnet_resnet34_EFS,0.0913539967373572,0.0339342523860021,0.05741974435135509
aa,imgnet_efficientnetb4_ALL || imgnet_resnet34_FE,0.0,0.0360551431601272,-0.0360551431601272
aa,imgnet_efficientnetb4_ALL || imgnet_resnet34_FR,0.2607655502392344,0.0657476139978791,0.19501793624135533
aa,imgnet_efficientnetb4_ALL || imgnet_resnet34_FS,0.0694789081885856,0.0996818663838812,-0.0302029581952956
aa,imgnet_efficientnetb4_ALL || imgnet_swin_EFS,0.0051660516605166,0.0233297985153764,-0.0181637468548598
aa,imgnet_efficientnetb4_ALL || imgnet_swin_FE,0.0010706638115631,0.0068928950159066,-0.0058222312043435
aa,imgnet_efficientnetb4_ALL || imgnet_swin_FR,0.0701357466063348,0.0455991516436903,0.0245365949626445
aa,imgnet_efficientnetb4_ALL || imgnet_swin_FS,0.3640350877192982,0.0323435843054082,0.33169150341389003
aa,imgnet_efficientnetb4_ALL || imgnet_vit_EFS,0.0034722222222222,0.0079533404029692,-0.004481118180747
aa,imgnet_efficientnetb4_ALL || imgnet_vit_FE,0.0,0.0106044538706256,-0.0106044538706256
aa,imgnet_efficientnetb4_ALL || imgnet_vit_FR,0.0035492457852706,0.0063626723223753,-0.0028134265371046996
aa,imgnet_efficientnetb4_ALL || imgnet_vit_FS,0.035234899328859,0.0254506892895015,0.009784210039357501
aa,imgnet_efficientnetb4_ALL || imgnet_xception_EFS,0.0387692307692307,0.0148462354188759,0.023922995350354803
aa,imgnet_efficientnetb4_ALL || imgnet_xception_FE,0.001507159005275,0.013255567338282,-0.011748408333007
aa,imgnet_efficientnetb4_ALL || imgnet_xception_FR,0.0400246305418719,0.0604453870625662,-0.0204207565206943
aa,imgnet_efficientnetb4_ALL || imgnet_xception_FS,0.0406320541760722,0.0615058324496288,-0.020873778273556604
aa,imgnet_efficientnetb4_EFS || imgnet_resnet34_ALL,0.0130404941660947,0.4948717948717949,-0.4818313007057002
aa,imgnet_efficientnetb4_EFS || imgnet_swin_ALL,0.0020590253946465,0.0123318385650224,-0.0102728131703759
aa,imgnet_efficientnetb4_EFS || imgnet_vit_ALL,0.001372683596431,0.0005151983513652,0.0008574852450658001
aa,imgnet_efficientnetb4_EFS || imgnet_xception_ALL,0.002745367192862,0.232801320858558,-0.230055953665696
aa,imgnet_efficientnetb4_FE || imgnet_resnet34_ALL,0.0042402826855123,0.4371794871794872,-0.4329392044939749
aa,imgnet_efficientnetb4_FE || imgnet_swin_ALL,0.0035335689045936,0.0100896860986547,-0.006556117194061099
aa,imgnet_efficientnetb4_FE || imgnet_vit_ALL,0.004946996466431,0.0005151983513652,0.0044317981150658005
aa,imgnet_efficientnetb4_FE || imgnet_xception_ALL,0.0014134275618374,0.2201430930104568,-0.21872966544861938
aa,imgnet_efficientnetb4_FR || imgnet_resnet34_ALL,0.2366107114308553,0.2871794871794871,-0.050568775748631806
aa,imgnet_efficientnetb4_FR || imgnet_swin_ALL,0.0503597122302158,0.0033632286995515,0.046996483530664296
aa,imgnet_efficientnetb4_FR || imgnet_vit_ALL,0.0199840127897681,0.0,0.0199840127897681
aa,imgnet_efficientnetb4_FR || imgnet_xception_ALL,0.1662669864108713,0.13979086406164,0.026476122349231274
aa,imgnet_efficientnetb4_FS || imgnet_resnet34_ALL,0.0147757255936675,0.658974358974359,-0.6441986333806915
aa,imgnet_efficientnetb4_FS || imgnet_swin_ALL,0.0026385224274406,0.0173766816143497,-0.0147381591869091
aa,imgnet_efficientnetb4_FS || imgnet_vit_ALL,0.0,0.0036063884595569,-0.0036063884595569
aa,imgnet_efficientnetb4_FS || imgnet_xception_ALL,0.0,0.4050632911392405,-0.4050632911392405
aa,imgnet_resnet34_ALL || imgnet_resnet34_EFS,0.8719412724306689,0.6801282051282052,0.19181306730246372
aa,imgnet_resnet34_ALL || imgnet_resnet34_FE,0.8899803536345776,0.5416666666666666,0.348313686967911
aa,imgnet_resnet34_ALL || imgnet_resnet34_FR,0.854066985645933,0.6737179487179488,0.1803490369279842
aa,imgnet_resnet34_ALL || imgnet_resnet34_FS,0.8380893300248139,0.8602564102564103,-0.022167080231596414
aa,imgnet_resnet34_ALL || imgnet_swin_EFS,0.0051660516605166,0.2583333333333333,-0.2531672816728167
aa,imgnet_resnet34_ALL || imgnet_swin_FE,0.0042826552462526,0.1153846153846153,-0.1111019601383627
aa,imgnet_resnet34_ALL || imgnet_swin_FR,0.0233785822021116,0.2506410256410256,-0.227262443438914
aa,imgnet_resnet34_ALL || imgnet_swin_FS,0.2612781954887218,0.3012820512820512,-0.040003855793329435
aa,imgnet_resnet34_ALL || imgnet_vit_EFS,0.0,0.3935897435897436,-0.3935897435897436
aa,imgnet_resnet34_ALL || imgnet_vit_FE,0.0,0.2698717948717948,-0.2698717948717948
aa,imgnet_resnet34_ALL || imgnet_vit_FR,0.0053238686779059,0.2307692307692307,-0.2254453620913248
aa,imgnet_resnet34_ALL || imgnet_vit_FS,0.0318791946308724,0.3621794871794871,-0.3303002925486147
aa,imgnet_resnet34_ALL || imgnet_xception_EFS,0.104,0.1673076923076923,-0.0633076923076923
aa,imgnet_resnet34_ALL || imgnet_xception_FE,0.0090429540316503,0.066025641025641,-0.0569826869939907
aa,imgnet_resnet34_ALL || imgnet_xception_FR,0.0412561576354679,0.1519230769230769,-0.11066691928760901
aa,imgnet_resnet34_ALL || imgnet_xception_FS,0.0818284424379232,0.2089743589743589,-0.1271459165364357
aa,imgnet_resnet34_EFS || imgnet_swin_ALL,0.0212071778140293,0.0016816143497757,0.0195255634642536
aa,imgnet_resnet34_EFS || imgnet_vit_ALL,0.0269168026101141,0.0,0.0269168026101141
aa,imgnet_resnet34_EFS || imgnet_xception_ALL,0.0742251223491027,0.1128233351678591,-0.0385982128187564
aa,imgnet_resnet34_FE || imgnet_swin_ALL,0.0,0.0005605381165919,-0.0005605381165919
aa,imgnet_resnet34_FE || imgnet_vit_ALL,0.0,0.0,0.0
aa,imgnet_resnet34_FE || imgnet_xception_ALL,0.0,0.0368739680792515,-0.0368739680792515
aa,imgnet_resnet34_FR || imgnet_swin_ALL,0.0015948963317384,0.0016816143497757,-8.671801803730012e-05
aa,imgnet_resnet34_FR || imgnet_vit_ALL,0.0047846889952153,0.0005151983513652,0.004269490643850101
aa,imgnet_resnet34_FR || imgnet_xception_ALL,0.1164274322169059,0.147495872317006,-0.03106844010010011
aa,imgnet_resnet34_FS || imgnet_swin_ALL,0.0124069478908188,0.0044843049327354,0.007922642958083401
aa,imgnet_resnet34_FS || imgnet_vit_ALL,0.0086848635235732,0.0005151983513652,0.008169665172208
aa,imgnet_resnet34_FS || imgnet_xception_ALL,0.0173697270471464,0.2074848651623555,-0.1901151381152091
aa,imgnet_swin_ALL || imgnet_swin_EFS,0.8619926199261992,0.6418161434977578,0.2201764764284414
aa,imgnet_swin_ALL || imgnet_swin_FE,0.3051391862955032,0.3480941704035874,-0.04295498410808424
aa,imgnet_swin_ALL || imgnet_swin_FR,0.8823529411764706,0.6782511210762332,0.20410182010023736
aa,imgnet_swin_ALL || imgnet_swin_FS,0.9197994987468672,0.7802690582959642,0.13953044045090301
aa,imgnet_swin_ALL || imgnet_vit_EFS,0.0020833333333333,0.0089686098654708,-0.0068852765321375
aa,imgnet_swin_ALL || imgnet_vit_FE,0.000942507068803,0.0112107623318385,-0.0102682552630355
aa,imgnet_swin_ALL || imgnet_vit_FR,0.0,0.0011210762331838,-0.0011210762331838
aa,imgnet_swin_ALL || imgnet_vit_FS,0.0016778523489932,0.0123318385650224,-0.0106539862160292
aa,imgnet_swin_ALL || imgnet_xception_EFS,0.003076923076923,0.0016816143497757,0.0013953087271473
aa,imgnet_swin_ALL || imgnet_xception_FE,0.0045214770158251,0.0005605381165919,0.0039609388992332
aa,imgnet_swin_ALL || imgnet_xception_FR,0.0043103448275862,0.0022421524663677,0.0020681923612185
aa,imgnet_swin_ALL || imgnet_xception_FS,0.0163656884875846,0.0039237668161434,0.012441921671441201
aa,imgnet_swin_EFS || imgnet_vit_ALL,0.0007380073800738,0.0010303967027305,-0.00029238932265669996
aa,imgnet_swin_EFS || imgnet_xception_ALL,0.003690036900369,0.0913593835993395,-0.0876693466989705
aa,imgnet_swin_FE || imgnet_vit_ALL,0.0,0.0,0.0
aa,imgnet_swin_FE || imgnet_xception_ALL,0.0010706638115631,0.0363236103467253,-0.0352529465351622
aa,imgnet_swin_FR || imgnet_vit_ALL,0.006787330316742,0.0030911901081916,0.0036961402085504
aa,imgnet_swin_FR || imgnet_xception_ALL,0.0082956259426847,0.0924600990643918,-0.0841644731217071
aa,imgnet_swin_FS || imgnet_vit_ALL,0.0093984962406015,0.0005151983513652,0.0088832978892363
aa,imgnet_swin_FS || imgnet_xception_ALL,0.0050125313283208,0.0952118877270225,-0.0901993563987017
aa,imgnet_vit_ALL || imgnet_vit_EFS,0.2368055555555555,0.5703245749613601,-0.33351901940580464
aa,imgnet_vit_ALL || imgnet_vit_FE,0.004712535344015,0.4353426069036579,-0.4306300715596429
aa,imgnet_vit_ALL || imgnet_vit_FR,0.9645075421472936,0.4446161772282329,0.5198913649190607
aa,imgnet_vit_ALL || imgnet_vit_FS,0.6124161073825504,0.5816589386913962,0.03075716869115419
aa,imgnet_vit_ALL || imgnet_xception_EFS,0.0006153846153846,0.0,0.0006153846153846
aa,imgnet_vit_ALL || imgnet_xception_FE,0.0,0.0,0.0
aa,imgnet_vit_ALL || imgnet_xception_FR,0.001231527093596,0.0,0.001231527093596
aa,imgnet_vit_ALL || imgnet_xception_FS,0.0022573363431151,0.0,0.0022573363431151
aa,imgnet_vit_EFS || imgnet_xception_ALL,0.0048611111111111,0.232801320858558,-0.22794020974744691
aa,imgnet_vit_FE || imgnet_xception_ALL,0.001885014137606,0.1876719867914144,-0.1857869726538084
aa,imgnet_vit_FR || imgnet_xception_ALL,0.0,0.0902586681342872,-0.0902586681342872
aa,imgnet_vit_FS || imgnet_xception_ALL,0.0008389261744966,0.1871216290588882,-0.1862827028843916
aa,imgnet_xception_ALL || imgnet_xception_EFS,0.8713846153846154,0.8420473307649973,0.029337284619618154
aa,imgnet_xception_ALL || imgnet_xception_FE,0.0037678975131876,0.6725371491469455,-0.6687692516337579
aa,imgnet_xception_ALL || imgnet_xception_FR,0.9353448275862069,0.8304898183819482,0.10485500920425861
aa,imgnet_xception_ALL || imgnet_xception_FS,0.9006772009029346,0.9119427627958172,-0.011265561892882636
cw_eot,fr_deit_ALL || fr_deit_EFS,0.9506966773847804,0.8734896943852167,0.07720698299956363
cw_eot,fr_deit_ALL || fr_deit_FE,0.403954802259887,0.7142857142857143,-0.3103309120258273
cw_eot,fr_deit_ALL || fr_deit_FR,0.875,0.8649609097370291,0.010039090262970896
cw_eot,fr_deit_ALL || fr_deit_FS,0.986986986986987,0.7782515991471215,0.20873538783986545
cw_eot,fr_deit_ALL || fr_efficientnetb4_EFS,0.5724381625441696,0.4968017057569296,0.07563645678723996
cw_eot,fr_deit_ALL || fr_efficientnetb4_FE,0.0588235294117647,0.3447050461975835,-0.2858815167858188
cw_eot,fr_deit_ALL || fr_efficientnetb4_FR,0.0579268292682926,0.1257995735607676,-0.067872744292475
cw_eot,fr_deit_ALL || fr_efficientnetb4_FS,0.2714285714285714,0.4214641080312722,-0.1500355366027008
cw_eot,fr_deit_ALL || fr_resnet34_EFS,0.3567335243553008,0.5778251599147122,-0.22109163555941136
cw_eot,fr_deit_ALL || fr_resnet34_FE,0.1801286633309506,0.3184079601990049,-0.13827929686805432
cw_eot,fr_deit_ALL || fr_resnet34_FR,0.3410852713178294,0.5671641791044776,-0.2260789077866482
cw_eot,fr_deit_ALL || fr_resnet34_FS,0.3179765130984643,0.3013503909026297,0.01662612219583459
cw_eot,fr_deit_ALL || fr_swin_EFS,0.6754910333048676,0.5835110163468372,0.09198001695803038
cw_eot,fr_deit_ALL || fr_swin_FE,0.5853154084798345,0.2786069651741293,0.30670844330570524
cw_eot,fr_deit_ALL || fr_swin_FR,0.7378048780487805,0.5138592750533049,0.2239456029954756
cw_eot,fr_deit_ALL || fr_swin_FS,0.822262118491921,0.5081734186211798,0.3140886998707412
cw_eot,fr_deit_ALL || fr_vit_EFS,0.9090909090909092,0.7135749822316987,0.1955159268592105
cw_eot,fr_deit_ALL || fr_vit_FE,0.6003086419753086,0.5714285714285714,0.028880070546737246
cw_eot,fr_deit_ALL || fr_vit_FR,0.8088829071332436,0.6830135039090263,0.12586940322421736
cw_eot,fr_deit_ALL || fr_vit_FS,0.6991202346041056,0.6730632551528074,0.026056979451298146
cw_eot,fr_deit_ALL || fr_xception_EFS,0.315126050420168,0.6453447050461976,-0.33021865462602956
cw_eot,fr_deit_ALL || fr_xception_FE,0.0996204933586337,0.3987206823027718,-0.2991001889441381
cw_eot,fr_deit_ALL || fr_xception_FR,0.1746031746031746,0.2892679459843639,-0.1146647713811893
cw_eot,fr_deit_ALL || fr_xception_FS,0.5948051948051948,0.4200426439232409,0.17476255088195386
cw_eot,fr_deit_ALL || imgnet_deit_EFS,0.0905542544886807,0.1172707889125799,-0.026716534423899208
cw_eot,fr_deit_ALL || imgnet_deit_FE,0.2290909090909091,0.0895522388059701,0.139538670284939
cw_eot,fr_deit_ALL || imgnet_deit_FR,0.0146892655367231,0.0803127221037668,-0.0656234565670437
cw_eot,fr_deit_ALL || imgnet_deit_FS,0.0129870129870129,0.1158493248045486,-0.1028623118175357
cw_eot,fr_deit_ALL || imgnet_efficientnetb4_EFS,0.1337448559670782,0.1051883439943141,0.028556511972764084
cw_eot,fr_deit_ALL || imgnet_efficientnetb4_FE,0.1392226148409894,0.1279317697228145,0.011290845118174908
cw_eot,fr_deit_ALL || imgnet_efficientnetb4_FR,0.0135891286970423,0.068230277185501,-0.0546411484884587
cw_eot,fr_deit_ALL || imgnet_efficientnetb4_FS,0.0031662269129287,0.0923951670220327,-0.089228940109104
cw_eot,fr_deit_ALL || imgnet_resnet34_EFS,0.3091353996737357,0.052594171997157,0.2565412276765787
cw_eot,fr_deit_ALL || imgnet_resnet34_FE,0.0696761530912659,0.0582800284292821,0.011396124661983802
cw_eot,fr_deit_ALL || imgnet_resnet34_FR,0.0023942537909018,0.0653873489694385,-0.0629930951785367
cw_eot,fr_deit_ALL || imgnet_resnet34_FS,0.0719602977667493,0.0561478322672352,0.015812465499514095
cw_eot,fr_deit_ALL || imgnet_swin_EFS,0.1409594095940959,0.1727078891257995,-0.03174847953170362
cw_eot,fr_deit_ALL || imgnet_swin_FE,0.0203426124197002,0.1457000710732054,-0.1253574586535052
cw_eot,fr_deit_ALL || imgnet_swin_FR,0.0030165912518853,0.0646766169154228,-0.061660025663537496
cw_eot,fr_deit_ALL || imgnet_swin_FS,0.0883458646616541,0.0788912579957356,0.009454606665918505
cw_eot,fr_deit_ALL || imgnet_vit_EFS,0.0888888888888888,0.154228855721393,-0.0653399668325042
cw_eot,fr_deit_ALL || imgnet_vit_FE,0.3,0.1108742004264392,0.1891257995735608
cw_eot,fr_deit_ALL || imgnet_vit_FR,0.0017777777777777,0.0867093105899076,-0.08493153281212991
cw_eot,fr_deit_ALL || imgnet_vit_FS,0.0822147651006711,0.0732054015636105,0.00900936353706061
cw_eot,fr_deit_ALL || imgnet_xception_EFS,0.0381773399014778,0.0398009950248756,-0.0016236551233978005
cw_eot,fr_deit_ALL || imgnet_xception_FE,0.1076807228915662,0.0483297796730632,0.059350943218503004
cw_eot,fr_deit_ALL || imgnet_xception_FR,0.0006161429451632,0.0305614783226723,-0.0299453353775091
cw_eot,fr_deit_ALL || imgnet_xception_FS,0.110609480812641,0.0412224591329069,0.06938702167973411
cw_eot,fr_deit_EFS || fr_efficientnetb4_ALL,0.1511254019292604,0.0329218106995884,0.11820359122967201
cw_eot,fr_deit_EFS || fr_resnet34_ALL,0.4319399785637727,0.338391502276176,0.09354847628759672
cw_eot,fr_deit_EFS || fr_swin_ALL,0.7727759914255091,0.6469282013323464,0.12584779009316271
cw_eot,fr_deit_EFS || fr_vit_ALL,0.8713826366559485,0.2860920148069804,0.5852906218489682
cw_eot,fr_deit_EFS || fr_xception_ALL,0.30010718113612,0.0,0.30010718113612
cw_eot,fr_deit_EFS || imgnet_deit_ALL,0.1307609860664523,0.0127041742286751,0.1180568118377772
cw_eot,fr_deit_EFS || imgnet_efficientnetb4_ALL,0.045016077170418,0.0143160127253446,0.0307000644450734
cw_eot,fr_deit_EFS || imgnet_resnet34_ALL,0.0696677384780278,0.0653846153846153,0.0042831230934125
cw_eot,fr_deit_EFS || imgnet_swin_ALL,0.105037513397642,0.0044843049327354,0.1005532084649066
cw_eot,fr_deit_EFS || imgnet_vit_ALL,0.1189710610932476,0.0020607934054611,0.11691026768778649
cw_eot,fr_deit_EFS || imgnet_xception_ALL,0.0353697749196141,0.0605726872246696,-0.025202912305055503
cw_eot,fr_deit_FE || fr_efficientnetb4_ALL,0.1285310734463277,0.0016460905349794,0.12688498291134828
cw_eot,fr_deit_FE || fr_resnet34_ALL,0.192090395480226,0.0880121396054628,0.1040782558747632
cw_eot,fr_deit_FE || fr_swin_ALL,0.2132768361581921,0.4145077720207253,-0.2012309358625332
cw_eot,fr_deit_FE || fr_vit_ALL,0.3312146892655367,0.2263352723426758,0.1048794169228609
cw_eot,fr_deit_FE || fr_xception_ALL,0.1574858757062147,0.0,0.1574858757062147
cw_eot,fr_deit_FE || imgnet_deit_ALL,0.0932203389830508,0.0012099213551119,0.09201041762793889
cw_eot,fr_deit_FE || imgnet_efficientnetb4_ALL,0.0480225988700565,0.0074231177094379,0.0405994811606186
cw_eot,fr_deit_FE || imgnet_resnet34_ALL,0.0812146892655367,0.0064102564102564,0.0748044328552803
cw_eot,fr_deit_FE || imgnet_swin_ALL,0.086864406779661,0.0039237668161434,0.0829406399635176
cw_eot,fr_deit_FE || imgnet_vit_ALL,0.0769774011299435,0.0030911901081916,0.0738862110217519
cw_eot,fr_deit_FE || imgnet_xception_ALL,0.0317796610169491,0.0148678414096916,0.016911819607257503
cw_eot,fr_deit_FR || fr_efficientnetb4_ALL,0.250968992248062,0.0106995884773662,0.2402694037706958
cw_eot,fr_deit_FR || fr_resnet34_ALL,0.4670542635658914,0.2579666160849772,0.20908764748091424
cw_eot,fr_deit_FR || fr_swin_ALL,0.8178294573643411,0.5751295336787565,0.24269992368558457
cw_eot,fr_deit_FR || fr_vit_ALL,0.8488372093023255,0.3178212585933369,0.5310159507089887
cw_eot,fr_deit_FR || fr_xception_ALL,0.2577519379844961,0.0011771630370806,0.2565747749474155
cw_eot,fr_deit_FR || imgnet_deit_ALL,0.1986434108527131,0.0393224440411373,0.1593209668115758
cw_eot,fr_deit_FR || imgnet_efficientnetb4_ALL,0.0901162790697674,0.0397667020148462,0.05034957705492119
cw_eot,fr_deit_FR || imgnet_resnet34_ALL,0.126937984496124,0.1288461538461538,-0.001908169350029798
cw_eot,fr_deit_FR || imgnet_swin_ALL,0.0484496124031007,0.0235426008968609,0.024907011506239803
cw_eot,fr_deit_FR || imgnet_vit_ALL,0.064922480620155,0.0087583719732096,0.056164108646945404
cw_eot,fr_deit_FR || imgnet_xception_ALL,0.0523255813953488,0.0941629955947136,-0.0418374141993648
cw_eot,fr_deit_FS || fr_efficientnetb4_ALL,0.3963963963963964,0.0057613168724279,0.3906350795239685
cw_eot,fr_deit_FS || fr_resnet34_ALL,0.7287287287287287,0.2253414264036418,0.503387302325087
cw_eot,fr_deit_FS || fr_swin_ALL,0.914914914914915,0.4100666173205033,0.5048482975944116
cw_eot,fr_deit_FS || fr_vit_ALL,0.9469469469469468,0.2437863564251718,0.703160590521775
cw_eot,fr_deit_FS || fr_xception_ALL,0.5155155155155156,0.0,0.5155155155155156
cw_eot,fr_deit_FS || imgnet_deit_ALL,0.3293293293293293,0.013309134906231,0.3160201944230983
cw_eot,fr_deit_FS || imgnet_efficientnetb4_ALL,0.1611611611611611,0.0084835630965005,0.1526775980646606
cw_eot,fr_deit_FS || imgnet_resnet34_ALL,0.2232232232232232,0.0692307692307692,0.15399245399245398
cw_eot,fr_deit_FS || imgnet_swin_ALL,0.2582582582582582,0.0112107623318385,0.24704749592641972
cw_eot,fr_deit_FS || imgnet_vit_ALL,0.3303303303303303,0.0041215868109222,0.32620874351940815
cw_eot,fr_deit_FS || imgnet_xception_ALL,0.0990990990990991,0.0870044052863436,0.012094693812755505
cw_eot,fr_efficientnetb4_ALL || fr_efficientnetb4_EFS,0.1896348645465253,0.4444444444444444,-0.2548095798979191
cw_eot,fr_efficientnetb4_ALL || fr_efficientnetb4_FE,0.025,0.1111111111111111,-0.08611111111111111
cw_eot,fr_efficientnetb4_ALL || fr_efficientnetb4_FR,0.5396341463414634,0.2987654320987654,0.24086871424269807
cw_eot,fr_efficientnetb4_ALL || fr_efficientnetb4_FS,0.1844155844155844,0.3094650205761317,-0.12504943616054728
cw_eot,fr_efficientnetb4_ALL || fr_resnet34_EFS,0.0057306590257879,0.2098765432098765,-0.2041458841840886
cw_eot,fr_efficientnetb4_ALL || fr_resnet34_FE,0.1057898498927805,0.0139917695473251,0.09179808034545539
cw_eot,fr_efficientnetb4_ALL || fr_resnet34_FR,0.1714039621016365,0.9349794238683128,-0.7635754617666763
cw_eot,fr_efficientnetb4_ALL || fr_resnet34_FS,0.1309846431797651,0.1967078189300411,-0.065723175750276
cw_eot,fr_efficientnetb4_ALL || fr_swin_EFS,0.0777113578138343,0.0362139917695473,0.041497366044287
cw_eot,fr_efficientnetb4_ALL || fr_swin_FE,0.4136504653567735,0.0008230452674897,0.4128274200892838
cw_eot,fr_efficientnetb4_ALL || fr_swin_FR,0.2052845528455284,0.1020576131687242,0.1032269396768042
cw_eot,fr_efficientnetb4_ALL || fr_swin_FS,0.0682226211849192,0.0082304526748971,0.059992168510022106
cw_eot,fr_efficientnetb4_ALL || fr_vit_EFS,0.2200956937799043,0.0074074074074074,0.2126882863724969
cw_eot,fr_efficientnetb4_ALL || fr_vit_FE,0.2175925925925926,0.0016460905349794,0.21594650205761318
cw_eot,fr_efficientnetb4_ALL || fr_vit_FR,0.4602960969044414,0.0362139917695473,0.4240821051348941
cw_eot,fr_efficientnetb4_ALL || fr_vit_FS,0.1343108504398827,0.0057613168724279,0.1285495335674548
cw_eot,fr_efficientnetb4_ALL || fr_xception_EFS,0.0033613445378151,0.4584362139917695,-0.45507486945395437
cw_eot,fr_efficientnetb4_ALL || fr_xception_FE,0.0113851992409867,0.0148148148148148,-0.0034296155738281
cw_eot,fr_efficientnetb4_ALL || fr_xception_FR,0.1552028218694885,0.7358024691358025,-0.580599647266314
cw_eot,fr_efficientnetb4_ALL || fr_xception_FS,0.2389610389610389,0.1753086419753086,0.0636523969857303
cw_eot,fr_efficientnetb4_ALL || imgnet_deit_EFS,0.0156128024980484,0.0082304526748971,0.0073823498231513004
cw_eot,fr_efficientnetb4_ALL || imgnet_deit_FE,0.0181818181818181,0.0049382716049382,0.0132435465768799
cw_eot,fr_efficientnetb4_ALL || imgnet_deit_FR,0.0,0.0139917695473251,-0.0139917695473251
cw_eot,fr_efficientnetb4_ALL || imgnet_deit_FS,0.0038197097020626,0.0419753086419753,-0.0381555989399127
cw_eot,fr_efficientnetb4_ALL || imgnet_efficientnetb4_EFS,0.0329218106995884,0.0090534979423868,0.023868312757201596
cw_eot,fr_efficientnetb4_ALL || imgnet_efficientnetb4_FE,0.0572438162544169,0.0057613168724279,0.051482499381989
cw_eot,fr_efficientnetb4_ALL || imgnet_efficientnetb4_FR,0.0015987210231814,0.0074074074074074,-0.005808686384226
cw_eot,fr_efficientnetb4_ALL || imgnet_efficientnetb4_FS,0.0,0.0205761316872428,-0.0205761316872428
cw_eot,fr_efficientnetb4_ALL || imgnet_resnet34_EFS,0.1517128874388254,0.0032921810699588,0.14842070636886662
cw_eot,fr_efficientnetb4_ALL || imgnet_resnet34_FE,0.0029440628066732,0.0032921810699588,-0.00034811826328560004
cw_eot,fr_efficientnetb4_ALL || imgnet_resnet34_FR,0.0111731843575419,0.0008230452674897,0.0103501390900522
cw_eot,fr_efficientnetb4_ALL || imgnet_resnet34_FS,0.1017369727047146,0.0098765432098765,0.09186042949483811
cw_eot,fr_efficientnetb4_ALL || imgnet_swin_EFS,0.0309963099630996,0.0534979423868312,-0.0225016324237316
cw_eot,fr_efficientnetb4_ALL || imgnet_swin_FE,0.0,0.0024691358024691,-0.0024691358024691
cw_eot,fr_efficientnetb4_ALL || imgnet_swin_FR,0.0,0.0008230452674897,-0.0008230452674897
cw_eot,fr_efficientnetb4_ALL || imgnet_swin_FS,0.0050125313283208,0.0707818930041152,-0.0657693616757944
cw_eot,fr_efficientnetb4_ALL || imgnet_vit_EFS,0.0277777777777777,0.0131687242798353,0.0146090534979424
cw_eot,fr_efficientnetb4_ALL || imgnet_vit_FE,0.0160377358490566,0.0008230452674897,0.0152146905815669
cw_eot,fr_efficientnetb4_ALL || imgnet_vit_FR,0.0017777777777777,0.0032921810699588,-0.0015144032921811
cw_eot,fr_efficientnetb4_ALL || imgnet_vit_FS,0.0419463087248322,0.0296296296296296,0.012316679095202603
cw_eot,fr_efficientnetb4_ALL || imgnet_xception_EFS,0.0369458128078817,0.0024691358024691,0.0344766770054126
cw_eot,fr_efficientnetb4_ALL || imgnet_xception_FE,0.0105421686746987,0.0016460905349794,0.0088960781397193
cw_eot,fr_efficientnetb4_ALL || imgnet_xception_FR,0.0,0.0057613168724279,-0.0057613168724279
cw_eot,fr_efficientnetb4_ALL || imgnet_xception_FS,0.1258465011286681,0.0205761316872428,0.1052703694414253
cw_eot,fr_efficientnetb4_EFS || fr_resnet34_ALL,0.5724381625441696,0.4461305007587253,0.12630766178544428
cw_eot,fr_efficientnetb4_EFS || fr_swin_ALL,0.6666666666666666,0.4863064396743153,0.18036022699235132
cw_eot,fr_efficientnetb4_EFS || fr_vit_ALL,0.7078916372202592,0.1274457958751983,0.5804458413450608
cw_eot,fr_efficientnetb4_EFS || fr_xception_ALL,0.2661955241460542,0.0247204237786933,0.2414751003673609
cw_eot,fr_efficientnetb4_EFS || imgnet_deit_ALL,0.0212014134275618,0.0604960677555958,-0.039294654328034
cw_eot,fr_efficientnetb4_EFS || imgnet_efficientnetb4_ALL,0.0070671378091872,0.0302226935312831,-0.023155555722095898
cw_eot,fr_efficientnetb4_EFS || imgnet_resnet34_ALL,0.0047114252061248,0.425,-0.4202885747938752
cw_eot,fr_efficientnetb4_EFS || imgnet_swin_ALL,0.0082449941107184,0.0274663677130044,-0.019221373602286
cw_eot,fr_efficientnetb4_EFS || imgnet_vit_ALL,0.0200235571260306,0.0231839258114374,-0.003160368685406801
cw_eot,fr_efficientnetb4_EFS || imgnet_xception_ALL,0.005889281507656,0.7604625550660793,-0.7545732735584233
cw_eot,fr_efficientnetb4_FE || fr_resnet34_ALL,0.0411764705882352,0.1798179059180576,-0.1386414353298224
cw_eot,fr_efficientnetb4_FE || fr_swin_ALL,0.0867647058823529,0.1450777202072538,-0.058313014324900894
cw_eot,fr_efficientnetb4_FE || fr_vit_ALL,0.3147058823529411,0.0756213643574828,0.23908451799545832
cw_eot,fr_efficientnetb4_FE || fr_xception_ALL,0.0985294117647058,0.0264861683343143,0.0720432434303915
cw_eot,fr_efficientnetb4_FE || imgnet_deit_ALL,0.0058823529411764,0.0780399274047187,-0.0721575744635423
cw_eot,fr_efficientnetb4_FE || imgnet_efficientnetb4_ALL,0.0044117647058823,0.0233297985153764,-0.0189180338094941
cw_eot,fr_efficientnetb4_FE || imgnet_resnet34_ALL,0.0,0.191025641025641,-0.191025641025641
cw_eot,fr_efficientnetb4_FE || imgnet_swin_ALL,0.0029411764705882,0.0039237668161434,-0.0009825903455551997
cw_eot,fr_efficientnetb4_FE || imgnet_vit_ALL,0.0029411764705882,0.0123647604327666,-0.009423583962178399
cw_eot,fr_efficientnetb4_FE || imgnet_xception_ALL,0.0029411764705882,0.5462555066079295,-0.5433143301373413
cw_eot,fr_efficientnetb4_FR || fr_resnet34_ALL,0.6341463414634146,0.2185128983308042,0.4156334431326104
cw_eot,fr_efficientnetb4_FR || fr_swin_ALL,0.4725609756097561,0.0629163582531458,0.4096446173566103
cw_eot,fr_efficientnetb4_FR || fr_vit_ALL,0.0503048780487804,0.0576414595452141,-0.0073365814964337014
cw_eot,fr_efficientnetb4_FR || fr_xception_ALL,0.8170731707317073,0.009417304296645,0.8076558664350623
cw_eot,fr_efficientnetb4_FR || imgnet_deit_ALL,0.1524390243902439,0.0302480338777979,0.122190990512446
cw_eot,fr_efficientnetb4_FR || imgnet_efficientnetb4_ALL,0.0777439024390243,0.0747613997879109,0.002982502651113411
cw_eot,fr_efficientnetb4_FR || imgnet_resnet34_ALL,0.0457317073170731,0.642948717948718,-0.5972170106316449
cw_eot,fr_efficientnetb4_FR || imgnet_swin_ALL,0.0198170731707317,0.0056053811659192,0.0142116920048125
cw_eot,fr_efficientnetb4_FR || imgnet_vit_ALL,0.0289634146341463,0.0087583719732096,0.0202050426609367
cw_eot,fr_efficientnetb4_FR || imgnet_xception_ALL,0.0198170731707317,0.9333700440528634,-0.9135529708821317
cw_eot,fr_efficientnetb4_FS || fr_resnet34_ALL,0.7525974025974026,0.3224582701062215,0.4301391324911811
cw_eot,fr_efficientnetb4_FS || fr_swin_ALL,0.6616883116883117,0.23019985196151,0.43148845972680167
cw_eot,fr_efficientnetb4_FS || fr_vit_ALL,0.135064935064935,0.0904283447911158,0.04463659027381919
cw_eot,fr_efficientnetb4_FS || fr_xception_ALL,0.5707792207792208,0.3072395526780459,0.2635396681011749
cw_eot,fr_efficientnetb4_FS || imgnet_deit_ALL,0.072077922077922,0.1784633998790078,-0.1063854778010858
cw_eot,fr_efficientnetb4_FS || imgnet_efficientnetb4_ALL,0.0428571428571428,0.1108165429480381,-0.0679594000908953
cw_eot,fr_efficientnetb4_FS || imgnet_resnet34_ALL,0.0175324675324675,0.5256410256410257,-0.5081085581085582
cw_eot,fr_efficientnetb4_FS || imgnet_swin_ALL,0.0383116883116883,0.1109865470852018,-0.0726748587735135
cw_eot,fr_efficientnetb4_FS || imgnet_vit_ALL,0.0792207792207792,0.1221020092735703,-0.0428812300527911
cw_eot,fr_efficientnetb4_FS || imgnet_xception_ALL,0.037012987012987,0.9509911894273128,-0.9139782024143257
cw_eot,fr_resnet34_ALL || fr_resnet34_EFS,0.9512893982808024,0.779969650986343,0.17131974729445942
cw_eot,fr_resnet34_ALL || fr_resnet34_FE,0.5854181558255898,0.1661608497723824,0.4192573060532073
cw_eot,fr_resnet34_ALL || fr_resnet34_FR,0.8320413436692506,0.9984825493171472,-0.16644120564789655
cw_eot,fr_resnet34_ALL || fr_resnet34_FS,0.998193315266486,0.6980273141122914,0.3001660011541947
cw_eot,fr_resnet34_ALL || fr_swin_EFS,0.3023057216054654,0.2845220030349014,0.017783718570564044
cw_eot,fr_resnet34_ALL || fr_swin_FE,0.3660806618407445,0.0128983308042488,0.3531823310364957
cw_eot,fr_resnet34_ALL || fr_swin_FR,0.5101626016260162,0.3732928679817905,0.13686973364422572
cw_eot,fr_resnet34_ALL || fr_swin_FS,0.5008976660682226,0.125948406676783,0.37494925939143964
cw_eot,fr_resnet34_ALL || fr_vit_EFS,0.4593301435406698,0.1919575113808801,0.2673726321597897
cw_eot,fr_resnet34_ALL || fr_vit_FE,0.3580246913580246,0.090288315629742,0.2677363757282826
cw_eot,fr_resnet34_ALL || fr_vit_FR,0.6446837146702558,0.381638846737481,0.26304486793277476
cw_eot,fr_resnet34_ALL || fr_vit_FS,0.2228739002932551,0.2207890743550834,0.0020848259381716916
cw_eot,fr_resnet34_ALL || fr_xception_EFS,0.4663865546218487,0.625948406676783,-0.15956185205493428
cw_eot,fr_resnet34_ALL || fr_xception_FE,0.1252371916508539,0.1191198786039453,0.006117313046908601
cw_eot,fr_resnet34_ALL || fr_xception_FR,0.6578483245149912,0.5895295902883156,0.06831873422667556
cw_eot,fr_resnet34_ALL || fr_xception_FS,0.90995670995671,0.3330804248861912,0.5768762850705187
cw_eot,fr_resnet34_ALL || imgnet_deit_EFS,0.0444964871194379,0.165402124430956,-0.1209056373115181
cw_eot,fr_resnet34_ALL || imgnet_deit_FE,0.0472727272727272,0.1160849772382397,-0.0688122499655125
cw_eot,fr_resnet34_ALL || imgnet_deit_FR,0.1050847457627118,0.0698027314112291,0.035282014351482704
cw_eot,fr_resnet34_ALL || imgnet_deit_FS,0.0924369747899159,0.1676783004552352,-0.07524132566531931
cw_eot,fr_resnet34_ALL || imgnet_efficientnetb4_EFS,0.3614540466392318,0.0409711684370258,0.320482878202206
cw_eot,fr_resnet34_ALL || imgnet_efficientnetb4_FE,0.0742049469964664,0.0144157814871016,0.059789165509364806
cw_eot,fr_resnet34_ALL || imgnet_efficientnetb4_FR,0.0471622701838529,0.0182094081942336,0.028952861989619296
cw_eot,fr_resnet34_ALL || imgnet_efficientnetb4_FS,0.0189973614775725,0.0819423368740516,-0.0629449753964791
cw_eot,fr_resnet34_ALL || imgnet_resnet34_EFS,0.7585644371941273,0.0356600910470409,0.7229043461470863
cw_eot,fr_resnet34_ALL || imgnet_resnet34_FE,0.0873405299313052,0.0159332321699544,0.0714072977613508
cw_eot,fr_resnet34_ALL || imgnet_resnet34_FR,0.2442138866719872,0.0197268588770864,0.22448702779490082
cw_eot,fr_resnet34_ALL || imgnet_resnet34_FS,0.6730769230769231,0.0682852807283763,0.6047916423485469
cw_eot,fr_resnet34_ALL || imgnet_swin_EFS,0.3690036900369003,0.3012139605462822,0.06778972949061812
cw_eot,fr_resnet34_ALL || imgnet_swin_FE,0.0042826552462526,0.0971168437025796,-0.092834188456327
cw_eot,fr_resnet34_ALL || imgnet_swin_FR,0.0173453996983408,0.0265553869499241,-0.009209987251583302
cw_eot,fr_resnet34_ALL || imgnet_swin_FS,0.3634085213032581,0.1449165402124431,0.21849198109081502
cw_eot,fr_resnet34_ALL || imgnet_vit_EFS,0.1340277777777777,0.1919575113808801,-0.05792973360310241
cw_eot,fr_resnet34_ALL || imgnet_vit_FE,0.0952830188679245,0.0606980273141122,0.03458499155381229
cw_eot,fr_resnet34_ALL || imgnet_vit_FR,0.0275555555555555,0.0364188163884673,-0.0088632608329118
cw_eot,fr_resnet34_ALL || imgnet_vit_FS,0.3162751677852349,0.1130500758725341,0.2032250919127008
cw_eot,fr_resnet34_ALL || imgnet_xception_EFS,0.7025862068965517,0.0121396054628224,0.6904466014337293
cw_eot,fr_resnet34_ALL || imgnet_xception_FE,0.0090361445783132,0.0030349013657056,0.006001243212607601
cw_eot,fr_resnet34_ALL || imgnet_xception_FR,0.0049291435613062,0.0083459787556904,-0.0034168351943841997
cw_eot,fr_resnet34_ALL || imgnet_xception_FS,0.8498871331828443,0.0204855842185129,0.8294015489643314
cw_eot,fr_resnet34_EFS || fr_swin_ALL,0.7378223495702005,0.5951147298297558,0.14270761974044477
cw_eot,fr_resnet34_EFS || fr_vit_ALL,0.6303724928366762,0.1295610787942887,0.5008114140423875
cw_eot,fr_resnet34_EFS || fr_xception_ALL,0.0343839541547277,0.0052972336668628,0.029086720487864898
cw_eot,fr_resnet34_EFS || imgnet_deit_ALL,0.0028653295128939,0.1155474894131881,-0.1126821599002942
cw_eot,fr_resnet34_EFS || imgnet_efficientnetb4_ALL,0.0,0.0328738069989395,-0.0328738069989395
cw_eot,fr_resnet34_EFS || imgnet_resnet34_ALL,0.0,0.6173076923076923,-0.6173076923076923
cw_eot,fr_resnet34_EFS || imgnet_swin_ALL,0.0014326647564469,0.0381165919282511,-0.0366839271718042
cw_eot,fr_resnet34_EFS || imgnet_vit_ALL,0.0014326647564469,0.0123647604327666,-0.0109320956763197
cw_eot,fr_resnet34_EFS || imgnet_xception_ALL,0.0,0.7064977973568282,-0.7064977973568282
cw_eot,fr_resnet34_FE || fr_swin_ALL,0.2037169406719085,0.0851221317542561,0.11859480891765238
cw_eot,fr_resnet34_FE || fr_vit_ALL,0.3030736240171551,0.0613432046536224,0.2417304193635327
cw_eot,fr_resnet34_FE || fr_xception_ALL,0.3902787705503931,0.0135373749264273,0.3767413956239658
cw_eot,fr_resnet34_FE || imgnet_deit_ALL,0.0664760543245175,0.1415607985480943,-0.0750847442235768
cw_eot,fr_resnet34_FE || imgnet_efficientnetb4_ALL,0.0164403145103645,0.0493107104984093,-0.032870395988044795
cw_eot,fr_resnet34_FE || imgnet_resnet34_ALL,0.0114367405289492,0.5782051282051283,-0.5667683876761791
cw_eot,fr_resnet34_FE || imgnet_swin_ALL,0.0428877769835596,0.0504484304932735,-0.0075606535097139035
cw_eot,fr_resnet34_FE || imgnet_vit_ALL,0.0314510364546104,0.0123647604327666,0.0190862760218438
cw_eot,fr_resnet34_FE || imgnet_xception_ALL,0.0050035739814152,0.8149779735682819,-0.8099743995868668
cw_eot,fr_resnet34_FR || fr_swin_ALL,0.5960378983634798,0.7113249444855663,-0.11528704612208651
cw_eot,fr_resnet34_FR || fr_vit_ALL,0.3092161929371231,0.1433104177683765,0.1659057751687466
cw_eot,fr_resnet34_FR || fr_xception_ALL,0.8251507321274764,0.955267804590936,-0.1301170724634596
cw_eot,fr_resnet34_FR || imgnet_deit_ALL,0.0482342807924203,0.7519661222020568,-0.7037318414096365
cw_eot,fr_resnet34_FR || imgnet_efficientnetb4_ALL,0.0137812230835486,0.6299045599151644,-0.6161233368316158
cw_eot,fr_resnet34_FR || imgnet_resnet34_ALL,0.0025839793281653,0.9314102564102564,-0.9288262770820911
cw_eot,fr_resnet34_FR || imgnet_swin_ALL,0.0086132644272179,0.7247757847533632,-0.7161625203261454
cw_eot,fr_resnet34_FR || imgnet_vit_ALL,0.012058570198105,0.4703760947964966,-0.4583175245983916
cw_eot,fr_resnet34_FR || imgnet_xception_ALL,0.0025839793281653,0.99284140969163,-0.9902574303634647
cw_eot,fr_resnet34_FS || fr_swin_ALL,0.8084914182475158,0.2287194670614359,0.5797719511860799
cw_eot,fr_resnet34_FS || fr_vit_ALL,0.4299909665763324,0.0576414595452141,0.3723495070311183
cw_eot,fr_resnet34_FS || fr_xception_ALL,0.5420054200542005,0.0288404944084755,0.513164925645725
cw_eot,fr_resnet34_FS || imgnet_deit_ALL,0.1111111111111111,0.1155474894131881,-0.004436378302076993
cw_eot,fr_resnet34_FS || imgnet_efficientnetb4_ALL,0.050587172538392,0.0535524920466596,-0.0029653195082676026
cw_eot,fr_resnet34_FS || imgnet_resnet34_ALL,0.024390243902439,0.4788461538461538,-0.4544559099437148
cw_eot,fr_resnet34_FS || imgnet_swin_ALL,0.1237579042457091,0.1059417040358744,0.017816200209834696
cw_eot,fr_resnet34_FS || imgnet_vit_ALL,0.1129177958446251,0.0211231324059763,0.0917946634386488
cw_eot,fr_resnet34_FS || imgnet_xception_ALL,0.028906955736224,0.5275330396475771,-0.49862608391135316
cw_eot,fr_swin_ALL || fr_swin_EFS,0.9854824935952178,0.840858623242043,0.1446238703531748
cw_eot,fr_swin_ALL || fr_swin_FE,0.9203722854188212,0.2220577350111028,0.6983145504077184
cw_eot,fr_swin_ALL || fr_swin_FR,0.9847560975609756,0.7520355292376018,0.23272056832337384
cw_eot,fr_swin_ALL || fr_swin_FS,0.9964093357271095,0.4951887490747594,0.5012205866523501
cw_eot,fr_swin_ALL || fr_vit_EFS,0.8267942583732057,0.5980754996299038,0.22871875874330194
cw_eot,fr_swin_ALL || fr_vit_FE,0.4614197530864197,0.4011843079200592,0.06023544516636048
cw_eot,fr_swin_ALL || fr_vit_FR,0.7254374158815612,0.4840858623242043,0.24135155355735688
cw_eot,fr_swin_ALL || fr_vit_FS,0.5378299120234604,0.4300518134715025,0.10777809855195791
cw_eot,fr_swin_ALL || fr_xception_EFS,0.5789915966386555,0.5951147298297558,-0.01612313319110026
cw_eot,fr_swin_ALL || fr_xception_FE,0.1157495256166983,0.1428571428571428,-0.027107617240444498
cw_eot,fr_swin_ALL || fr_xception_FR,0.5317460317460317,0.2568467801628423,0.27489925158318945
cw_eot,fr_swin_ALL || fr_xception_FS,0.8692640692640693,0.233160621761658,0.6361034475024113
cw_eot,fr_swin_ALL || imgnet_deit_EFS,0.0288836846213895,0.0429311621021465,-0.014047477480757003
cw_eot,fr_swin_ALL || imgnet_deit_FE,0.1081818181818181,0.0192450037009622,0.0889368144808559
cw_eot,fr_swin_ALL || imgnet_deit_FR,0.1367231638418079,0.0266469282013323,0.11007623564047561
cw_eot,fr_swin_ALL || imgnet_deit_FS,0.0565317035905271,0.0414507772020725,0.015080926388454603
cw_eot,fr_swin_ALL || imgnet_efficientnetb4_EFS,0.0761316872427983,0.0148038490007401,0.0613278382420582
cw_eot,fr_swin_ALL || imgnet_efficientnetb4_FE,0.0664310954063604,0.0148038490007401,0.0516272464056203
cw_eot,fr_swin_ALL || imgnet_efficientnetb4_FR,0.1199040767386091,0.005921539600296,0.1139825371383131
cw_eot,fr_swin_ALL || imgnet_efficientnetb4_FS,0.0153034300791556,0.0088823094004441,0.006421120678711501
cw_eot,fr_swin_ALL || imgnet_resnet34_EFS,0.2357259380097879,0.002960769800148,0.23276516820963988
cw_eot,fr_swin_ALL || imgnet_resnet34_FE,0.0343473994111874,0.000740192450037,0.033607206961150396
cw_eot,fr_swin_ALL || imgnet_resnet34_FR,0.0662410215482841,0.005181347150259,0.06105967439802509
cw_eot,fr_swin_ALL || imgnet_resnet34_FS,0.1929280397022332,0.004441154700222,0.18848688500201122
cw_eot,fr_swin_ALL || imgnet_swin_EFS,0.1062730627306273,0.0843819393042191,0.0218911234264082
cw_eot,fr_swin_ALL || imgnet_swin_FE,0.0203426124197002,0.0318282753515914,-0.011485662931891197
cw_eot,fr_swin_ALL || imgnet_swin_FR,0.0188536953242835,0.0111028867505551,0.0077508085737283995
cw_eot,fr_swin_ALL || imgnet_swin_FS,0.1854636591478696,0.0192450037009622,0.1662186554469074
cw_eot,fr_swin_ALL || imgnet_vit_EFS,0.0319444444444444,0.0910436713545521,-0.0590992269101077
cw_eot,fr_swin_ALL || imgnet_vit_FE,0.0962264150943396,0.0355292376017764,0.060697177492563203
cw_eot,fr_swin_ALL || imgnet_vit_FR,0.0097777777777777,0.0185048112509252,-0.0087270334731475
cw_eot,fr_swin_ALL || imgnet_vit_FS,0.0528523489932885,0.0251665433012583,0.0276858056920302
cw_eot,fr_swin_ALL || imgnet_xception_EFS,0.0437192118226601,0.005181347150259,0.0385378646724011
cw_eot,fr_swin_ALL || imgnet_xception_FE,0.0602409638554216,0.004441154700222,0.0557998091551996
cw_eot,fr_swin_ALL || imgnet_xception_FR,0.0006161429451632,0.004441154700222,-0.0038250117550588003
cw_eot,fr_swin_ALL || imgnet_xception_FS,0.0705417607223476,0.005181347150259,0.06536041357208859
cw_eot,fr_swin_EFS || fr_vit_ALL,0.6840307429547395,0.1723955579058699,0.5116351850488696
cw_eot,fr_swin_EFS || fr_xception_ALL,0.1656703672075149,0.0,0.1656703672075149
cw_eot,fr_swin_EFS || imgnet_deit_ALL,0.0375747224594363,0.0084694494857834,0.0291052729736529
cw_eot,fr_swin_EFS || imgnet_efficientnetb4_ALL,0.0051238257899231,0.0471898197242841,-0.042065993934361
cw_eot,fr_swin_EFS || imgnet_resnet34_ALL,0.0111016225448334,0.1352564102564102,-0.12415478771157679
cw_eot,fr_swin_EFS || imgnet_swin_ALL,0.0230572160546541,0.0033632286995515,0.0196939873551026
cw_eot,fr_swin_EFS || imgnet_vit_ALL,0.0298889837745516,0.0005151983513652,0.029373785423186402
cw_eot,fr_swin_EFS || imgnet_xception_ALL,0.0051238257899231,0.1029735682819383,-0.0978497424920152
cw_eot,fr_swin_FE || fr_vit_ALL,0.6163391933815926,0.0745637228979376,0.541775470483655
cw_eot,fr_swin_FE || fr_xception_ALL,0.4643226473629783,0.0,0.4643226473629783
cw_eot,fr_swin_FE || imgnet_deit_ALL,0.3929679420889349,0.0006049606775559,0.392362981411379
cw_eot,fr_swin_FE || imgnet_efficientnetb4_ALL,0.1902792140641158,0.0227995758218451,0.1674796382422707
cw_eot,fr_swin_FE || imgnet_resnet34_ALL,0.3081695966907963,0.0487179487179487,0.2594516479728476
cw_eot,fr_swin_FE || imgnet_swin_ALL,0.3143743536711478,0.0005605381165919,0.3138138155545559
cw_eot,fr_swin_FE || imgnet_vit_ALL,0.3526370217166494,0.0,0.3526370217166494
cw_eot,fr_swin_FE || imgnet_xception_ALL,0.1096173733195449,0.1062775330396475,0.0033398402798973936
cw_eot,fr_swin_FR || fr_vit_ALL,0.7134146341463414,0.1597038603913273,0.5537107737550141
cw_eot,fr_swin_FR || fr_xception_ALL,0.5142276422764228,0.0070629782224838,0.507164664053939
cw_eot,fr_swin_FR || imgnet_deit_ALL,0.1077235772357723,0.0369026013309134,0.0708209759048589
cw_eot,fr_swin_FR || imgnet_efficientnetb4_ALL,0.0274390243902439,0.0747613997879109,-0.047322375397666996
cw_eot,fr_swin_FR || imgnet_resnet34_ALL,0.0447154471544715,0.3211538461538462,-0.27643839899937467
cw_eot,fr_swin_FR || imgnet_swin_ALL,0.0873983739837398,0.0302690582959641,0.0571293156877757
cw_eot,fr_swin_FR || imgnet_vit_ALL,0.0691056910569105,0.0061823802163833,0.0629233108405272
cw_eot,fr_swin_FR || imgnet_xception_ALL,0.0111788617886178,0.3408590308370044,-0.3296801690483866
cw_eot,fr_swin_FS || fr_vit_ALL,0.7360861759425493,0.1110523532522475,0.6250338226903018
cw_eot,fr_swin_FS || fr_xception_ALL,0.2836624775583483,0.0,0.2836624775583483
cw_eot,fr_swin_FS || imgnet_deit_ALL,0.1759425493716337,0.0030248033877797,0.172917745983854
cw_eot,fr_swin_FS || imgnet_efficientnetb4_ALL,0.0305206463195691,0.0259809119830328,0.004539734336536299
cw_eot,fr_swin_FS || imgnet_resnet34_ALL,0.0287253141831238,0.125,-0.0962746858168762
cw_eot,fr_swin_FS || imgnet_swin_ALL,0.0610412926391382,0.0022421524663677,0.0587991401727705
cw_eot,fr_swin_FS || imgnet_vit_ALL,0.1615798922800718,0.0025759917568263,0.1590039005232455
cw_eot,fr_swin_FS || imgnet_xception_ALL,0.0233393177737881,0.1503303964757709,-0.12699107870198278
cw_eot,fr_vit_ALL || fr_vit_EFS,0.998086124401914,0.43204653622422,0.5660395881776941
cw_eot,fr_vit_ALL || fr_vit_FE,0.7484567901234568,0.3262823902696986,0.4221743998537582
cw_eot,fr_vit_ALL || fr_vit_FR,0.8936742934051144,0.4965626652564781,0.3971116281486363
cw_eot,fr_vit_ALL || fr_vit_FS,0.910850439882698,0.363299841353781,0.547550598528917
cw_eot,fr_vit_ALL || fr_xception_EFS,0.4386554621848739,0.1406663141195135,0.29798914806536037
cw_eot,fr_vit_ALL || fr_xception_FE,0.1859582542694497,0.0824960338445267,0.10346222042492301
cw_eot,fr_vit_ALL || fr_xception_FR,0.2583774250440917,0.0835536753040719,0.17482374974001982
cw_eot,fr_vit_ALL || fr_xception_FS,0.3619047619047619,0.0512956107879428,0.3106091511168191
cw_eot,fr_vit_ALL || imgnet_deit_EFS,0.0999219359875097,0.0232681121099947,0.076653823877515
cw_eot,fr_vit_ALL || imgnet_deit_FE,0.2609090909090909,0.0148069804336329,0.24610211047545802
cw_eot,fr_vit_ALL || imgnet_deit_FR,0.0757062146892655,0.0269698572184029,0.0487363574708626
cw_eot,fr_vit_ALL || imgnet_deit_FS,0.0206264323911382,0.0285563194077207,-0.007929887016582503
cw_eot,fr_vit_ALL || imgnet_efficientnetb4_EFS,0.1920438957475994,0.017451084082496,0.1745928116651034
cw_eot,fr_vit_ALL || imgnet_efficientnetb4_FE,0.2685512367491166,0.0259122157588577,0.24263902099025886
cw_eot,fr_vit_ALL || imgnet_efficientnetb4_FR,0.4940047961630695,0.0185087255420412,0.47549607062102833
cw_eot,fr_vit_ALL || imgnet_efficientnetb4_FS,0.0158311345646438,0.0195663670015864,-0.003735232436942598
cw_eot,fr_vit_ALL || imgnet_resnet34_EFS,0.5261011419249593,0.0068746694870438,0.5192264724379154
cw_eot,fr_vit_ALL || imgnet_resnet34_FE,0.2796859666339548,0.0126916975145425,0.26699426911941226
cw_eot,fr_vit_ALL || imgnet_resnet34_FR,0.3894652833200319,0.0227392913802221,0.3667259919398098
cw_eot,fr_vit_ALL || imgnet_resnet34_FS,0.1178660049627791,0.0148069804336329,0.1030590245291462
cw_eot,fr_vit_ALL || imgnet_swin_EFS,0.2929889298892988,0.0264410364886303,0.26654789340066853
cw_eot,fr_vit_ALL || imgnet_swin_FE,0.0738758029978586,0.0259122157588577,0.047963587239000904
cw_eot,fr_vit_ALL || imgnet_swin_FR,0.1070889894419306,0.020095187731359,0.0869938017105716
cw_eot,fr_vit_ALL || imgnet_swin_FS,0.1309523809523809,0.0116340560549973,0.1193183248973836
cw_eot,fr_vit_ALL || imgnet_vit_EFS,0.0722222222222222,0.0354309888947646,0.0367912333274576
cw_eot,fr_vit_ALL || imgnet_vit_FE,0.2415094339622641,0.020095187731359,0.2214142462309051
cw_eot,fr_vit_ALL || imgnet_vit_FR,0.0222222222222222,0.0222104706504495,1.1751571772699448e-05
cw_eot,fr_vit_ALL || imgnet_vit_FS,0.0444630872483221,0.0132205182443151,0.031242569004006997
cw_eot,fr_vit_ALL || imgnet_xception_EFS,0.2666256157635468,0.0116340560549973,0.25499155970854953
cw_eot,fr_vit_ALL || imgnet_xception_FE,0.1618975903614457,0.0100475938656795,0.1518499964957662
cw_eot,fr_vit_ALL || imgnet_xception_FR,0.2667898952556993,0.0142781597038603,0.252511735551839
cw_eot,fr_vit_ALL || imgnet_xception_FS,0.4926636568848758,0.0105764145954521,0.4820872422894237
cw_eot,fr_vit_EFS || fr_xception_ALL,0.3435406698564593,0.0,0.3435406698564593
cw_eot,fr_vit_EFS || imgnet_deit_ALL,0.1961722488038277,0.0120992135511191,0.1840730352527086
cw_eot,fr_vit_EFS || imgnet_efficientnetb4_ALL,0.0746411483253588,0.0609756097560975,0.013665538569261303
cw_eot,fr_vit_EFS || imgnet_resnet34_ALL,0.1119617224880382,0.1134615384615384,-0.0014998159735001987
cw_eot,fr_vit_EFS || imgnet_swin_ALL,0.1588516746411483,0.007286995515695,0.1515646791254533
cw_eot,fr_vit_EFS || imgnet_vit_ALL,0.1760765550239234,0.0036063884595569,0.17247016656436648
cw_eot,fr_vit_EFS || imgnet_xception_ALL,0.0488038277511961,0.0842511013215859,-0.035447273570389806
cw_eot,fr_vit_FE || fr_xception_ALL,0.2476851851851851,0.0005885815185403,0.2470966036666448
cw_eot,fr_vit_FE || imgnet_deit_ALL,0.1527777777777778,0.0036297640653357,0.1491480137124421
cw_eot,fr_vit_FE || imgnet_efficientnetb4_ALL,0.0516975308641975,0.0328738069989395,0.018823723865257998
cw_eot,fr_vit_FE || imgnet_resnet34_ALL,0.1064814814814814,0.0429487179487179,0.06353276353276349
cw_eot,fr_vit_FE || imgnet_swin_ALL,0.1473765432098765,0.0022421524663677,0.1451343907435088
cw_eot,fr_vit_FE || imgnet_vit_ALL,0.1003086419753086,0.0030911901081916,0.097217451867117
cw_eot,fr_vit_FE || imgnet_xception_ALL,0.0378086419753086,0.0225770925110132,0.015231549464295401
cw_eot,fr_vit_FR || fr_xception_ALL,0.5585464333781965,0.0088287227781047,0.5497177106000919
cw_eot,fr_vit_FR || imgnet_deit_ALL,0.3499327052489905,0.0592861464004839,0.2906465588485066
cw_eot,fr_vit_FR || imgnet_efficientnetb4_ALL,0.1668909825033647,0.108695652173913,0.058195330329451705
cw_eot,fr_vit_FR || imgnet_resnet34_ALL,0.2395693135935397,0.3025641025641025,-0.06299478897056279
cw_eot,fr_vit_FR || imgnet_swin_ALL,0.2570659488559892,0.0633408071748879,0.19372514168110133
cw_eot,fr_vit_FR || imgnet_vit_ALL,0.2678331090174966,0.0139103554868624,0.25392275353063415
cw_eot,fr_vit_FR || imgnet_xception_ALL,0.079407806191117,0.3843612334801762,-0.3049534272890592
cw_eot,fr_vit_FS || fr_xception_ALL,0.2058651026392962,0.0,0.2058651026392962
cw_eot,fr_vit_FS || imgnet_deit_ALL,0.113782991202346,0.0127041742286751,0.1010788169736709
cw_eot,fr_vit_FS || imgnet_efficientnetb4_ALL,0.0351906158357771,0.0503711558854719,-0.015180540049694796
cw_eot,fr_vit_FS || imgnet_resnet34_ALL,0.0756598240469208,0.1705128205128205,-0.09485299646589969
cw_eot,fr_vit_FS || imgnet_swin_ALL,0.0821114369501466,0.0173766816143497,0.0647347553357969
cw_eot,fr_vit_FS || imgnet_vit_ALL,0.1120234604105571,0.0046367851622874,0.1073866752482697
cw_eot,fr_vit_FS || imgnet_xception_ALL,0.0252199413489736,0.138215859030837,-0.1129959176818634
cw_eot,fr_xception_ALL || fr_xception_EFS,0.2941176470588235,0.1912889935256033,0.10282865353322018
cw_eot,fr_xception_ALL || fr_xception_FE,0.2561669829222011,0.0117716303708063,0.24439535255139477
cw_eot,fr_xception_ALL || fr_xception_FR,0.948853615520282,0.9140670982931136,0.03478651722716841
cw_eot,fr_xception_ALL || fr_xception_FS,0.9982683982683984,0.0070629782224838,0.9912054200459146
cw_eot,fr_xception_ALL || imgnet_deit_EFS,0.0928961748633879,0.0070629782224838,0.08583319664090411
cw_eot,fr_xception_ALL || imgnet_deit_FE,0.0545454545454545,0.0082401412595644,0.046305313285890104
cw_eot,fr_xception_ALL || imgnet_deit_FR,0.3005649717514124,0.0023543260741612,0.2982106456772512
cw_eot,fr_xception_ALL || imgnet_deit_FS,0.2345301757066463,0.0147145379635079,0.2198156377431384
cw_eot,fr_xception_ALL || imgnet_efficientnetb4_EFS,0.4204389574759945,0.0005885815185403,0.4198503759574542
cw_eot,fr_xception_ALL || imgnet_efficientnetb4_FE,0.1215547703180212,0.0017657445556209,0.1197890257624003
cw_eot,fr_xception_ALL || imgnet_efficientnetb4_FR,0.2430055955235811,0.0017657445556209,0.24123985096796022
cw_eot,fr_xception_ALL || imgnet_efficientnetb4_FS,0.0364116094986807,0.0005885815185403,0.0358230279801404
cw_eot,fr_xception_ALL || imgnet_resnet34_EFS,0.5203915171288744,0.0,0.5203915171288744
cw_eot,fr_xception_ALL || imgnet_resnet34_FE,0.0372914622178606,0.0,0.0372914622178606
cw_eot,fr_xception_ALL || imgnet_resnet34_FR,0.4006384676775738,0.0,0.4006384676775738
cw_eot,fr_xception_ALL || imgnet_resnet34_FS,0.4088089330024814,0.0011771630370806,0.4076317699654008
cw_eot,fr_xception_ALL || imgnet_swin_EFS,0.233210332103321,0.0082401412595644,0.2249701908437566
cw_eot,fr_xception_ALL || imgnet_swin_FE,0.0042826552462526,0.0058858151854031,-0.0016031599391505003
cw_eot,fr_xception_ALL || imgnet_swin_FR,0.0995475113122171,0.0005885815185403,0.0989589297936768
cw_eot,fr_xception_ALL || imgnet_swin_FS,0.3421052631578947,0.0076515597410241,0.3344537034168706
cw_eot,fr_xception_ALL || imgnet_vit_EFS,0.1284722222222222,0.0029429075927015,0.12552931462952072
cw_eot,fr_xception_ALL || imgnet_vit_FE,0.0169811320754716,0.0011771630370806,0.015803969038391
cw_eot,fr_xception_ALL || imgnet_vit_FR,0.2071111111111111,0.0,0.2071111111111111
cw_eot,fr_xception_ALL || imgnet_vit_FS,0.4916107382550335,0.0047086521483225,0.486902086106711
cw_eot,fr_xception_ALL || imgnet_xception_EFS,0.4895320197044335,0.0011771630370806,0.4883548566673529
cw_eot,fr_xception_ALL || imgnet_xception_FE,0.0105421686746987,0.0,0.0105421686746987
cw_eot,fr_xception_ALL || imgnet_xception_FR,0.0462107208872458,0.0005885815185403,0.0456221393687055
cw_eot,fr_xception_ALL || imgnet_xception_FS,0.8019187358916479,0.0023543260741612,0.7995644098174867
cw_eot,fr_xception_EFS || imgnet_deit_ALL,0.0084033613445378,0.4361766485178463,-0.42777328717330854
cw_eot,fr_xception_EFS || imgnet_efficientnetb4_ALL,0.0,0.2057264050901378,-0.2057264050901378
cw_eot,fr_xception_EFS || imgnet_resnet34_ALL,0.0,0.8794871794871795,-0.8794871794871795
cw_eot,fr_xception_EFS || imgnet_swin_ALL,0.0008403361344537,0.234304932735426,-0.2334645966009723
cw_eot,fr_xception_EFS || imgnet_vit_ALL,0.0025210084033613,0.091705306543019,-0.08918429813965771
cw_eot,fr_xception_EFS || imgnet_xception_ALL,0.0,0.9669603524229076,-0.9669603524229076
cw_eot,fr_xception_FE || imgnet_deit_ALL,0.0094876660341555,0.1712038717483363,-0.1617162057141808
cw_eot,fr_xception_FE || imgnet_efficientnetb4_ALL,0.0009487666034155,0.0397667020148462,-0.0388179354114307
cw_eot,fr_xception_FE || imgnet_resnet34_ALL,0.0,0.3724358974358974,-0.3724358974358974
cw_eot,fr_xception_FE || imgnet_swin_ALL,0.0009487666034155,0.0269058295964125,-0.025957062992997
cw_eot,fr_xception_FE || imgnet_vit_ALL,0.0009487666034155,0.0092735703245749,-0.0083248037211594
cw_eot,fr_xception_FE || imgnet_xception_ALL,0.0,0.637114537444934,-0.637114537444934
cw_eot,fr_xception_FR || imgnet_deit_ALL,0.0749559082892416,0.4482758620689655,-0.37331995377972393
cw_eot,fr_xception_FR || imgnet_efficientnetb4_ALL,0.0158730158730158,0.5349946977730647,-0.5191216819000489
cw_eot,fr_xception_FR || imgnet_resnet34_ALL,0.0079365079365079,0.8903846153846153,-0.8824481074481074
cw_eot,fr_xception_FR || imgnet_swin_ALL,0.0132275132275132,0.2090807174887892,-0.195853204261276
cw_eot,fr_xception_FR || imgnet_vit_ALL,0.0414462081128747,0.2292632663575476,-0.1878170582446729
cw_eot,fr_xception_FR || imgnet_xception_ALL,0.0105820105820105,0.9851321585903084,-0.974550148008298
cw_eot,fr_xception_FS || imgnet_deit_ALL,0.2588744588744588,0.2686025408348457,-0.00972808196038688
cw_eot,fr_xception_FS || imgnet_efficientnetb4_ALL,0.0476190476190476,0.0493107104984093,-0.001691662879361698
cw_eot,fr_xception_FS || imgnet_resnet34_ALL,0.0346320346320346,0.7038461538461539,-0.6692141192141193
cw_eot,fr_xception_FS || imgnet_swin_ALL,0.1679653679653679,0.0711883408071748,0.0967770271581931
cw_eot,fr_xception_FS || imgnet_vit_ALL,0.2069264069264069,0.0432766615146831,0.1636497454117238
cw_eot,fr_xception_FS || imgnet_xception_ALL,0.0155844155844155,0.8579295154185022,-0.8423450998340867
cw_eot,imgnet_deit_ALL || imgnet_deit_EFS,0.8274785323965652,0.9340592861464004,-0.10658075374983522
cw_eot,imgnet_deit_ALL || imgnet_deit_FE,0.0763636363636363,0.6055656382335148,-0.5292020018698785
cw_eot,imgnet_deit_ALL || imgnet_deit_FR,0.8689265536723164,0.9528130671506352,-0.08388651347831877
cw_eot,imgnet_deit_ALL || imgnet_deit_FS,0.9778456837280368,0.9147005444646098,0.06314513926342702
cw_eot,imgnet_deit_ALL || imgnet_efficientnetb4_EFS,0.2407407407407407,0.2377495462794918,0.0029911944612489028
cw_eot,imgnet_deit_ALL || imgnet_efficientnetb4_FE,0.1328621908127208,0.1119177253478524,0.020944465464868403
cw_eot,imgnet_deit_ALL || imgnet_efficientnetb4_FR,0.4788169464428457,0.2244404113732607,0.254376535069585
cw_eot,imgnet_deit_ALL || imgnet_efficientnetb4_FS,0.2733509234828496,0.338777979431337,-0.06542705594848736
cw_eot,imgnet_deit_ALL || imgnet_resnet34_EFS,0.4698205546492659,0.1355111917725348,0.33430936287673113
cw_eot,imgnet_deit_ALL || imgnet_resnet34_FE,0.0343473994111874,0.0496067755595886,-0.015259376148401206
cw_eot,imgnet_deit_ALL || imgnet_resnet34_FR,0.2146847565841979,0.2099213551119177,0.004763401472280188
cw_eot,imgnet_deit_ALL || imgnet_resnet34_FS,0.6265508684863523,0.1548699334543254,0.4716809350320269
cw_eot,imgnet_deit_ALL || imgnet_swin_EFS,0.5409594095940959,0.8318209316394435,-0.29086152204534754
cw_eot,imgnet_deit_ALL || imgnet_swin_FE,0.038543897216274,0.3200241984271022,-0.28148030121082823
cw_eot,imgnet_deit_ALL || imgnet_swin_FR,0.4834087481146304,0.6817906836055656,-0.1983819354909352
cw_eot,imgnet_deit_ALL || imgnet_swin_FS,0.9097744360902256,0.6261343012704175,0.2836401348198081
cw_eot,imgnet_deit_ALL || imgnet_vit_EFS,0.2875,0.6557773744706594,-0.36827737447065945
cw_eot,imgnet_deit_ALL || imgnet_vit_FE,0.0490566037735849,0.131276467029643,-0.0822198632560581
cw_eot,imgnet_deit_ALL || imgnet_vit_FR,0.384,0.9038112522686026,-0.5198112522686026
cw_eot,imgnet_deit_ALL || imgnet_vit_FS,0.7969798657718121,0.4906231094978826,0.3063567562739295
cw_eot,imgnet_deit_ALL || imgnet_xception_EFS,0.3208128078817734,0.1687840290381125,0.15202877884366092
cw_eot,imgnet_deit_ALL || imgnet_xception_FE,0.0301204819277108,0.0326678765880217,-0.0025473946603108977
cw_eot,imgnet_deit_ALL || imgnet_xception_FR,0.1947011706715958,0.1161524500907441,0.07854872058085172
cw_eot,imgnet_deit_ALL || imgnet_xception_FS,0.7832957110609481,0.1409558378705384,0.6423398731904097
cw_eot,imgnet_deit_EFS || imgnet_efficientnetb4_ALL,0.0078064012490242,0.372746553552492,-0.36494015230346777
cw_eot,imgnet_deit_EFS || imgnet_resnet34_ALL,0.0132708821233411,0.7673076923076924,-0.7540368101843512
cw_eot,imgnet_deit_EFS || imgnet_swin_ALL,0.3684621389539422,0.3643497757847533,0.004112363169188893
cw_eot,imgnet_deit_EFS || imgnet_vit_ALL,0.3302107728337236,0.1313755795981452,0.19883519323557838
cw_eot,imgnet_deit_EFS || imgnet_xception_ALL,0.0046838407494145,0.8480176211453745,-0.84333378039596
cw_eot,imgnet_deit_FE || imgnet_efficientnetb4_ALL,0.0063636363636363,0.2269353128313891,-0.2205716764677528
cw_eot,imgnet_deit_FE || imgnet_resnet34_ALL,0.0063636363636363,0.517948717948718,-0.5115850815850816
cw_eot,imgnet_deit_FE || imgnet_swin_ALL,0.0263636363636363,0.1395739910313901,-0.1132103546677538
cw_eot,imgnet_deit_FE || imgnet_vit_ALL,0.0318181818181818,0.0273055126223596,0.004512669195822203
cw_eot,imgnet_deit_FE || imgnet_xception_ALL,0.0045454545454545,0.5616740088105727,-0.5571285542651182
cw_eot,imgnet_deit_FR || imgnet_efficientnetb4_ALL,0.2610169491525423,0.4544008483563097,-0.19338389920376736
cw_eot,imgnet_deit_FR || imgnet_resnet34_ALL,0.2858757062146893,0.7596153846153846,-0.4737396784006953
cw_eot,imgnet_deit_FR || imgnet_swin_ALL,0.7254237288135593,0.4344170403587444,0.2910066884548149
cw_eot,imgnet_deit_FR || imgnet_vit_ALL,0.7028248587570621,0.1391035548686244,0.5637213038884377
cw_eot,imgnet_deit_FR || imgnet_xception_ALL,0.0406779661016949,0.7483480176211453,-0.7076700515194504
cw_eot,imgnet_deit_FS || imgnet_efficientnetb4_ALL,0.095492742551566,0.4178154825026511,-0.32232273995108507
cw_eot,imgnet_deit_FS || imgnet_resnet34_ALL,0.0863254392666157,0.7814102564102564,-0.6950848171436407
cw_eot,imgnet_deit_FS || imgnet_swin_ALL,0.8472116119174943,0.5184977578475336,0.3287138540699607
cw_eot,imgnet_deit_FS || imgnet_vit_ALL,0.7692895339954163,0.1895929933024214,0.5796965406929949
cw_eot,imgnet_deit_FS || imgnet_xception_ALL,0.0351413292589763,0.8265418502202643,-0.791400520961288
cw_eot,imgnet_efficientnetb4_ALL || imgnet_efficientnetb4_EFS,0.7716049382716049,0.9151643690349948,-0.14355943076338984
cw_eot,imgnet_efficientnetb4_ALL || imgnet_efficientnetb4_FE,0.2212014134275618,0.3966065747613997,-0.1754051613338379
cw_eot,imgnet_efficientnetb4_ALL || imgnet_efficientnetb4_FR,0.8441247002398081,0.8568398727465536,-0.012715172506745476
cw_eot,imgnet_efficientnetb4_ALL || imgnet_efficientnetb4_FS,0.6443271767810026,0.940084835630965,-0.2957576588499624
cw_eot,imgnet_efficientnetb4_ALL || imgnet_resnet34_EFS,0.2071778140293637,0.3414634146341463,-0.13428560060478262
cw_eot,imgnet_efficientnetb4_ALL || imgnet_resnet34_FE,0.0137389597644749,0.2036055143160127,-0.1898665545515378
cw_eot,imgnet_efficientnetb4_ALL || imgnet_resnet34_FR,0.2905027932960894,0.556203605514316,-0.2657008122182266
cw_eot,imgnet_efficientnetb4_ALL || imgnet_resnet34_FS,0.2524813895781638,0.3685047720042417,-0.1160233824260779
cw_eot,imgnet_efficientnetb4_ALL || imgnet_swin_EFS,0.0162361623616236,0.5344644750795334,-0.5182283127179098
cw_eot,imgnet_efficientnetb4_ALL || imgnet_swin_FE,0.0117773019271948,0.2264050901378579,-0.21462778821066308
cw_eot,imgnet_efficientnetb4_ALL || imgnet_swin_FR,0.2971342383107089,0.5758218451749735,-0.2786876068642646
cw_eot,imgnet_efficientnetb4_ALL || imgnet_swin_FS,0.4486215538847117,0.5646871686108166,-0.11606561472610488
cw_eot,imgnet_efficientnetb4_ALL || imgnet_vit_EFS,0.0125,0.2433722163308589,-0.2308722163308589
cw_eot,imgnet_efficientnetb4_ALL || imgnet_vit_FE,0.0037735849056603,0.0747613997879109,-0.07098781488225059
cw_eot,imgnet_efficientnetb4_ALL || imgnet_vit_FR,0.1182222222222222,0.3229056203605514,-0.20468339813832923
cw_eot,imgnet_efficientnetb4_ALL || imgnet_vit_FS,0.1090604026845637,0.2704135737009544,-0.16135317101639074
cw_eot,imgnet_efficientnetb4_ALL || imgnet_xception_EFS,0.0701970443349753,0.2910922587486744,-0.22089521441369908
cw_eot,imgnet_efficientnetb4_ALL || imgnet_xception_FE,0.0218373493975903,0.1145281018027571,-0.0926907524051668
cw_eot,imgnet_efficientnetb4_ALL || imgnet_xception_FR,0.1158348736906962,0.4220572640509014,-0.30622239036020515
cw_eot,imgnet_efficientnetb4_ALL || imgnet_xception_FS,0.208803611738149,0.3234358430540827,-0.1146322313159337
cw_eot,imgnet_efficientnetb4_EFS || imgnet_resnet34_ALL,0.0521262002743484,0.7512820512820513,-0.6991558510077028
cw_eot,imgnet_efficientnetb4_EFS || imgnet_swin_ALL,0.9170096021947872,0.1440582959641255,0.7729513062306617
cw_eot,imgnet_efficientnetb4_EFS || imgnet_vit_ALL,0.284636488340192,0.0288511076764554,0.25578538066373663
cw_eot,imgnet_efficientnetb4_EFS || imgnet_xception_ALL,0.149519890260631,0.7158590308370044,-0.5663391405763734
cw_eot,imgnet_efficientnetb4_FE || imgnet_resnet34_ALL,0.023321554770318,0.5884615384615385,-0.5651399836912204
cw_eot,imgnet_efficientnetb4_FE || imgnet_swin_ALL,0.1088339222614841,0.070067264573991,0.0387666576874931
cw_eot,imgnet_efficientnetb4_FE || imgnet_vit_ALL,0.0925795053003533,0.0082431736218444,0.0843363316785089
cw_eot,imgnet_efficientnetb4_FE || imgnet_xception_ALL,0.0954063604240282,0.5754405286343612,-0.48003416821033307
cw_eot,imgnet_efficientnetb4_FR || imgnet_resnet34_ALL,0.2454036770583533,0.7846153846153846,-0.5392117075570313
cw_eot,imgnet_efficientnetb4_FR || imgnet_swin_ALL,0.7521982414068745,0.0952914798206278,0.6569067615862467
cw_eot,imgnet_efficientnetb4_FR || imgnet_vit_ALL,0.3804956035171862,0.0602782071097372,0.320217396407449
cw_eot,imgnet_efficientnetb4_FR || imgnet_xception_ALL,0.3397282174260591,0.6618942731277533,-0.3221660557016942
cw_eot,imgnet_efficientnetb4_FS || imgnet_resnet34_ALL,0.0744063324538258,0.8211538461538461,-0.7467475137000203
cw_eot,imgnet_efficientnetb4_FS || imgnet_swin_ALL,0.3203166226912928,0.2247757847533632,0.09554083793792958
cw_eot,imgnet_efficientnetb4_FS || imgnet_vit_ALL,0.1788918205804749,0.0937660999484801,0.08512572063199479
cw_eot,imgnet_efficientnetb4_FS || imgnet_xception_ALL,0.1440633245382585,0.7731277533039648,-0.6290644287657062
cw_eot,imgnet_resnet34_ALL || imgnet_resnet34_EFS,0.8246329526916802,0.917948717948718,-0.09331576525703777
cw_eot,imgnet_resnet34_ALL || imgnet_resnet34_FE,0.0196270853778213,0.732051282051282,-0.7124241966734607
cw_eot,imgnet_resnet34_ALL || imgnet_resnet34_FR,0.7326416600159616,0.9974358974358974,-0.2647942374199358
cw_eot,imgnet_resnet34_ALL || imgnet_resnet34_FS,0.8275434243176178,0.9134615384615384,-0.08591811414392059
cw_eot,imgnet_resnet34_ALL || imgnet_swin_EFS,0.0214022140221402,0.8782051282051282,-0.856802914182988
cw_eot,imgnet_resnet34_ALL || imgnet_swin_FE,0.0032119914346895,0.6814102564102564,-0.6781982649755669
cw_eot,imgnet_resnet34_ALL || imgnet_swin_FR,0.0656108597285067,0.717948717948718,-0.6523378582202113
cw_eot,imgnet_resnet34_ALL || imgnet_swin_FS,0.181704260651629,0.833974358974359,-0.65227009832273
cw_eot,imgnet_resnet34_ALL || imgnet_vit_EFS,0.0194444444444444,0.7474358974358974,-0.7279914529914531
cw_eot,imgnet_resnet34_ALL || imgnet_vit_FE,0.0018867924528301,0.3096153846153846,-0.30772859216255455
cw_eot,imgnet_resnet34_ALL || imgnet_vit_FR,0.0444444444444444,0.8807692307692307,-0.8363247863247864
cw_eot,imgnet_resnet34_ALL || imgnet_vit_FS,0.0411073825503355,0.6205128205128205,-0.579405437962485
cw_eot,imgnet_resnet34_ALL || imgnet_xception_EFS,0.0689655172413793,0.782051282051282,-0.7130857648099027
cw_eot,imgnet_resnet34_ALL || imgnet_xception_FE,0.0082831325301204,0.4583333333333333,-0.4500502008032129
cw_eot,imgnet_resnet34_ALL || imgnet_xception_FR,0.0184842883548983,0.6993589743589743,-0.680874686004076
cw_eot,imgnet_resnet34_ALL || imgnet_xception_FS,0.1670428893905192,0.6698717948717948,-0.5028289054812756
cw_eot,imgnet_resnet34_EFS || imgnet_swin_ALL,0.8955954323001631,0.1855381165919282,0.7100573157082349
cw_eot,imgnet_resnet34_EFS || imgnet_vit_ALL,0.5195758564437194,0.0216383307573415,0.4979375256863779
cw_eot,imgnet_resnet34_EFS || imgnet_xception_ALL,0.2512234910277324,0.5429515418502202,-0.2917280508224878
cw_eot,imgnet_resnet34_FE || imgnet_swin_ALL,0.029440628066732,0.0493273542600896,-0.0198867261933576
cw_eot,imgnet_resnet34_FE || imgnet_vit_ALL,0.0127576054955839,0.0082431736218444,0.0045144318737395
cw_eot,imgnet_resnet34_FE || imgnet_xception_ALL,0.0206084396467124,0.2786343612334802,-0.2580259215867678
cw_eot,imgnet_resnet34_FR || imgnet_swin_ALL,0.7158818834796489,0.0538116591928251,0.6620702242868237
cw_eot,imgnet_resnet34_FR || imgnet_vit_ALL,0.2928970470869912,0.0309119010819165,0.2619851460050747
cw_eot,imgnet_resnet34_FR || imgnet_xception_ALL,0.0997605746209098,0.7494493392070485,-0.6496887645861387
cw_eot,imgnet_resnet34_FS || imgnet_swin_ALL,0.7599255583126551,0.1552690582959641,0.604656500016691
cw_eot,imgnet_resnet34_FS || imgnet_vit_ALL,0.7301488833746899,0.0494590417310664,0.6806898416436235
cw_eot,imgnet_resnet34_FS || imgnet_xception_ALL,0.2152605459057072,0.5523127753303965,-0.33705222942468926
cw_eot,imgnet_swin_ALL || imgnet_swin_EFS,0.9830258302583026,0.8323991031390134,0.15062672711928915
cw_eot,imgnet_swin_ALL || imgnet_swin_FE,0.1970021413276231,0.3626681614349776,-0.1656660201073545
cw_eot,imgnet_swin_ALL || imgnet_swin_FR,0.9268476621417798,0.9815022421524664,-0.05465458001068657
cw_eot,imgnet_swin_ALL || imgnet_swin_FS,0.981829573934837,0.8262331838565022,0.1555963900783348
cw_eot,imgnet_swin_ALL || imgnet_vit_EFS,0.3611111111111111,0.3110986547085201,0.050012456402591
cw_eot,imgnet_swin_ALL || imgnet_vit_FE,0.000943396226415,0.0364349775784753,-0.035491581352060306
cw_eot,imgnet_swin_ALL || imgnet_vit_FR,0.4951111111111111,0.6238789237668162,-0.12876781265570508
cw_eot,imgnet_swin_ALL || imgnet_vit_FS,0.7407718120805369,0.4624439461883408,0.2783278658921961
cw_eot,imgnet_swin_ALL || imgnet_xception_EFS,0.8509852216748769,0.1468609865470852,0.7041242351277917
cw_eot,imgnet_swin_ALL || imgnet_xception_FE,0.0368975903614457,0.0330717488789237,0.003825841482521998
cw_eot,imgnet_swin_ALL || imgnet_xception_FR,0.2242760320394331,0.0784753363228699,0.1458006957165632
cw_eot,imgnet_swin_ALL || imgnet_xception_FS,0.9452595936794582,0.1894618834080717,0.7557977102713865
cw_eot,imgnet_swin_EFS || imgnet_vit_ALL,0.6915129151291513,0.362699639361154,0.32881327576799724
cw_eot,imgnet_swin_EFS || imgnet_xception_ALL,0.0228782287822878,0.9102422907488988,-0.887364061966611
cw_eot,imgnet_swin_FE || imgnet_vit_ALL,0.0139186295503211,0.0582174137042761,-0.044298784153954995
cw_eot,imgnet_swin_FE || imgnet_xception_ALL,0.0214132762312633,0.6024229074889867,-0.5810096312577234
cw_eot,imgnet_swin_FR || imgnet_vit_ALL,0.6840120663650076,0.4724368882019577,0.21157517816304983
cw_eot,imgnet_swin_FR || imgnet_xception_ALL,0.2413273001508295,0.9620044052863436,-0.7206771051355141
cw_eot,imgnet_swin_FS || imgnet_vit_ALL,0.9298245614035088,0.4070066975785677,0.522817863824941
cw_eot,imgnet_swin_FS || imgnet_xception_ALL,0.3646616541353383,0.8645374449339207,-0.4998757907985824
cw_eot,imgnet_vit_ALL || imgnet_vit_EFS,0.7951388888888888,0.4013395157135497,0.39379937317533914
cw_eot,imgnet_vit_ALL || imgnet_vit_FE,0.0075471698113207,0.04688304997424,-0.0393358801629193
cw_eot,imgnet_vit_ALL || imgnet_vit_FR,0.8604444444444445,0.8892323544564658,-0.0287879100120213
cw_eot,imgnet_vit_ALL || imgnet_vit_FS,0.968959731543624,0.4724368882019577,0.4965228433416663
cw_eot,imgnet_vit_ALL || imgnet_xception_EFS,0.3392857142857143,0.0242143225141679,0.3150713917715464
cw_eot,imgnet_vit_ALL || imgnet_xception_FE,0.0225903614457831,0.0072127769191138,0.015377584526669302
cw_eot,imgnet_vit_ALL || imgnet_xception_FR,0.0770178681454097,0.0139103554868624,0.0631075126585473
cw_eot,imgnet_vit_ALL || imgnet_xception_FS,0.8064334085778782,0.0329726944873776,0.7734607140905005
cw_eot,imgnet_vit_EFS || imgnet_xception_ALL,0.0236111111111111,0.8034140969162996,-0.7798029858051885
cw_eot,imgnet_vit_FE || imgnet_xception_ALL,0.0235849056603773,0.4063876651982379,-0.3828027595378606
cw_eot,imgnet_vit_FR || imgnet_xception_ALL,0.0853333333333333,0.9559471365638766,-0.8706138032305434
cw_eot,imgnet_vit_FS || imgnet_xception_ALL,0.1451342281879194,0.6690528634361234,-0.5239186352482039
cw_eot,imgnet_xception_ALL || imgnet_xception_EFS,0.187807881773399,0.9834801762114538,-0.7956722944380548
cw_eot,imgnet_xception_ALL || imgnet_xception_FE,0.065512048192771,0.6954845814977973,-0.6299725333050263
cw_eot,imgnet_xception_ALL || imgnet_xception_FR,0.277264325323475,0.9273127753303964,-0.6500484500069214
cw_eot,imgnet_xception_ALL || imgnet_xception_FS,0.5609480812641083,0.9465859030837004,-0.38563782181959205
